# MagicaVoxel @ Ephtracy

# group
o 

# material
mtllib 기둥.mtl
usemtl palette

# normals
vn -1 0 0
vn 1 0 0
vn 0 0 1
vn 0 0 -1
vn 0 -1 0
vn 0 1 0

# texcoords
vt 0.849609 0.5
vt 0.869141 0.5
vt 0.958984 0.5

# verts
v -2.8 0 0.5
v -2.8 0 -0.6
v -2.8 0.9 0.0999999
v -2.8 0.9 0
v -2.8 0.9 -0.1
v -2.8 0.9 -0.2
v -2.8 1 0.5
v -2.8 1 0.0999999
v -2.8 1 0
v -2.8 1 -0.1
v -2.8 1 -0.2
v -2.8 1 -0.6
v -2.7 0 0.8
v -2.7 0 0.5
v -2.7 0 -0.6
v -2.7 0 -0.9
v -2.7 0.9 0.0999999
v -2.7 0.9 0
v -2.7 0.9 -0.1
v -2.7 0.9 -0.2
v -2.7 1 0.5
v -2.7 1 0.0999999
v -2.7 1 0
v -2.7 1 -0.1
v -2.7 1 -0.2
v -2.7 1 -0.6
v -2.7 1.1 0.8
v -2.7 1.1 0.5
v -2.7 1.1 0.0999999
v -2.7 1.1 -0.2
v -2.7 1.1 -0.6
v -2.7 1.1 -0.9
v -2.6 0 1.1
v -2.6 0 0.8
v -2.6 0 -0.9
v -2.6 0 -1.2
v -2.6 1 1.1
v -2.6 1 0.8
v -2.6 1 -0.9
v -2.6 1 -1.2
v -2.6 1.1 0.8
v -2.6 1.1 0.5
v -2.6 1.1 -0.6
v -2.6 1.1 -0.9
v -2.6 1.2 0.8
v -2.6 1.2 0.5
v -2.6 1.2 -0.6
v -2.6 1.2 -0.9
v -2.5 0 1.3
v -2.5 0 1.1
v -2.5 0 -1.2
v -2.5 0 -1.4
v -2.5 0.9 1.3
v -2.5 0.9 1.2
v -2.5 0.9 -1.3
v -2.5 0.9 -1.4
v -2.5 1 1.2
v -2.5 1 1.1
v -2.5 1 0.8
v -2.5 1 -0.9
v -2.5 1 -1.2
v -2.5 1 -1.3
v -2.5 1.2 1.1
v -2.5 1.2 0.8
v -2.5 1.2 -0.9
v -2.5 1.2 -1.2
v -2.4 0 1.5
v -2.4 0 1.3
v -2.4 0 -1.4
v -2.4 0 -1.6
v -2.4 0.9 1.5
v -2.4 0.9 1.3
v -2.4 0.9 1.2
v -2.4 0.9 -1.3
v -2.4 0.9 -1.4
v -2.4 0.9 -1.6
v -2.4 1 1.3
v -2.4 1 1.2
v -2.4 1 1.1
v -2.4 1 -1.2
v -2.4 1 -1.3
v -2.4 1 -1.4
v -2.4 1.1 1.2
v -2.4 1.1 1.1
v -2.4 1.1 -1.2
v -2.4 1.1 -1.3
v -2.3 0 1.6
v -2.3 0 1.5
v -2.3 0 -1.6
v -2.3 0 -1.7
v -2.3 0.9 1.6
v -2.3 0.9 1.5
v -2.3 0.9 1.3
v -2.3 0.9 -1.4
v -2.3 0.9 -1.6
v -2.3 0.9 -1.7
v -2.3 1 1.5
v -2.3 1 1.3
v -2.3 1 -1.4
v -2.3 1 -1.6
v -2.2 0 1.7
v -2.2 0 1.6
v -2.2 0 -1.7
v -2.2 0 -1.8
v -2.2 0.9 1.6
v -2.2 0.9 1.5
v -2.2 0.9 -1.6
v -2.2 0.9 -1.7
v -2.2 1 1.7
v -2.2 1 1.6
v -2.2 1 1.5
v -2.2 1 -1.6
v -2.2 1 -1.7
v -2.2 1 -1.8
v -2.1 0 1.8
v -2.1 0 1.7
v -2.1 0 -1.8
v -2.1 0 -1.9
v -2.1 1 1.7
v -2.1 1 1.6
v -2.1 1 -1.7
v -2.1 1 -1.8
v -2.1 1.1 1.8
v -2.1 1.1 1.7
v -2.1 1.1 1.6
v -2.1 1.1 -1.7
v -2.1 1.1 -1.8
v -2.1 1.1 -1.9
v -2 0 1.9
v -2 0 1.8
v -2 0 -1.9
v -2 0 -2
v -2 1.1 1.9
v -2 1.1 1.8
v -2 1.1 1.7
v -2 1.1 -1.8
v -2 1.1 -1.9
v -2 1.1 -2
v -2 1.2 1.8
v -2 1.2 1.7
v -2 1.2 -1.8
v -2 1.2 -1.9
v -1.9 0 2
v -1.9 0 1.9
v -1.9 0 1.8
v -1.9 0 1.7
v -1.9 0 -1.8
v -1.9 0 -1.9
v -1.9 0 -2
v -1.9 0 -2.1
v -1.9 1 1.8
v -1.9 1 1.7
v -1.9 1 -1.8
v -1.9 1 -1.9
v -1.9 1.1 2
v -1.9 1.1 1.9
v -1.9 1.1 1.8
v -1.9 1.1 -1.9
v -1.9 1.1 -2
v -1.9 1.1 -2.1
v -1.9 1.2 1.9
v -1.9 1.2 1.8
v -1.9 1.2 -1.9
v -1.9 1.2 -2
v -1.8 0 2.1
v -1.8 0 2
v -1.8 0 -2.1
v -1.8 0 -2.2
v -1.8 1 2.1
v -1.8 1 2
v -1.8 1 -2.1
v -1.8 1 -2.2
v -1.7 0 2.2
v -1.7 0 2.1
v -1.7 0 -2.2
v -1.7 0 -2.3
v -1.7 0.9 2.2
v -1.7 0.9 2.1
v -1.7 0.9 -2.2
v -1.7 0.9 -2.3
v -1.6 0 2.3
v -1.6 0 2.2
v -1.6 0 -2.3
v -1.6 0 -2.4
v -1.6 0.9 2.3
v -1.6 0.9 2.2
v -1.6 0.9 2.1
v -1.6 0.9 -2.2
v -1.6 0.9 -2.3
v -1.6 0.9 -2.4
v -1.6 1 2.2
v -1.6 1 2.1
v -1.6 1 -2.2
v -1.6 1 -2.3
v -1.4 0 2.4
v -1.4 0 2.3
v -1.4 0 -2.4
v -1.4 0 -2.5
v -1.4 0.9 2.4
v -1.4 0.9 2.3
v -1.4 0.9 2.2
v -1.4 0.9 -2.3
v -1.4 0.9 -2.4
v -1.4 0.9 -2.5
v -1.4 1 2.3
v -1.4 1 2.2
v -1.4 1 -2.3
v -1.4 1 -2.4
v -1.3 0.9 2.4
v -1.3 0.9 2.3
v -1.3 0.9 -2.4
v -1.3 0.9 -2.5
v -1.3 1 2.4
v -1.3 1 2.3
v -1.3 1 2.2
v -1.3 1 -2.3
v -1.3 1 -2.4
v -1.3 1 -2.5
v -1.3 1.1 2.3
v -1.3 1.1 2.2
v -1.3 1.1 -2.3
v -1.3 1.1 -2.4
v -1.2 0 2.5
v -1.2 0 2.4
v -1.2 0 -2.5
v -1.2 0 -2.6
v -1.2 1 2.5
v -1.2 1 2.4
v -1.2 1 2.3
v -1.2 1 -2.4
v -1.2 1 -2.5
v -1.2 1 -2.6
v -1.2 1.1 2.3
v -1.2 1.1 -2.4
v -1.2 1.2 2.4
v -1.2 1.2 2.3
v -1.2 1.2 -2.4
v -1.2 1.2 -2.5
v -0.9 0 2.6
v -0.9 0 2.5
v -0.9 0 -2.6
v -0.9 0 -2.7
v -0.9 1 2.5
v -0.9 1 2.4
v -0.9 1 -2.5
v -0.9 1 -2.6
v -0.9 1.1 2.6
v -0.9 1.1 2.5
v -0.9 1.1 -2.6
v -0.9 1.1 -2.7
v -0.9 1.2 2.5
v -0.9 1.2 2.4
v -0.9 1.2 -2.5
v -0.9 1.2 -2.6
v -0.7 0.9 2.5
v -0.7 0.9 2.4
v -0.7 1 2.5
v -0.7 1 2.4
v -0.6 0 2.7
v -0.6 0 2.6
v -0.6 0 -2.7
v -0.6 0 -2.8
v -0.6 1 2.7
v -0.6 1 2.6
v -0.6 1 -2.7
v -0.6 1 -2.8
v -0.3 0.8 2.6
v -0.3 0.8 2.5
v -0.3 0.9 2.6
v -0.3 0.9 2.5
v -0.2 0.8 -2.6
v -0.2 0.8 -2.7
v -0.2 0.9 -2.6
v -0.2 0.9 -2.7
v -0.0999999 0 2.6
v -0.0999999 0 2.5
v -0.0999999 0 -2.6
v -0.0999999 0 -2.7
v -0.0999999 0.8 2.6
v -0.0999999 0.8 2.5
v -0.0999999 0.8 -2.6
v -0.0999999 0.8 -2.7
v -0.0999999 0.9 2.7
v -0.0999999 0.9 2.6
v -0.0999999 0.9 -2.7
v -0.0999999 0.9 -2.8
v -0.0999999 1 2.7
v -0.0999999 1 2.6
v -0.0999999 1 -2.7
v -0.0999999 1 -2.8
v 0.1 0.9 2.7
v 0.1 0.9 2.6
v 0.1 0.9 -2.7
v 0.1 0.9 -2.8
v 0.1 1 2.7
v 0.1 1 2.6
v 0.1 1 2.5
v 0.1 1 -2.7
v 0.1 1 -2.8
v 0.1 1.1 2.6
v 0.1 1.1 2.5
v 0.4 0.8 2.6
v 0.4 0.8 2.5
v 0.4 0.8 -2.6
v 0.4 0.8 -2.7
v 0.4 0.9 2.6
v 0.4 0.9 2.5
v 0.4 0.9 -2.6
v 0.4 0.9 -2.7
v 0.5 0 2.6
v 0.5 0 2.5
v 0.5 0 -2.6
v 0.5 0 -2.7
v 0.5 0.8 2.6
v 0.5 0.8 2.5
v 0.5 0.8 -2.6
v 0.5 0.8 -2.7
v 0.5 0.9 2.5
v 0.5 0.9 2.4
v 0.5 1 -2.5
v 0.5 1 -2.6
v 0.5 1.1 2.5
v 0.5 1.1 -2.6
v 0.5 1.2 2.5
v 0.5 1.2 2.4
v 0.5 1.2 -2.5
v 0.5 1.2 -2.6
v 0.7 0.9 2.5
v 0.7 0.9 2.4
v 0.7 0.9 -2.5
v 0.7 0.9 -2.6
v 0.7 1 2.5
v 0.7 1 2.4
v 0.7 1 -2.5
v 0.7 1 -2.6
v 0.8 0 2.5
v 0.8 0 2.4
v 0.8 0 -2.5
v 0.8 0 -2.6
v 0.8 0.9 2.5
v 0.8 0.9 2.4
v 0.8 0.9 2.3
v 0.8 0.9 -2.4
v 0.8 0.9 -2.5
v 0.8 0.9 -2.6
v 0.8 1.2 2.4
v 0.8 1.2 2.3
v 0.8 1.2 -2.4
v 0.8 1.2 -2.5
v 1.1 0 2.4
v 1.1 0 2.3
v 1.1 0 -2.4
v 1.1 0 -2.5
v 1.1 0.9 2.4
v 1.1 0.9 2.3
v 1.1 0.9 2.2
v 1.1 0.9 -2.3
v 1.1 0.9 -2.4
v 1.1 0.9 -2.5
v 1.1 1.1 2.3
v 1.1 1.1 2.2
v 1.1 1.1 -2.3
v 1.1 1.1 -2.4
v 1.2 0.8 2.3
v 1.2 0.8 2.2
v 1.2 0.8 -2.2
v 1.2 0.8 -2.4
v 1.2 0.9 2.3
v 1.2 0.9 2.2
v 1.2 0.9 -2.2
v 1.2 0.9 -2.3
v 1.2 0.9 -2.4
v 1.3 0 2.3
v 1.3 0 2.2
v 1.3 0 -2.3
v 1.3 0 -2.4
v 1.3 0.8 2.3
v 1.3 0.8 2.2
v 1.3 0.8 2.1
v 1.3 0.8 -2.3
v 1.3 0.8 -2.4
v 1.3 0.9 -2.2
v 1.3 0.9 -2.3
v 1.3 1 2.2
v 1.3 1 2.1
v 1.3 1 -2.2
v 1.3 1 -2.3
v 1.5 0 2.2
v 1.5 0 2.1
v 1.5 0 -2.2
v 1.5 0 -2.3
v 1.5 0.8 2.2
v 1.5 0.8 2.1
v 1.5 0.8 -2.1
v 1.5 0.8 -2.2
v 1.5 0.8 -2.3
v 1.5 0.9 2.1
v 1.5 0.9 2
v 1.5 1 2.1
v 1.5 1 2
v 1.5 1 -2.1
v 1.5 1 -2.2
v 1.6 0 2.1
v 1.6 0 2
v 1.6 0 -2.1
v 1.6 0 -2.2
v 1.6 0.8 -2.1
v 1.6 0.8 -2.2
v 1.6 0.9 2.1
v 1.6 0.9 2
v 1.6 0.9 1.9
v 1.6 0.9 -2
v 1.6 0.9 -2.1
v 1.6 1 2
v 1.6 1 -2.1
v 1.6 1.1 2
v 1.6 1.1 1.9
v 1.6 1.1 -2
v 1.6 1.1 -2.1
v 1.7 0 2
v 1.7 0 1.9
v 1.7 0 1.8
v 1.7 0 1.7
v 1.7 0 -1.8
v 1.7 0 -1.9
v 1.7 0 -2
v 1.7 0 -2.1
v 1.7 0.9 2
v 1.7 0.9 1.9
v 1.7 0.9 -2
v 1.7 0.9 -2.1
v 1.7 1 1.9
v 1.7 1 1.8
v 1.7 1 -1.8
v 1.7 1 -1.9
v 1.7 1 -2
v 1.7 1.1 1.9
v 1.7 1.1 1.8
v 1.7 1.1 1.7
v 1.7 1.1 -2
v 1.7 1.2 1.9
v 1.7 1.2 1.8
v 1.7 1.2 -1.9
v 1.7 1.2 -2
v 1.8 0 1.9
v 1.8 0 1.8
v 1.8 0 -1.9
v 1.8 0 -2
v 1.8 1 1.9
v 1.8 1 1.8
v 1.8 1 -1.7
v 1.8 1 -1.8
v 1.8 1 -1.9
v 1.8 1 -2
v 1.8 1.1 1.8
v 1.8 1.1 1.7
v 1.8 1.1 -1.7
v 1.8 1.1 -1.8
v 1.8 1.2 1.8
v 1.8 1.2 1.7
v 1.8 1.2 -1.8
v 1.8 1.2 -1.9
v 1.9 0 1.8
v 1.9 0 1.7
v 1.9 0 -1.8
v 1.9 0 -1.9
v 1.9 0.9 1.7
v 1.9 0.9 1.5
v 1.9 0.9 -1.6
v 1.9 0.9 -1.8
v 1.9 1 1.8
v 1.9 1 1.7
v 1.9 1 1.6
v 1.9 1 1.5
v 1.9 1 -1.7
v 1.9 1 -1.8
v 1.9 1 -1.9
v 1.9 1.1 1.7
v 1.9 1.1 1.6
v 1.9 1.1 -1.6
v 1.9 1.1 -1.7
v 2 0 1.7
v 2 0 1.6
v 2 0 -1.7
v 2 0 -1.8
v 2 0.8 1.6
v 2 0.8 1.5
v 2 0.8 -1.6
v 2 0.8 -1.7
v 2 0.9 1.7
v 2 0.9 1.6
v 2 0.9 1.5
v 2 0.9 -1.6
v 2 0.9 -1.7
v 2 0.9 -1.8
v 2 1 -1.5
v 2 1 -1.6
v 2 1.1 -1.5
v 2 1.1 -1.6
v 2.1 0 1.6
v 2.1 0 1.5
v 2.1 0 -1.6
v 2.1 0 -1.7
v 2.1 0.8 1.6
v 2.1 0.8 1.5
v 2.1 0.8 1.3
v 2.1 0.8 -1.4
v 2.1 0.8 -1.6
v 2.1 0.8 -1.7
v 2.1 1 1.5
v 2.1 1 1.3
v 2.1 1 -1.4
v 2.1 1 -1.5
v 2.1 1 -1.6
v 2.2 0 1.5
v 2.2 0 1.3
v 2.2 0 -1.4
v 2.2 0 -1.6
v 2.2 0.8 1.5
v 2.2 0.8 1.3
v 2.2 0.8 1.2
v 2.2 0.8 -1.3
v 2.2 0.8 -1.4
v 2.2 0.8 -1.6
v 2.2 0.9 1.2
v 2.2 0.9 1.1
v 2.2 0.9 -1.2
v 2.2 0.9 -1.3
v 2.2 1 1.3
v 2.2 1 1.2
v 2.2 1 -1.3
v 2.2 1 -1.4
v 2.2 1.1 1.2
v 2.2 1.1 1.1
v 2.2 1.1 -1.2
v 2.2 1.1 -1.3
v 2.3 0 1.3
v 2.3 0 1.1
v 2.3 0 -1.2
v 2.3 0 -1.4
v 2.3 0.8 1.3
v 2.3 0.8 1.2
v 2.3 0.8 -1.3
v 2.3 0.8 -1.4
v 2.3 0.9 1.2
v 2.3 0.9 1.1
v 2.3 0.9 0.8
v 2.3 0.9 -0.9
v 2.3 0.9 -1.2
v 2.3 0.9 -1.3
v 2.3 1.1 1.1
v 2.3 1.1 -1.2
v 2.3 1.2 1.1
v 2.3 1.2 0.8
v 2.3 1.2 -0.9
v 2.3 1.2 -1.2
v 2.4 0 1.1
v 2.4 0 0.8
v 2.4 0 -0.9
v 2.4 0 -1.2
v 2.4 0.9 1.1
v 2.4 0.9 0.8
v 2.4 0.9 0.7
v 2.4 0.9 -0.8
v 2.4 0.9 -0.9
v 2.4 0.9 -1.2
v 2.4 1 0.7
v 2.4 1 0.5
v 2.4 1 -0.6
v 2.4 1 -0.8
v 2.4 1.2 0.8
v 2.4 1.2 0.5
v 2.4 1.2 -0.6
v 2.4 1.2 -0.9
v 2.5 0 0.8
v 2.5 0 0.5
v 2.5 0 0
v 2.5 0 -0.1
v 2.5 0 -0.6
v 2.5 0 -0.9
v 2.5 0.8 0.5
v 2.5 0.8 0.4
v 2.5 0.8 0.2
v 2.5 0.8 0
v 2.5 0.8 -0.1
v 2.5 0.8 -0.3
v 2.5 0.8 -0.5
v 2.5 0.8 -0.6
v 2.5 0.9 0.8
v 2.5 0.9 0.7
v 2.5 0.9 0.4
v 2.5 0.9 0.2
v 2.5 0.9 -0.3
v 2.5 0.9 -0.5
v 2.5 0.9 -0.8
v 2.5 0.9 -0.9
v 2.5 1 0.7
v 2.5 1 0.5
v 2.5 1 -0.6
v 2.5 1 -0.8
v 2.5 1.1 0.5
v 2.5 1.1 -0.6
v 2.6 0 0.5
v 2.6 0 0
v 2.6 0 -0.1
v 2.6 0 -0.6
v 2.6 0.8 0.5
v 2.6 0.8 0.4
v 2.6 0.8 0.2
v 2.6 0.8 0
v 2.6 0.8 -0.1
v 2.6 0.8 -0.3
v 2.6 0.8 -0.5
v 2.6 0.8 -0.6
v 2.6 0.9 0.4
v 2.6 0.9 0.2
v 2.6 0.9 -0.3
v 2.6 0.9 -0.5
v -2.7 0 0.5
v -2.7 0 0
v -2.7 0 -0.1
v -2.7 0 -0.6
v -2.7 0.8 0.5
v -2.7 0.8 0.4
v -2.7 0.8 0.2
v -2.7 0.8 0
v -2.7 0.8 -0.1
v -2.7 0.8 -0.3
v -2.7 0.8 -0.4
v -2.7 0.8 -0.5
v -2.7 0.9 0.4
v -2.7 0.9 0.2
v -2.7 0.9 -0.3
v -2.7 0.9 -0.4
v -2.7 0.9 -0.5
v -2.7 0.9 -0.6
v -2.6 0 0.8
v -2.6 0 0.5
v -2.6 0 0
v -2.6 0 -0.1
v -2.6 0 -0.6
v -2.6 0 -0.9
v -2.6 0.8 0.5
v -2.6 0.8 0.4
v -2.6 0.8 0.2
v -2.6 0.8 0
v -2.6 0.8 -0.1
v -2.6 0.8 -0.3
v -2.6 0.8 -0.4
v -2.6 0.8 -0.5
v -2.6 0.9 0.8
v -2.6 0.9 0.7
v -2.6 0.9 0.4
v -2.6 0.9 0.2
v -2.6 0.9 -0.3
v -2.6 0.9 -0.4
v -2.6 0.9 -0.5
v -2.6 0.9 -0.6
v -2.6 0.9 -0.8
v -2.6 0.9 -0.9
v -2.6 1 0.7
v -2.6 1 0.5
v -2.6 1 0.0999999
v -2.6 1 -0.2
v -2.6 1 -0.6
v -2.6 1 -0.8
v -2.6 1.1 0.5
v -2.6 1.1 0.0999999
v -2.6 1.1 -0.2
v -2.6 1.1 -0.6
v -2.5 0 1.1
v -2.5 0 0.8
v -2.5 0 -0.9
v -2.5 0 -1.2
v -2.5 0.9 1.1
v -2.5 0.9 0.8
v -2.5 0.9 0.7
v -2.5 0.9 -0.8
v -2.5 0.9 -0.9
v -2.5 0.9 -1.2
v -2.5 1 0.7
v -2.5 1 0.5
v -2.5 1 -0.6
v -2.5 1 -0.8
v -2.5 1.2 0.8
v -2.5 1.2 0.5
v -2.5 1.2 -0.6
v -2.5 1.2 -0.9
v -2.4 0 1.3
v -2.4 0 1.1
v -2.4 0 -1.2
v -2.4 0 -1.4
v -2.4 0.8 1.3
v -2.4 0.8 1.2
v -2.4 0.8 -1.3
v -2.4 0.8 -1.4
v -2.4 0.9 1.2
v -2.4 0.9 1.1
v -2.4 0.9 0.8
v -2.4 0.9 -0.9
v -2.4 0.9 -1.2
v -2.4 0.9 -1.3
v -2.4 1.1 1.1
v -2.4 1.1 -1.2
v -2.4 1.2 1.1
v -2.4 1.2 0.8
v -2.4 1.2 -0.9
v -2.4 1.2 -1.2
v -2.3 0 1.5
v -2.3 0 1.3
v -2.3 0 -1.4
v -2.3 0 -1.6
v -2.3 0.8 1.5
v -2.3 0.8 1.3
v -2.3 0.8 1.2
v -2.3 0.8 -1.3
v -2.3 0.8 -1.4
v -2.3 0.8 -1.6
v -2.3 0.9 1.2
v -2.3 0.9 1.1
v -2.3 0.9 -1.2
v -2.3 0.9 -1.3
v -2.3 1 1.3
v -2.3 1 1.2
v -2.3 1 -1.3
v -2.3 1 -1.4
v -2.3 1.1 1.2
v -2.3 1.1 1.1
v -2.3 1.1 -1.2
v -2.3 1.1 -1.3
v -2.2 0 1.6
v -2.2 0 1.5
v -2.2 0 -1.6
v -2.2 0 -1.7
v -2.2 0.8 1.5
v -2.2 0.8 1.3
v -2.2 0.8 -1.4
v -2.2 0.8 -1.6
v -2.2 0.8 -1.7
v -2.2 0.9 1.6
v -2.2 0.9 1.5
v -2.2 1 1.5
v -2.2 1 1.3
v -2.2 1 -1.4
v -2.2 1 -1.6
v -2.1 0 1.7
v -2.1 0 1.6
v -2.1 0 -1.7
v -2.1 0 -1.8
v -2.1 0.8 -1.6
v -2.1 0.8 -1.7
v -2.1 0.9 1.7
v -2.1 0.9 1.6
v -2.1 0.9 1.5
v -2.1 0.9 -1.7
v -2.1 0.9 -1.8
v -2.1 1 1.6
v -2.1 1 1.5
v -2.1 1 -1.6
v -2.1 1 -1.7
v -2 0 1.8
v -2 0 1.7
v -2 0 -1.8
v -2 0 -1.9
v -2 0.9 1.7
v -2 0.9 1.6
v -2 0.9 -1.7
v -2 0.9 -1.8
v -2 1 1.8
v -2 1 1.7
v -2 1 1.6
v -2 1 -1.8
v -2 1 -1.9
v -2 1.1 -1.7
v -2 1.1 -1.8
v -1.9 0 1.9
v -1.9 0 1.8
v -1.9 0 -1.9
v -1.9 0 -2
v -1.9 1 1.9
v -1.9 1 1.8
v -1.9 1 1.7
v -1.9 1 1.6
v -1.9 1 -1.8
v -1.9 1 -1.9
v -1.9 1 -2
v -1.9 1.1 1.7
v -1.9 1.1 1.6
v -1.9 1.2 1.8
v -1.9 1.2 1.7
v -1.9 1.2 -1.8
v -1.9 1.2 -1.9
v -1.8 0 2
v -1.8 0 1.9
v -1.8 0 1.8
v -1.8 0 1.7
v -1.8 0 -1.8
v -1.8 0 -1.9
v -1.8 0 -2
v -1.8 0 -2.1
v -1.8 0.8 -2
v -1.8 0.8 -2.1
v -1.8 0.9 2
v -1.8 0.9 1.9
v -1.8 1 1.9
v -1.8 1 1.8
v -1.8 1 1.7
v -1.8 1 -1.8
v -1.8 1 -1.9
v -1.8 1 -2
v -1.8 1.1 1.9
v -1.8 1.1 -2
v -1.8 1.2 1.9
v -1.8 1.2 1.8
v -1.8 1.2 -1.9
v -1.8 1.2 -2
v -1.7 0 2.1
v -1.7 0 2
v -1.7 0 -2.1
v -1.7 0 -2.2
v -1.7 0.8 2.1
v -1.7 0.8 2
v -1.7 0.8 -2
v -1.7 0.8 -2.1
v -1.7 0.8 -2.2
v -1.7 0.9 2
v -1.7 0.9 1.9
v -1.7 1 2
v -1.7 1 -2.1
v -1.7 1.1 2
v -1.7 1.1 1.9
v -1.7 1.1 -2
v -1.7 1.1 -2.1
v -1.6 0 2.2
v -1.6 0 2.1
v -1.6 0 -2.2
v -1.6 0 -2.3
v -1.6 0.8 2.2
v -1.6 0.8 2.1
v -1.6 0.8 2
v -1.6 0.8 -2.1
v -1.6 0.8 -2.2
v -1.6 0.8 -2.3
v -1.6 1 2.1
v -1.6 1 2
v -1.6 1 -2.1
v -1.6 1 -2.2
v -1.4 0 2.3
v -1.4 0 2.2
v -1.4 0 -2.3
v -1.4 0 -2.4
v -1.4 0.8 2.3
v -1.4 0.8 2.2
v -1.4 0.8 2.1
v -1.4 0.8 -2.2
v -1.4 0.8 -2.3
v -1.4 0.8 -2.4
v -1.4 1 2.2
v -1.4 1 2.1
v -1.4 1 -2.2
v -1.4 1 -2.3
v -1.3 0.8 2.3
v -1.3 0.8 2.2
v -1.3 0.8 -2.3
v -1.3 0.8 -2.4
v -1.3 0.9 2.3
v -1.3 0.9 2.2
v -1.3 0.9 -2.3
v -1.3 0.9 -2.4
v -1.2 0 2.4
v -1.2 0 2.3
v -1.2 0 -2.4
v -1.2 0 -2.5
v -1.2 0.9 2.4
v -1.2 0.9 2.3
v -1.2 0.9 2.2
v -1.2 0.9 -2.3
v -1.2 0.9 -2.4
v -1.2 0.9 -2.5
v -1.2 1.1 2.3
v -1.2 1.1 2.2
v -1.2 1.1 -2.3
v -1.2 1.1 -2.4
v -0.9 0 2.5
v -0.9 0 2.4
v -0.9 0 -2.5
v -0.9 0 -2.6
v -0.9 0.9 2.5
v -0.9 0.9 2.4
v -0.9 0.9 2.3
v -0.9 0.9 -2.4
v -0.9 0.9 -2.5
v -0.9 0.9 -2.6
v -0.9 1.2 2.4
v -0.9 1.2 2.3
v -0.9 1.2 -2.4
v -0.9 1.2 -2.5
v -0.8 0.9 2.5
v -0.8 0.9 2.4
v -0.8 0.9 -2.5
v -0.8 0.9 -2.6
v -0.8 1 2.5
v -0.8 1 2.4
v -0.8 1 -2.5
v -0.8 1 -2.6
v -0.6 0 2.6
v -0.6 0 2.5
v -0.6 0 -2.6
v -0.6 0 -2.7
v -0.6 0.8 2.6
v -0.6 0.8 2.5
v -0.6 0.8 -2.6
v -0.6 0.8 -2.7
v -0.6 0.9 2.5
v -0.6 0.9 2.4
v -0.6 1 -2.5
v -0.6 1 -2.6
v -0.6 1.1 2.5
v -0.6 1.1 -2.6
v -0.6 1.2 2.5
v -0.6 1.2 2.4
v -0.6 1.2 -2.5
v -0.6 1.2 -2.6
v -0.5 0.8 2.6
v -0.5 0.8 2.5
v -0.5 0.8 -2.6
v -0.5 0.8 -2.7
v -0.5 0.9 2.6
v -0.5 0.9 2.5
v -0.5 0.9 -2.6
v -0.5 0.9 -2.7
v -0.2 0.9 2.7
v -0.2 0.9 2.6
v -0.2 0.9 -2.7
v -0.2 0.9 -2.8
v -0.2 1 2.7
v -0.2 1 2.6
v -0.2 1 2.5
v -0.2 1 -2.7
v -0.2 1 -2.8
v -0.2 1.1 2.6
v -0.2 1.1 2.5
v 2.38419e-07 0 2.6
v 2.38419e-07 0 2.5
v 2.38419e-07 0 -2.6
v 2.38419e-07 0 -2.7
v 2.38419e-07 0.8 2.6
v 2.38419e-07 0.8 2.5
v 2.38419e-07 0.8 -2.6
v 2.38419e-07 0.8 -2.7
v 2.38419e-07 0.9 2.7
v 2.38419e-07 0.9 2.6
v 2.38419e-07 0.9 -2.7
v 2.38419e-07 0.9 -2.8
v 2.38419e-07 1 2.7
v 2.38419e-07 1 2.6
v 2.38419e-07 1 -2.7
v 2.38419e-07 1 -2.8
v 0.1 0.8 -2.6
v 0.1 0.8 -2.7
v 0.1 0.9 -2.6
v 0.1 0.9 -2.7
v 0.2 0.8 2.6
v 0.2 0.8 2.5
v 0.2 0.9 2.6
v 0.2 0.9 2.5
v 0.5 0 2.7
v 0.5 0 2.6
v 0.5 0 -2.7
v 0.5 0 -2.8
v 0.5 1 2.7
v 0.5 1 2.6
v 0.5 1 -2.7
v 0.5 1 -2.8
v 0.6 0.9 2.5
v 0.6 0.9 2.4
v 0.6 1 2.5
v 0.6 1 2.4
v 0.8 0 2.6
v 0.8 0 2.5
v 0.8 0 -2.6
v 0.8 0 -2.7
v 0.8 1 2.5
v 0.8 1 2.4
v 0.8 1 -2.5
v 0.8 1 -2.6
v 0.8 1.1 2.6
v 0.8 1.1 2.5
v 0.8 1.1 -2.6
v 0.8 1.1 -2.7
v 0.8 1.2 2.5
v 0.8 1.2 2.4
v 0.8 1.2 -2.5
v 0.8 1.2 -2.6
v 1.1 0 2.5
v 1.1 0 2.4
v 1.1 0 -2.5
v 1.1 0 -2.6
v 1.1 1 2.5
v 1.1 1 2.4
v 1.1 1 2.3
v 1.1 1 -2.4
v 1.1 1 -2.5
v 1.1 1 -2.6
v 1.1 1.1 2.3
v 1.1 1.1 -2.4
v 1.1 1.2 2.4
v 1.1 1.2 2.3
v 1.1 1.2 -2.4
v 1.1 1.2 -2.5
v 1.2 0.9 2.4
v 1.2 0.9 2.3
v 1.2 0.9 -2.4
v 1.2 0.9 -2.5
v 1.2 1 2.4
v 1.2 1 2.3
v 1.2 1 2.2
v 1.2 1 -2.3
v 1.2 1 -2.4
v 1.2 1 -2.5
v 1.2 1.1 2.3
v 1.2 1.1 2.2
v 1.2 1.1 -2.3
v 1.2 1.1 -2.4
v 1.3 0 2.4
v 1.3 0 2.3
v 1.3 0 -2.4
v 1.3 0 -2.5
v 1.3 0.9 2.4
v 1.3 0.9 2.3
v 1.3 0.9 2.2
v 1.3 0.9 -2.3
v 1.3 0.9 -2.4
v 1.3 0.9 -2.5
v 1.3 1 2.3
v 1.3 1 2.2
v 1.3 1 -2.3
v 1.3 1 -2.4
v 1.5 0 2.3
v 1.5 0 2.2
v 1.5 0 -2.3
v 1.5 0 -2.4
v 1.5 0.9 2.3
v 1.5 0.9 2.2
v 1.5 0.9 2.1
v 1.5 0.9 -2.2
v 1.5 0.9 -2.3
v 1.5 0.9 -2.4
v 1.5 1 2.2
v 1.5 1 2.1
v 1.5 1 -2.2
v 1.5 1 -2.3
v 1.6 0 2.2
v 1.6 0 2.1
v 1.6 0 -2.2
v 1.6 0 -2.3
v 1.6 0.9 2.2
v 1.6 0.9 2.1
v 1.6 0.9 -2.2
v 1.6 0.9 -2.3
v 1.7 0 2.1
v 1.7 0 2
v 1.7 0 -2.1
v 1.7 0 -2.2
v 1.7 1 2.1
v 1.7 1 2
v 1.7 1 -2.1
v 1.7 1 -2.2
v 1.8 0 2
v 1.8 0 1.9
v 1.8 0 1.8
v 1.8 0 1.7
v 1.8 0 -1.8
v 1.8 0 -1.9
v 1.8 0 -2
v 1.8 0 -2.1
v 1.8 1 1.8
v 1.8 1 1.7
v 1.8 1 -1.8
v 1.8 1 -1.9
v 1.8 1.1 2
v 1.8 1.1 1.9
v 1.8 1.1 1.8
v 1.8 1.1 -1.9
v 1.8 1.1 -2
v 1.8 1.1 -2.1
v 1.8 1.2 1.9
v 1.8 1.2 1.8
v 1.8 1.2 -1.9
v 1.8 1.2 -2
v 1.9 0 1.9
v 1.9 0 1.8
v 1.9 0 -1.9
v 1.9 0 -2
v 1.9 1.1 1.9
v 1.9 1.1 1.8
v 1.9 1.1 1.7
v 1.9 1.1 -1.8
v 1.9 1.1 -1.9
v 1.9 1.1 -2
v 1.9 1.2 1.8
v 1.9 1.2 1.7
v 1.9 1.2 -1.8
v 1.9 1.2 -1.9
v 2 0 1.8
v 2 0 1.7
v 2 0 -1.8
v 2 0 -1.9
v 2 1 1.7
v 2 1 1.6
v 2 1 -1.6
v 2 1 -1.7
v 2 1 -1.8
v 2 1.1 1.8
v 2 1.1 1.7
v 2 1.1 1.6
v 2 1.1 -1.6
v 2 1.1 -1.8
v 2 1.1 -1.9
v 2.1 0 1.7
v 2.1 0 1.6
v 2.1 0 -1.7
v 2.1 0 -1.8
v 2.1 0.9 1.6
v 2.1 0.9 1.5
v 2.1 0.9 -1.6
v 2.1 0.9 -1.7
v 2.1 1 1.7
v 2.1 1 1.6
v 2.1 1 1.5
v 2.1 1 -1.5
v 2.1 1 -1.6
v 2.1 1 -1.7
v 2.1 1 -1.8
v 2.1 1.1 -1.5
v 2.1 1.1 -1.6
v 2.2 0 1.6
v 2.2 0 1.5
v 2.2 0 -1.6
v 2.2 0 -1.7
v 2.2 0.9 1.6
v 2.2 0.9 1.5
v 2.2 0.9 1.3
v 2.2 0.9 -1.4
v 2.2 0.9 -1.6
v 2.2 0.9 -1.7
v 2.2 1 1.5
v 2.2 1 1.3
v 2.2 1 -1.4
v 2.2 1 -1.6
v 2.3 0 1.5
v 2.3 0 1.3
v 2.3 0 -1.4
v 2.3 0 -1.6
v 2.3 0.9 1.5
v 2.3 0.9 1.3
v 2.3 0.9 1.2
v 2.3 0.9 -1.3
v 2.3 0.9 -1.4
v 2.3 0.9 -1.6
v 2.3 1 1.3
v 2.3 1 1.2
v 2.3 1 1.1
v 2.3 1 -1.2
v 2.3 1 -1.3
v 2.3 1 -1.4
v 2.3 1.1 1.2
v 2.3 1.1 1.1
v 2.3 1.1 -1.2
v 2.3 1.1 -1.3
v 2.4 0 1.3
v 2.4 0 1.1
v 2.4 0 -1.2
v 2.4 0 -1.4
v 2.4 0.9 1.3
v 2.4 0.9 1.2
v 2.4 0.9 -1.3
v 2.4 0.9 -1.4
v 2.4 1 1.2
v 2.4 1 1.1
v 2.4 1 0.8
v 2.4 1 -0.9
v 2.4 1 -1.2
v 2.4 1 -1.3
v 2.4 1.2 1.1
v 2.4 1.2 0.8
v 2.4 1.2 -0.9
v 2.4 1.2 -1.2
v 2.5 0 1.1
v 2.5 0 0.8
v 2.5 0 -0.9
v 2.5 0 -1.2
v 2.5 1 1.1
v 2.5 1 0.8
v 2.5 1 -0.9
v 2.5 1 -1.2
v 2.5 1.1 0.8
v 2.5 1.1 0.5
v 2.5 1.1 -0.6
v 2.5 1.1 -0.9
v 2.5 1.2 0.8
v 2.5 1.2 0.5
v 2.5 1.2 -0.6
v 2.5 1.2 -0.9
v 2.6 0 0.8
v 2.6 0 0.5
v 2.6 0 -0.6
v 2.6 0 -0.9
v 2.6 0.9 0.0999999
v 2.6 0.9 0
v 2.6 0.9 -0.1
v 2.6 0.9 -0.2
v 2.6 1 0.5
v 2.6 1 0.0999999
v 2.6 1 0
v 2.6 1 -0.1
v 2.6 1 -0.2
v 2.6 1 -0.6
v 2.6 1.1 0.8
v 2.6 1.1 0.5
v 2.6 1.1 -0.6
v 2.6 1.1 -0.9
v 2.7 0 0.5
v 2.7 0 -0.6
v 2.7 0.9 0.0999999
v 2.7 0.9 0
v 2.7 0.9 -0.1
v 2.7 0.9 -0.2
v 2.7 1 0.5
v 2.7 1 0.0999999
v 2.7 1 0
v 2.7 1 -0.1
v 2.7 1 -0.2
v 2.7 1 -0.6
v -0.6 0 2.7
v -0.6 1 2.7
v -0.2 0.9 2.7
v -0.2 1 2.7
v -0.0999999 0.9 2.7
v -0.0999999 1 2.7
v 2.38419e-07 0.9 2.7
v 2.38419e-07 1 2.7
v 0.1 0.9 2.7
v 0.1 1 2.7
v 0.5 0 2.7
v 0.5 1 2.7
v -0.9 0 2.6
v -0.9 1.1 2.6
v -0.6 0 2.6
v -0.6 1 2.6
v -0.6 1.1 2.6
v -0.2 0.9 2.6
v -0.2 1 2.6
v -0.2 1.1 2.6
v -0.0999999 0.9 2.6
v -0.0999999 1 2.6
v 2.38419e-07 0.9 2.6
v 2.38419e-07 1 2.6
v 0.1 0.9 2.6
v 0.1 1 2.6
v 0.1 1.1 2.6
v 0.5 0 2.6
v 0.5 1 2.6
v 0.5 1.1 2.6
v 0.8 0 2.6
v 0.8 1.1 2.6
v -1.2 0 2.5
v -1.2 1 2.5
v -0.9 0 2.5
v -0.9 1 2.5
v -0.9 1.1 2.5
v -0.9 1.2 2.5
v -0.6 1.1 2.5
v -0.6 1.2 2.5
v 0.5 1.1 2.5
v 0.5 1.2 2.5
v 0.8 0 2.5
v 0.8 1 2.5
v 0.8 1.1 2.5
v 0.8 1.2 2.5
v 1.1 0 2.5
v 1.1 1 2.5
v -1.4 0 2.4
v -1.4 0.9 2.4
v -1.3 0.9 2.4
v -1.3 1 2.4
v -1.2 0 2.4
v -1.2 1 2.4
v -1.2 1.2 2.4
v -0.9 1 2.4
v -0.9 1.2 2.4
v 0.8 1 2.4
v 0.8 1.2 2.4
v 1.1 0 2.4
v 1.1 1 2.4
v 1.1 1.2 2.4
v 1.2 0.9 2.4
v 1.2 1 2.4
v 1.3 0 2.4
v 1.3 0.9 2.4
v -1.6 0 2.3
v -1.6 0.9 2.3
v -1.4 0 2.3
v -1.4 0.9 2.3
v -1.4 1 2.3
v -1.3 0.9 2.3
v -1.3 1 2.3
v -1.3 1.1 2.3
v -1.2 1 2.3
v -1.2 1.1 2.3
v 1.1 1 2.3
v 1.1 1.1 2.3
v 1.2 0.9 2.3
v 1.2 1 2.3
v 1.2 1.1 2.3
v 1.3 0 2.3
v 1.3 0.9 2.3
v 1.3 1 2.3
v 1.5 0 2.3
v 1.5 0.9 2.3
v -1.7 0 2.2
v -1.7 0.9 2.2
v -1.6 0 2.2
v -1.6 0.9 2.2
v -1.6 1 2.2
v -1.4 0.9 2.2
v -1.4 1 2.2
v 1.3 0.9 2.2
v 1.3 1 2.2
v 1.5 0 2.2
v 1.5 0.9 2.2
v 1.5 1 2.2
v 1.6 0 2.2
v 1.6 0.9 2.2
v -1.8 0 2.1
v -1.8 1 2.1
v -1.7 0 2.1
v -1.7 0.9 2.1
v -1.7 1 2.1
v -1.6 0.9 2.1
v -1.6 1 2.1
v 1.5 0.9 2.1
v 1.5 1 2.1
v 1.6 0 2.1
v 1.6 0.9 2.1
v 1.6 1 2.1
v 1.7 0 2.1
v 1.7 1 2.1
v -1.9 0 2
v -1.9 1.1 2
v -1.8 0 2
v -1.8 1 2
v -1.8 1.1 2
v -1.7 1 2
v -1.7 1.1 2
v 1.6 1 2
v 1.6 1.1 2
v 1.7 0 2
v 1.7 1 2
v 1.7 1.1 2
v 1.8 0 2
v 1.8 1.1 2
v -2 0 1.9
v -2 1.1 1.9
v -1.9 0 1.9
v -1.9 1.1 1.9
v -1.9 1.2 1.9
v -1.8 1.1 1.9
v -1.8 1.2 1.9
v 1.7 1.1 1.9
v 1.7 1.2 1.9
v 1.8 0 1.9
v 1.8 1.1 1.9
v 1.8 1.2 1.9
v 1.9 0 1.9
v 1.9 1.1 1.9
v -2.1 0 1.8
v -2.1 1.1 1.8
v -2 0 1.8
v -2 1.1 1.8
v -2 1.2 1.8
v -1.9 0 1.8
v -1.9 1 1.8
v -1.9 1.1 1.8
v -1.9 1.2 1.8
v -1.8 0 1.8
v -1.8 1 1.8
v 1.7 0 1.8
v 1.7 1 1.8
v 1.8 0 1.8
v 1.8 1 1.8
v 1.8 1.1 1.8
v 1.8 1.2 1.8
v 1.9 0 1.8
v 1.9 1.1 1.8
v 1.9 1.2 1.8
v 2 0 1.8
v 2 1.1 1.8
v -2.2 0 1.7
v -2.2 1 1.7
v -2.1 0 1.7
v -2.1 1 1.7
v 2 0 1.7
v 2 1 1.7
v 2.1 0 1.7
v 2.1 1 1.7
v -2.3 0 1.6
v -2.3 0.9 1.6
v -2.2 0 1.6
v -2.2 0.9 1.6
v 2.1 0 1.6
v 2.1 0.9 1.6
v 2.2 0 1.6
v 2.2 0.9 1.6
v -2.4 0 1.5
v -2.4 0.9 1.5
v -2.3 0 1.5
v -2.3 0.9 1.5
v -2.3 1 1.5
v -2.2 0.9 1.5
v -2.2 1 1.5
v 2.1 0.9 1.5
v 2.1 1 1.5
v 2.2 0 1.5
v 2.2 0.9 1.5
v 2.2 1 1.5
v 2.3 0 1.5
v 2.3 0.9 1.5
v -2.5 0 1.3
v -2.5 0.9 1.3
v -2.4 0 1.3
v -2.4 0.9 1.3
v -2.4 1 1.3
v -2.3 0.9 1.3
v -2.3 1 1.3
v 2.2 0.9 1.3
v 2.2 1 1.3
v 2.3 0 1.3
v 2.3 0.9 1.3
v 2.3 1 1.3
v 2.4 0 1.3
v 2.4 0.9 1.3
v -2.5 0.9 1.2
v -2.5 1 1.2
v -2.4 0.9 1.2
v -2.4 1 1.2
v -2.4 1.1 1.2
v -2.3 1 1.2
v -2.3 1.1 1.2
v 2.2 1 1.2
v 2.2 1.1 1.2
v 2.3 0.9 1.2
v 2.3 1 1.2
v 2.3 1.1 1.2
v 2.4 0.9 1.2
v 2.4 1 1.2
v -2.6 0 1.1
v -2.6 1 1.1
v -2.5 0 1.1
v -2.5 1 1.1
v -2.5 1.2 1.1
v -2.4 1 1.1
v -2.4 1.1 1.1
v -2.4 1.2 1.1
v 2.3 1 1.1
v 2.3 1.1 1.1
v 2.3 1.2 1.1
v 2.4 0 1.1
v 2.4 1 1.1
v 2.4 1.2 1.1
v 2.5 0 1.1
v 2.5 1 1.1
v -2.7 0 0.8
v -2.7 1.1 0.8
v -2.6 0 0.8
v -2.6 1 0.8
v -2.6 1.1 0.8
v -2.6 1.2 0.8
v -2.5 1 0.8
v -2.5 1.2 0.8
v 2.4 1 0.8
v 2.4 1.2 0.8
v 2.5 0 0.8
v 2.5 1 0.8
v 2.5 1.1 0.8
v 2.5 1.2 0.8
v 2.6 0 0.8
v 2.6 1.1 0.8
v -2.8 0 0.5
v -2.8 1 0.5
v -2.7 0 0.5
v -2.7 1 0.5
v 2.6 0 0.5
v 2.6 1 0.5
v 2.7 0 0.5
v 2.7 1 0.5
v -2.7 0.8 0.2
v -2.7 0.9 0.2
v -2.6 0.8 0.2
v -2.6 0.9 0.2
v 2.5 0.8 0.2
v 2.5 0.9 0.2
v 2.6 0.8 0.2
v 2.6 0.9 0.2
v -2.8 0.9 0
v -2.8 1 0
v -2.7 0 0
v -2.7 0.8 0
v -2.7 0.9 0
v -2.7 1 0
v -2.6 0 0
v -2.6 0.8 0
v 2.5 0 0
v 2.5 0.8 0
v 2.6 0 0
v 2.6 0.8 0
v 2.6 0.9 0
v 2.6 1 0
v 2.7 0.9 0
v 2.7 1 0
v -2.8 0.9 -0.2
v -2.8 1 -0.2
v -2.7 0.9 -0.2
v -2.7 1 -0.2
v -2.7 1.1 -0.2
v -2.6 1 -0.2
v -2.6 1.1 -0.2
v 2.6 0.9 -0.2
v 2.6 1 -0.2
v 2.7 0.9 -0.2
v 2.7 1 -0.2
v -2.7 0.8 -0.4
v -2.7 0.9 -0.4
v -2.6 0.8 -0.4
v -2.6 0.9 -0.4
v 2.5 0.8 -0.5
v 2.5 0.9 -0.5
v 2.6 0.8 -0.5
v 2.6 0.9 -0.5
v -2.7 0 -0.6
v -2.7 0.9 -0.6
v -2.6 0 -0.6
v -2.6 0.9 -0.6
v -2.6 1 -0.6
v -2.6 1.1 -0.6
v -2.6 1.2 -0.6
v -2.5 1 -0.6
v -2.5 1.2 -0.6
v 2.4 1 -0.6
v 2.4 1.2 -0.6
v 2.5 0 -0.6
v 2.5 0.8 -0.6
v 2.5 1 -0.6
v 2.5 1.1 -0.6
v 2.5 1.2 -0.6
v 2.6 0 -0.6
v 2.6 0.8 -0.6
v -2.6 0.9 -0.8
v -2.6 1 -0.8
v -2.5 0.9 -0.8
v -2.5 1 -0.8
v 2.4 0.9 -0.8
v 2.4 1 -0.8
v 2.5 0.9 -0.8
v 2.5 1 -0.8
v -2.6 0 -0.9
v -2.6 0.9 -0.9
v -2.5 0 -0.9
v -2.5 0.9 -0.9
v -2.5 1.2 -0.9
v -2.4 0.9 -0.9
v -2.4 1.2 -0.9
v 2.3 0.9 -0.9
v 2.3 1.2 -0.9
v 2.4 0 -0.9
v 2.4 0.9 -0.9
v 2.4 1.2 -0.9
v 2.5 0 -0.9
v 2.5 0.9 -0.9
v -2.5 0 -1.2
v -2.5 0.9 -1.2
v -2.4 0 -1.2
v -2.4 0.9 -1.2
v -2.4 1.1 -1.2
v -2.3 0.9 -1.2
v -2.3 1.1 -1.2
v 2.2 0.9 -1.2
v 2.2 1.1 -1.2
v 2.3 0 -1.2
v 2.3 0.9 -1.2
v 2.3 1.1 -1.2
v 2.4 0 -1.2
v 2.4 0.9 -1.2
v -2.4 0.8 -1.3
v -2.4 0.9 -1.3
v -2.3 0.8 -1.3
v -2.3 0.9 -1.3
v 2.2 0.8 -1.3
v 2.2 0.9 -1.3
v 2.3 0.8 -1.3
v 2.3 0.9 -1.3
v -2.4 0 -1.4
v -2.4 0.8 -1.4
v -2.3 0 -1.4
v -2.3 0.8 -1.4
v -2.3 1 -1.4
v -2.2 0.8 -1.4
v -2.2 1 -1.4
v 2.1 0.8 -1.4
v 2.1 1 -1.4
v 2.2 0 -1.4
v 2.2 0.8 -1.4
v 2.2 1 -1.4
v 2.3 0 -1.4
v 2.3 0.8 -1.4
v 2 1 -1.5
v 2 1.1 -1.5
v 2.1 1 -1.5
v 2.1 1.1 -1.5
v -2.3 0 -1.6
v -2.3 0.8 -1.6
v -2.2 0 -1.6
v -2.2 0.8 -1.6
v -2.2 1 -1.6
v -2.1 0.8 -1.6
v -2.1 1 -1.6
v 1.9 0.9 -1.6
v 1.9 1.1 -1.6
v 2 0.8 -1.6
v 2 0.9 -1.6
v 2 1 -1.6
v 2 1.1 -1.6
v 2.1 0 -1.6
v 2.1 0.8 -1.6
v 2.1 1 -1.6
v 2.2 0 -1.6
v 2.2 0.8 -1.6
v -2.2 0 -1.7
v -2.2 0.8 -1.7
v -2.1 0 -1.7
v -2.1 0.8 -1.7
v -2.1 0.9 -1.7
v -2.1 1 -1.7
v -2.1 1.1 -1.7
v -2 0.9 -1.7
v -2 1.1 -1.7
v 1.8 1 -1.7
v 1.8 1.1 -1.7
v 1.9 1 -1.7
v 1.9 1.1 -1.7
v 2 0 -1.7
v 2 0.8 -1.7
v 2.1 0 -1.7
v 2.1 0.8 -1.7
v -2.1 0 -1.8
v -2.1 0.9 -1.8
v -2 0 -1.8
v -2 0.9 -1.8
v -2 1 -1.8
v -2 1.1 -1.8
v -2 1.2 -1.8
v -1.9 0 -1.8
v -1.9 1 -1.8
v -1.9 1.2 -1.8
v -1.8 0 -1.8
v -1.8 1 -1.8
v 1.7 0 -1.8
v 1.7 1 -1.8
v 1.8 0 -1.8
v 1.8 1 -1.8
v 1.8 1.1 -1.8
v 1.8 1.2 -1.8
v 1.9 0 -1.8
v 1.9 0.9 -1.8
v 1.9 1.1 -1.8
v 1.9 1.2 -1.8
v 2 0 -1.8
v 2 0.9 -1.8
v -2 0 -1.9
v -2 1 -1.9
v -1.9 0 -1.9
v -1.9 1 -1.9
v -1.9 1.2 -1.9
v -1.8 1 -1.9
v -1.8 1.2 -1.9
v 1.7 1 -1.9
v 1.7 1.2 -1.9
v 1.8 0 -1.9
v 1.8 1 -1.9
v 1.8 1.2 -1.9
v 1.9 0 -1.9
v 1.9 1 -1.9
v -1.9 0 -2
v -1.9 1 -2
v -1.8 0 -2
v -1.8 0.8 -2
v -1.8 1 -2
v -1.8 1.1 -2
v -1.7 0.8 -2
v -1.7 1.1 -2
v 1.6 0.9 -2
v 1.6 1.1 -2
v 1.7 0 -2
v 1.7 0.9 -2
v 1.7 1 -2
v 1.7 1.1 -2
v 1.8 0 -2
v 1.8 1 -2
v -1.8 0 -2.1
v -1.8 0.8 -2.1
v -1.7 0 -2.1
v -1.7 0.8 -2.1
v -1.7 1 -2.1
v -1.6 0.8 -2.1
v -1.6 1 -2.1
v 1.5 0.8 -2.1
v 1.5 1 -2.1
v 1.6 0 -2.1
v 1.6 0.8 -2.1
v 1.6 0.9 -2.1
v 1.6 1 -2.1
v 1.7 0 -2.1
v 1.7 0.9 -2.1
v -1.7 0 -2.2
v -1.7 0.8 -2.2
v -1.6 0 -2.2
v -1.6 0.8 -2.2
v -1.6 1 -2.2
v -1.4 0.8 -2.2
v -1.4 1 -2.2
v 1.2 0.8 -2.2
v 1.2 0.9 -2.2
v 1.3 0.9 -2.2
v 1.3 1 -2.2
v 1.5 0 -2.2
v 1.5 0.8 -2.2
v 1.5 1 -2.2
v 1.6 0 -2.2
v 1.6 0.8 -2.2
v -1.6 0 -2.3
v -1.6 0.8 -2.3
v -1.4 0 -2.3
v -1.4 0.8 -2.3
v -1.4 1 -2.3
v -1.3 0.8 -2.3
v -1.3 0.9 -2.3
v -1.3 1 -2.3
v -1.3 1.1 -2.3
v -1.2 0.9 -2.3
v -1.2 1.1 -2.3
v 1.1 0.9 -2.3
v 1.1 1.1 -2.3
v 1.2 0.9 -2.3
v 1.2 1 -2.3
v 1.2 1.1 -2.3
v 1.3 0 -2.3
v 1.3 0.8 -2.3
v 1.3 0.9 -2.3
v 1.3 1 -2.3
v 1.5 0 -2.3
v 1.5 0.8 -2.3
v -1.4 0 -2.4
v -1.4 0.8 -2.4
v -1.3 0.8 -2.4
v -1.3 0.9 -2.4
v -1.2 0 -2.4
v -1.2 0.9 -2.4
v -1.2 1.1 -2.4
v -1.2 1.2 -2.4
v -0.9 0.9 -2.4
v -0.9 1.2 -2.4
v 0.8 0.9 -2.4
v 0.8 1.2 -2.4
v 1.1 0 -2.4
v 1.1 0.9 -2.4
v 1.1 1.1 -2.4
v 1.1 1.2 -2.4
v 1.2 0.8 -2.4
v 1.2 0.9 -2.4
v 1.3 0 -2.4
v 1.3 0.8 -2.4
v -1.2 0 -2.5
v -1.2 0.9 -2.5
v -0.9 0 -2.5
v -0.9 0.9 -2.5
v -0.9 1.2 -2.5
v -0.8 0.9 -2.5
v -0.8 1 -2.5
v -0.6 1 -2.5
v -0.6 1.2 -2.5
v 0.5 1 -2.5
v 0.5 1.2 -2.5
v 0.7 0.9 -2.5
v 0.7 1 -2.5
v 0.8 0 -2.5
v 0.8 0.9 -2.5
v 0.8 1.2 -2.5
v 1.1 0 -2.5
v 1.1 0.9 -2.5
v -0.9 0 -2.6
v -0.9 0.9 -2.6
v -0.8 0.9 -2.6
v -0.8 1 -2.6
v -0.6 0 -2.6
v -0.6 0.8 -2.6
v -0.6 1 -2.6
v -0.6 1.1 -2.6
v -0.5 0.8 -2.6
v -0.5 0.9 -2.6
v -0.2 0.8 -2.6
v -0.2 0.9 -2.6
v -0.0999999 0 -2.6
v -0.0999999 0.8 -2.6
v 2.38419e-07 0 -2.6
v 2.38419e-07 0.8 -2.6
v 0.1 0.8 -2.6
v 0.1 0.9 -2.6
v 0.4 0.8 -2.6
v 0.4 0.9 -2.6
v 0.5 0 -2.6
v 0.5 0.8 -2.6
v 0.5 1 -2.6
v 0.5 1.1 -2.6
v 0.7 0.9 -2.6
v 0.7 1 -2.6
v 0.8 0 -2.6
v 0.8 0.9 -2.6
v -0.6 0 -2.7
v -0.6 0.8 -2.7
v -0.5 0.8 -2.7
v -0.5 0.9 -2.7
v -0.2 0.8 -2.7
v -0.2 0.9 -2.7
v -0.0999999 0 -2.7
v -0.0999999 0.8 -2.7
v 2.38419e-07 0 -2.7
v 2.38419e-07 0.8 -2.7
v 0.1 0.8 -2.7
v 0.1 0.9 -2.7
v 0.4 0.8 -2.7
v 0.4 0.9 -2.7
v 0.5 0 -2.7
v 0.5 0.8 -2.7
v -0.6 0 2.6
v -0.6 0.8 2.6
v -0.5 0.8 2.6
v -0.5 0.9 2.6
v -0.3 0.8 2.6
v -0.3 0.9 2.6
v -0.0999999 0 2.6
v -0.0999999 0.8 2.6
v 2.38419e-07 0 2.6
v 2.38419e-07 0.8 2.6
v 0.2 0.8 2.6
v 0.2 0.9 2.6
v 0.4 0.8 2.6
v 0.4 0.9 2.6
v 0.5 0 2.6
v 0.5 0.8 2.6
v -0.9 0 2.5
v -0.9 0.9 2.5
v -0.8 0.9 2.5
v -0.8 1 2.5
v -0.7 0.9 2.5
v -0.7 1 2.5
v -0.6 0 2.5
v -0.6 0.8 2.5
v -0.6 0.9 2.5
v -0.6 1.1 2.5
v -0.5 0.8 2.5
v -0.5 0.9 2.5
v -0.3 0.8 2.5
v -0.3 0.9 2.5
v -0.2 1 2.5
v -0.2 1.1 2.5
v -0.0999999 0 2.5
v -0.0999999 0.8 2.5
v 2.38419e-07 0 2.5
v 2.38419e-07 0.8 2.5
v 0.1 1 2.5
v 0.1 1.1 2.5
v 0.2 0.8 2.5
v 0.2 0.9 2.5
v 0.4 0.8 2.5
v 0.4 0.9 2.5
v 0.5 0 2.5
v 0.5 0.8 2.5
v 0.5 0.9 2.5
v 0.5 1.1 2.5
v 0.6 0.9 2.5
v 0.6 1 2.5
v 0.7 0.9 2.5
v 0.7 1 2.5
v 0.8 0 2.5
v 0.8 0.9 2.5
v -1.2 0 2.4
v -1.2 0.9 2.4
v -0.9 0 2.4
v -0.9 0.9 2.4
v -0.9 1.2 2.4
v -0.8 0.9 2.4
v -0.8 1 2.4
v -0.7 0.9 2.4
v -0.7 1 2.4
v -0.6 0.9 2.4
v -0.6 1.2 2.4
v 0.5 0.9 2.4
v 0.5 1.2 2.4
v 0.6 0.9 2.4
v 0.6 1 2.4
v 0.7 0.9 2.4
v 0.7 1 2.4
v 0.8 0 2.4
v 0.8 0.9 2.4
v 0.8 1.2 2.4
v 1.1 0 2.4
v 1.1 0.9 2.4
v -1.4 0 2.3
v -1.4 0.8 2.3
v -1.3 0.8 2.3
v -1.3 0.9 2.3
v -1.2 0 2.3
v -1.2 0.9 2.3
v -1.2 1.1 2.3
v -1.2 1.2 2.3
v -0.9 0.9 2.3
v -0.9 1.2 2.3
v 0.8 0.9 2.3
v 0.8 1.2 2.3
v 1.1 0 2.3
v 1.1 0.9 2.3
v 1.1 1.1 2.3
v 1.1 1.2 2.3
v 1.2 0.8 2.3
v 1.2 0.9 2.3
v 1.3 0 2.3
v 1.3 0.8 2.3
v -1.6 0 2.2
v -1.6 0.8 2.2
v -1.4 0 2.2
v -1.4 0.8 2.2
v -1.4 1 2.2
v -1.3 0.8 2.2
v -1.3 0.9 2.2
v -1.3 1 2.2
v -1.3 1.1 2.2
v -1.2 0.9 2.2
v -1.2 1.1 2.2
v 1.1 0.9 2.2
v 1.1 1.1 2.2
v 1.2 0.8 2.2
v 1.2 0.9 2.2
v 1.2 1 2.2
v 1.2 1.1 2.2
v 1.3 0 2.2
v 1.3 0.8 2.2
v 1.3 1 2.2
v 1.5 0 2.2
v 1.5 0.8 2.2
v -1.7 0 2.1
v -1.7 0.8 2.1
v -1.6 0 2.1
v -1.6 0.8 2.1
v -1.6 1 2.1
v -1.4 0.8 2.1
v -1.4 1 2.1
v 1.3 0.8 2.1
v 1.3 1 2.1
v 1.5 0 2.1
v 1.5 0.8 2.1
v 1.5 0.9 2.1
v 1.5 1 2.1
v 1.6 0 2.1
v 1.6 0.9 2.1
v -1.8 0 2
v -1.8 0.9 2
v -1.7 0 2
v -1.7 0.8 2
v -1.7 0.9 2
v -1.7 1 2
v -1.6 0.8 2
v -1.6 1 2
v 1.5 0.9 2
v 1.5 1 2
v 1.6 0 2
v 1.6 0.9 2
v 1.6 1 2
v 1.7 0 2
v 1.7 0.9 2
v -1.9 0 1.9
v -1.9 1 1.9
v -1.8 0 1.9
v -1.8 0.9 1.9
v -1.8 1 1.9
v -1.8 1.1 1.9
v -1.7 0.9 1.9
v -1.7 1.1 1.9
v 1.6 0.9 1.9
v 1.6 1.1 1.9
v 1.7 0 1.9
v 1.7 0.9 1.9
v 1.7 1 1.9
v 1.7 1.1 1.9
v 1.8 0 1.9
v 1.8 1 1.9
v -2 0 1.8
v -2 1 1.8
v -1.9 0 1.8
v -1.9 1 1.8
v -1.9 1.2 1.8
v -1.8 1 1.8
v -1.8 1.2 1.8
v 1.7 1.1 1.8
v 1.7 1.2 1.8
v 1.8 0 1.8
v 1.8 1 1.8
v 1.8 1.1 1.8
v 1.8 1.2 1.8
v 1.9 0 1.8
v 1.9 1 1.8
v -2.1 0 1.7
v -2.1 0.9 1.7
v -2 0 1.7
v -2 0.9 1.7
v -2 1.1 1.7
v -2 1.2 1.7
v -1.9 0 1.7
v -1.9 1 1.7
v -1.9 1.1 1.7
v -1.9 1.2 1.7
v -1.8 0 1.7
v -1.8 1 1.7
v 1.7 0 1.7
v 1.7 1.1 1.7
v 1.8 0 1.7
v 1.8 1 1.7
v 1.8 1.1 1.7
v 1.8 1.2 1.7
v 1.9 0 1.7
v 1.9 0.9 1.7
v 1.9 1 1.7
v 1.9 1.1 1.7
v 1.9 1.2 1.7
v 2 0 1.7
v 2 0.9 1.7
v -2.2 0 1.6
v -2.2 0.9 1.6
v -2.1 0 1.6
v -2.1 0.9 1.6
v -2.1 1 1.6
v -2.1 1.1 1.6
v -2 0.9 1.6
v -2 1 1.6
v -1.9 1 1.6
v -1.9 1.1 1.6
v 1.9 1 1.6
v 1.9 1.1 1.6
v 2 0 1.6
v 2 0.8 1.6
v 2 1 1.6
v 2 1.1 1.6
v 2.1 0 1.6
v 2.1 0.8 1.6
v -2.3 0 1.5
v -2.3 0.8 1.5
v -2.2 0 1.5
v -2.2 0.8 1.5
v -2.2 0.9 1.5
v -2.2 1 1.5
v -2.1 0.9 1.5
v -2.1 1 1.5
v 1.9 0.9 1.5
v 1.9 1 1.5
v 2 0.8 1.5
v 2 0.9 1.5
v 2.1 0 1.5
v 2.1 0.8 1.5
v 2.1 1 1.5
v 2.2 0 1.5
v 2.2 0.8 1.5
v -2.4 0 1.3
v -2.4 0.8 1.3
v -2.3 0 1.3
v -2.3 0.8 1.3
v -2.3 1 1.3
v -2.2 0.8 1.3
v -2.2 1 1.3
v 2.1 0.8 1.3
v 2.1 1 1.3
v 2.2 0 1.3
v 2.2 0.8 1.3
v 2.2 1 1.3
v 2.3 0 1.3
v 2.3 0.8 1.3
v -2.4 0.8 1.2
v -2.4 0.9 1.2
v -2.3 0.8 1.2
v -2.3 0.9 1.2
v 2.2 0.8 1.2
v 2.2 0.9 1.2
v 2.3 0.8 1.2
v 2.3 0.9 1.2
v -2.5 0 1.1
v -2.5 0.9 1.1
v -2.4 0 1.1
v -2.4 0.9 1.1
v -2.4 1.1 1.1
v -2.3 0.9 1.1
v -2.3 1.1 1.1
v 2.2 0.9 1.1
v 2.2 1.1 1.1
v 2.3 0 1.1
v 2.3 0.9 1.1
v 2.3 1.1 1.1
v 2.4 0 1.1
v 2.4 0.9 1.1
v -2.6 0 0.8
v -2.6 0.9 0.8
v -2.5 0 0.8
v -2.5 0.9 0.8
v -2.5 1.2 0.8
v -2.4 0.9 0.8
v -2.4 1.2 0.8
v 2.3 0.9 0.8
v 2.3 1.2 0.8
v 2.4 0 0.8
v 2.4 0.9 0.8
v 2.4 1.2 0.8
v 2.5 0 0.8
v 2.5 0.9 0.8
v -2.6 0.9 0.7
v -2.6 1 0.7
v -2.5 0.9 0.7
v -2.5 1 0.7
v 2.4 0.9 0.7
v 2.4 1 0.7
v 2.5 0.9 0.7
v 2.5 1 0.7
v -2.7 0 0.5
v -2.7 0.8 0.5
v -2.6 0 0.5
v -2.6 0.8 0.5
v -2.6 1 0.5
v -2.6 1.1 0.5
v -2.6 1.2 0.5
v -2.5 1 0.5
v -2.5 1.2 0.5
v 2.4 1 0.5
v 2.4 1.2 0.5
v 2.5 0 0.5
v 2.5 0.8 0.5
v 2.5 1 0.5
v 2.5 1.1 0.5
v 2.5 1.2 0.5
v 2.6 0 0.5
v 2.6 0.8 0.5
v -2.7 0.8 0.4
v -2.7 0.9 0.4
v -2.6 0.8 0.4
v -2.6 0.9 0.4
v 2.5 0.8 0.4
v 2.5 0.9 0.4
v 2.6 0.8 0.4
v 2.6 0.9 0.4
v -2.8 0.9 0.0999999
v -2.8 1 0.0999999
v -2.7 0.9 0.0999999
v -2.7 1 0.0999999
v -2.7 1.1 0.0999999
v -2.6 1 0.0999999
v -2.6 1.1 0.0999999
v 2.6 0.9 0.0999999
v 2.6 1 0.0999999
v 2.7 0.9 0.0999999
v 2.7 1 0.0999999
v -2.8 0.9 -0.1
v -2.8 1 -0.1
v -2.7 0 -0.1
v -2.7 0.8 -0.1
v -2.7 0.9 -0.1
v -2.7 1 -0.1
v -2.6 0 -0.1
v -2.6 0.8 -0.1
v 2.5 0 -0.1
v 2.5 0.8 -0.1
v 2.6 0 -0.1
v 2.6 0.8 -0.1
v 2.6 0.9 -0.1
v 2.6 1 -0.1
v 2.7 0.9 -0.1
v 2.7 1 -0.1
v -2.7 0.8 -0.3
v -2.7 0.9 -0.3
v -2.6 0.8 -0.3
v -2.6 0.9 -0.3
v 2.5 0.8 -0.3
v 2.5 0.9 -0.3
v 2.6 0.8 -0.3
v 2.6 0.9 -0.3
v -2.7 0.8 -0.5
v -2.7 0.9 -0.5
v -2.6 0.8 -0.5
v -2.6 0.9 -0.5
v -2.8 0 -0.6
v -2.8 1 -0.6
v -2.7 0 -0.6
v -2.7 1 -0.6
v 2.6 0 -0.6
v 2.6 1 -0.6
v 2.7 0 -0.6
v 2.7 1 -0.6
v -2.7 0 -0.9
v -2.7 1.1 -0.9
v -2.6 0 -0.9
v -2.6 1 -0.9
v -2.6 1.1 -0.9
v -2.6 1.2 -0.9
v -2.5 1 -0.9
v -2.5 1.2 -0.9
v 2.4 1 -0.9
v 2.4 1.2 -0.9
v 2.5 0 -0.9
v 2.5 1 -0.9
v 2.5 1.1 -0.9
v 2.5 1.2 -0.9
v 2.6 0 -0.9
v 2.6 1.1 -0.9
v -2.6 0 -1.2
v -2.6 1 -1.2
v -2.5 0 -1.2
v -2.5 1 -1.2
v -2.5 1.2 -1.2
v -2.4 1 -1.2
v -2.4 1.1 -1.2
v -2.4 1.2 -1.2
v 2.3 1 -1.2
v 2.3 1.1 -1.2
v 2.3 1.2 -1.2
v 2.4 0 -1.2
v 2.4 1 -1.2
v 2.4 1.2 -1.2
v 2.5 0 -1.2
v 2.5 1 -1.2
v -2.5 0.9 -1.3
v -2.5 1 -1.3
v -2.4 0.9 -1.3
v -2.4 1 -1.3
v -2.4 1.1 -1.3
v -2.3 1 -1.3
v -2.3 1.1 -1.3
v 2.2 1 -1.3
v 2.2 1.1 -1.3
v 2.3 0.9 -1.3
v 2.3 1 -1.3
v 2.3 1.1 -1.3
v 2.4 0.9 -1.3
v 2.4 1 -1.3
v -2.5 0 -1.4
v -2.5 0.9 -1.4
v -2.4 0 -1.4
v -2.4 0.9 -1.4
v -2.4 1 -1.4
v -2.3 0.9 -1.4
v -2.3 1 -1.4
v 2.2 0.9 -1.4
v 2.2 1 -1.4
v 2.3 0 -1.4
v 2.3 0.9 -1.4
v 2.3 1 -1.4
v 2.4 0 -1.4
v 2.4 0.9 -1.4
v -2.4 0 -1.6
v -2.4 0.9 -1.6
v -2.3 0 -1.6
v -2.3 0.9 -1.6
v -2.3 1 -1.6
v -2.2 0.9 -1.6
v -2.2 1 -1.6
v 2 1 -1.6
v 2 1.1 -1.6
v 2.1 0.9 -1.6
v 2.1 1 -1.6
v 2.1 1.1 -1.6
v 2.2 0 -1.6
v 2.2 0.9 -1.6
v 2.2 1 -1.6
v 2.3 0 -1.6
v 2.3 0.9 -1.6
v -2.3 0 -1.7
v -2.3 0.9 -1.7
v -2.2 0 -1.7
v -2.2 0.9 -1.7
v 2.1 0 -1.7
v 2.1 0.9 -1.7
v 2.2 0 -1.7
v 2.2 0.9 -1.7
v -2.2 0 -1.8
v -2.2 1 -1.8
v -2.1 0 -1.8
v -2.1 1 -1.8
v 2 0 -1.8
v 2 1 -1.8
v 2.1 0 -1.8
v 2.1 1 -1.8
v -2.1 0 -1.9
v -2.1 1.1 -1.9
v -2 0 -1.9
v -2 1.1 -1.9
v -2 1.2 -1.9
v -1.9 0 -1.9
v -1.9 1 -1.9
v -1.9 1.1 -1.9
v -1.9 1.2 -1.9
v -1.8 0 -1.9
v -1.8 1 -1.9
v 1.7 0 -1.9
v 1.7 1 -1.9
v 1.8 0 -1.9
v 1.8 1 -1.9
v 1.8 1.1 -1.9
v 1.8 1.2 -1.9
v 1.9 0 -1.9
v 1.9 1.1 -1.9
v 1.9 1.2 -1.9
v 2 0 -1.9
v 2 1.1 -1.9
v -2 0 -2
v -2 1.1 -2
v -1.9 0 -2
v -1.9 1.1 -2
v -1.9 1.2 -2
v -1.8 1.1 -2
v -1.8 1.2 -2
v 1.7 1.1 -2
v 1.7 1.2 -2
v 1.8 0 -2
v 1.8 1.1 -2
v 1.8 1.2 -2
v 1.9 0 -2
v 1.9 1.1 -2
v -1.9 0 -2.1
v -1.9 1.1 -2.1
v -1.8 0 -2.1
v -1.8 1 -2.1
v -1.8 1.1 -2.1
v -1.7 1 -2.1
v -1.7 1.1 -2.1
v 1.6 1 -2.1
v 1.6 1.1 -2.1
v 1.7 0 -2.1
v 1.7 1 -2.1
v 1.7 1.1 -2.1
v 1.8 0 -2.1
v 1.8 1.1 -2.1
v -1.8 0 -2.2
v -1.8 1 -2.2
v -1.7 0 -2.2
v -1.7 0.9 -2.2
v -1.7 1 -2.2
v -1.6 0.9 -2.2
v -1.6 1 -2.2
v 1.5 0.9 -2.2
v 1.5 1 -2.2
v 1.6 0 -2.2
v 1.6 0.9 -2.2
v 1.6 1 -2.2
v 1.7 0 -2.2
v 1.7 1 -2.2
v -1.7 0 -2.3
v -1.7 0.9 -2.3
v -1.6 0 -2.3
v -1.6 0.9 -2.3
v -1.6 1 -2.3
v -1.4 0.9 -2.3
v -1.4 1 -2.3
v 1.3 0.9 -2.3
v 1.3 1 -2.3
v 1.5 0 -2.3
v 1.5 0.9 -2.3
v 1.5 1 -2.3
v 1.6 0 -2.3
v 1.6 0.9 -2.3
v -1.6 0 -2.4
v -1.6 0.9 -2.4
v -1.4 0 -2.4
v -1.4 0.9 -2.4
v -1.4 1 -2.4
v -1.3 0.9 -2.4
v -1.3 1 -2.4
v -1.3 1.1 -2.4
v -1.2 1 -2.4
v -1.2 1.1 -2.4
v 1.1 1 -2.4
v 1.1 1.1 -2.4
v 1.2 0.9 -2.4
v 1.2 1 -2.4
v 1.2 1.1 -2.4
v 1.3 0 -2.4
v 1.3 0.9 -2.4
v 1.3 1 -2.4
v 1.5 0 -2.4
v 1.5 0.9 -2.4
v -1.4 0 -2.5
v -1.4 0.9 -2.5
v -1.3 0.9 -2.5
v -1.3 1 -2.5
v -1.2 0 -2.5
v -1.2 1 -2.5
v -1.2 1.2 -2.5
v -0.9 1 -2.5
v -0.9 1.2 -2.5
v 0.8 1 -2.5
v 0.8 1.2 -2.5
v 1.1 0 -2.5
v 1.1 1 -2.5
v 1.1 1.2 -2.5
v 1.2 0.9 -2.5
v 1.2 1 -2.5
v 1.3 0 -2.5
v 1.3 0.9 -2.5
v -1.2 0 -2.6
v -1.2 1 -2.6
v -0.9 0 -2.6
v -0.9 1 -2.6
v -0.9 1.1 -2.6
v -0.9 1.2 -2.6
v -0.6 1.1 -2.6
v -0.6 1.2 -2.6
v 0.5 1.1 -2.6
v 0.5 1.2 -2.6
v 0.8 0 -2.6
v 0.8 1 -2.6
v 0.8 1.1 -2.6
v 0.8 1.2 -2.6
v 1.1 0 -2.6
v 1.1 1 -2.6
v -0.9 0 -2.7
v -0.9 1.1 -2.7
v -0.6 0 -2.7
v -0.6 1 -2.7
v -0.6 1.1 -2.7
v -0.2 0.9 -2.7
v -0.2 1 -2.7
v -0.0999999 0.9 -2.7
v -0.0999999 1 -2.7
v 2.38419e-07 0.9 -2.7
v 2.38419e-07 1 -2.7
v 0.1 0.9 -2.7
v 0.1 1 -2.7
v 0.5 0 -2.7
v 0.5 1 -2.7
v 0.5 1.1 -2.7
v 0.8 0 -2.7
v 0.8 1.1 -2.7
v -0.6 0 -2.8
v -0.6 1 -2.8
v -0.2 0.9 -2.8
v -0.2 1 -2.8
v -0.0999999 0.9 -2.8
v -0.0999999 1 -2.8
v 2.38419e-07 0.9 -2.8
v 2.38419e-07 1 -2.8
v 0.1 0.9 -2.8
v 0.1 1 -2.8
v 0.5 0 -2.8
v 0.5 1 -2.8
v -0.6 0 2.7
v 0.5 0 2.7
v -0.9 0 2.6
v -0.6 0 2.6
v -0.0999999 0 2.6
v 2.38419e-07 0 2.6
v 0.5 0 2.6
v 0.8 0 2.6
v -1.2 0 2.5
v -0.9 0 2.5
v -0.6 0 2.5
v -0.0999999 0 2.5
v 2.38419e-07 0 2.5
v 0.5 0 2.5
v 0.8 0 2.5
v 1.1 0 2.5
v -1.4 0 2.4
v -1.2 0 2.4
v -0.9 0 2.4
v 0.8 0 2.4
v 1.1 0 2.4
v 1.3 0 2.4
v -1.6 0 2.3
v -1.4 0 2.3
v -1.2 0 2.3
v 1.1 0 2.3
v 1.3 0 2.3
v 1.5 0 2.3
v -1.7 0 2.2
v -1.6 0 2.2
v -1.4 0 2.2
v 1.3 0 2.2
v 1.5 0 2.2
v 1.6 0 2.2
v -1.8 0 2.1
v -1.7 0 2.1
v -1.6 0 2.1
v 1.5 0 2.1
v 1.6 0 2.1
v 1.7 0 2.1
v -1.9 0 2
v -1.8 0 2
v -1.7 0 2
v 1.6 0 2
v 1.7 0 2
v 1.8 0 2
v -2 0 1.9
v -1.9 0 1.9
v -1.8 0 1.9
v 1.7 0 1.9
v 1.8 0 1.9
v 1.9 0 1.9
v -2.1 0 1.8
v -2 0 1.8
v -1.9 0 1.8
v -1.8 0 1.8
v 1.7 0 1.8
v 1.8 0 1.8
v 1.9 0 1.8
v 2 0 1.8
v -2.2 0 1.7
v -2.1 0 1.7
v -2 0 1.7
v -1.9 0 1.7
v -1.8 0 1.7
v 1.7 0 1.7
v 1.8 0 1.7
v 1.9 0 1.7
v 2 0 1.7
v 2.1 0 1.7
v -2.3 0 1.6
v -2.2 0 1.6
v -2.1 0 1.6
v 2 0 1.6
v 2.1 0 1.6
v 2.2 0 1.6
v -2.4 0 1.5
v -2.3 0 1.5
v -2.2 0 1.5
v 2.1 0 1.5
v 2.2 0 1.5
v 2.3 0 1.5
v -2.5 0 1.3
v -2.4 0 1.3
v -2.3 0 1.3
v 2.2 0 1.3
v 2.3 0 1.3
v 2.4 0 1.3
v -2.6 0 1.1
v -2.5 0 1.1
v -2.4 0 1.1
v 2.3 0 1.1
v 2.4 0 1.1
v 2.5 0 1.1
v -2.7 0 0.8
v -2.6 0 0.8
v -2.5 0 0.8
v 2.4 0 0.8
v 2.5 0 0.8
v 2.6 0 0.8
v -2.8 0 0.5
v -2.7 0 0.5
v -2.6 0 0.5
v 2.5 0 0.5
v 2.6 0 0.5
v 2.7 0 0.5
v -2.7 0 0
v -2.6 0 0
v 2.5 0 0
v 2.6 0 0
v -2.7 0 -0.1
v -2.6 0 -0.1
v 2.5 0 -0.1
v 2.6 0 -0.1
v -2.8 0 -0.6
v -2.7 0 -0.6
v -2.6 0 -0.6
v 2.5 0 -0.6
v 2.6 0 -0.6
v 2.7 0 -0.6
v -2.7 0 -0.9
v -2.6 0 -0.9
v -2.5 0 -0.9
v 2.4 0 -0.9
v 2.5 0 -0.9
v 2.6 0 -0.9
v -2.6 0 -1.2
v -2.5 0 -1.2
v -2.4 0 -1.2
v 2.3 0 -1.2
v 2.4 0 -1.2
v 2.5 0 -1.2
v -2.5 0 -1.4
v -2.4 0 -1.4
v -2.3 0 -1.4
v 2.2 0 -1.4
v 2.3 0 -1.4
v 2.4 0 -1.4
v -2.4 0 -1.6
v -2.3 0 -1.6
v -2.2 0 -1.6
v 2.1 0 -1.6
v 2.2 0 -1.6
v 2.3 0 -1.6
v -2.3 0 -1.7
v -2.2 0 -1.7
v -2.1 0 -1.7
v 2 0 -1.7
v 2.1 0 -1.7
v 2.2 0 -1.7
v -2.2 0 -1.8
v -2.1 0 -1.8
v -2 0 -1.8
v -1.9 0 -1.8
v -1.8 0 -1.8
v 1.7 0 -1.8
v 1.8 0 -1.8
v 1.9 0 -1.8
v 2 0 -1.8
v 2.1 0 -1.8
v -2.1 0 -1.9
v -2 0 -1.9
v -1.9 0 -1.9
v -1.8 0 -1.9
v 1.7 0 -1.9
v 1.8 0 -1.9
v 1.9 0 -1.9
v 2 0 -1.9
v -2 0 -2
v -1.9 0 -2
v -1.8 0 -2
v 1.7 0 -2
v 1.8 0 -2
v 1.9 0 -2
v -1.9 0 -2.1
v -1.8 0 -2.1
v -1.7 0 -2.1
v 1.6 0 -2.1
v 1.7 0 -2.1
v 1.8 0 -2.1
v -1.8 0 -2.2
v -1.7 0 -2.2
v -1.6 0 -2.2
v 1.5 0 -2.2
v 1.6 0 -2.2
v 1.7 0 -2.2
v -1.7 0 -2.3
v -1.6 0 -2.3
v -1.4 0 -2.3
v 1.3 0 -2.3
v 1.5 0 -2.3
v 1.6 0 -2.3
v -1.6 0 -2.4
v -1.4 0 -2.4
v -1.2 0 -2.4
v 1.1 0 -2.4
v 1.3 0 -2.4
v 1.5 0 -2.4
v -1.4 0 -2.5
v -1.2 0 -2.5
v -0.9 0 -2.5
v 0.8 0 -2.5
v 1.1 0 -2.5
v 1.3 0 -2.5
v -1.2 0 -2.6
v -0.9 0 -2.6
v -0.6 0 -2.6
v -0.0999999 0 -2.6
v 2.38419e-07 0 -2.6
v 0.5 0 -2.6
v 0.8 0 -2.6
v 1.1 0 -2.6
v -0.9 0 -2.7
v -0.6 0 -2.7
v -0.0999999 0 -2.7
v 2.38419e-07 0 -2.7
v 0.5 0 -2.7
v 0.8 0 -2.7
v -0.6 0 -2.8
v 0.5 0 -2.8
v -0.6 0.8 2.6
v -0.5 0.8 2.6
v -0.3 0.8 2.6
v -0.0999999 0.8 2.6
v 2.38419e-07 0.8 2.6
v 0.2 0.8 2.6
v 0.4 0.8 2.6
v 0.5 0.8 2.6
v -0.6 0.8 2.5
v -0.5 0.8 2.5
v -0.3 0.8 2.5
v -0.0999999 0.8 2.5
v 2.38419e-07 0.8 2.5
v 0.2 0.8 2.5
v 0.4 0.8 2.5
v 0.5 0.8 2.5
v -1.4 0.8 2.3
v -1.3 0.8 2.3
v 1.2 0.8 2.3
v 1.3 0.8 2.3
v -1.6 0.8 2.2
v -1.4 0.8 2.2
v -1.3 0.8 2.2
v 1.2 0.8 2.2
v 1.3 0.8 2.2
v 1.5 0.8 2.2
v -1.7 0.8 2.1
v -1.6 0.8 2.1
v -1.4 0.8 2.1
v 1.3 0.8 2.1
v 1.5 0.8 2.1
v -1.7 0.8 2
v -1.6 0.8 2
v 2 0.8 1.6
v 2.1 0.8 1.6
v -2.3 0.8 1.5
v -2.2 0.8 1.5
v 2 0.8 1.5
v 2.1 0.8 1.5
v 2.2 0.8 1.5
v -2.4 0.8 1.3
v -2.3 0.8 1.3
v -2.2 0.8 1.3
v 2.1 0.8 1.3
v 2.2 0.8 1.3
v 2.3 0.8 1.3
v -2.4 0.8 1.2
v -2.3 0.8 1.2
v 2.2 0.8 1.2
v 2.3 0.8 1.2
v -2.7 0.8 0.5
v -2.6 0.8 0.5
v 2.5 0.8 0.5
v 2.6 0.8 0.5
v -2.7 0.8 0.4
v -2.6 0.8 0.4
v 2.5 0.8 0.4
v 2.6 0.8 0.4
v -2.7 0.8 0.2
v -2.6 0.8 0.2
v 2.5 0.8 0.2
v 2.6 0.8 0.2
v -2.7 0.8 0
v -2.6 0.8 0
v 2.5 0.8 0
v 2.6 0.8 0
v -2.7 0.8 -0.1
v -2.6 0.8 -0.1
v 2.5 0.8 -0.1
v 2.6 0.8 -0.1
v -2.7 0.8 -0.3
v -2.6 0.8 -0.3
v 2.5 0.8 -0.3
v 2.6 0.8 -0.3
v -2.7 0.8 -0.4
v -2.6 0.8 -0.4
v -2.7 0.8 -0.5
v -2.6 0.8 -0.5
v 2.5 0.8 -0.5
v 2.6 0.8 -0.5
v 2.5 0.8 -0.6
v 2.6 0.8 -0.6
v -2.4 0.8 -1.3
v -2.3 0.8 -1.3
v 2.2 0.8 -1.3
v 2.3 0.8 -1.3
v -2.4 0.8 -1.4
v -2.3 0.8 -1.4
v -2.2 0.8 -1.4
v 2.1 0.8 -1.4
v 2.2 0.8 -1.4
v 2.3 0.8 -1.4
v -2.3 0.8 -1.6
v -2.2 0.8 -1.6
v -2.1 0.8 -1.6
v 2 0.8 -1.6
v 2.1 0.8 -1.6
v 2.2 0.8 -1.6
v -2.2 0.8 -1.7
v -2.1 0.8 -1.7
v 2 0.8 -1.7
v 2.1 0.8 -1.7
v -1.8 0.8 -2
v -1.7 0.8 -2
v -1.8 0.8 -2.1
v -1.7 0.8 -2.1
v -1.6 0.8 -2.1
v 1.5 0.8 -2.1
v 1.6 0.8 -2.1
v -1.7 0.8 -2.2
v -1.6 0.8 -2.2
v -1.4 0.8 -2.2
v 1.2 0.8 -2.2
v 1.5 0.8 -2.2
v 1.6 0.8 -2.2
v -1.6 0.8 -2.3
v -1.4 0.8 -2.3
v -1.3 0.8 -2.3
v 1.3 0.8 -2.3
v 1.5 0.8 -2.3
v -1.4 0.8 -2.4
v -1.3 0.8 -2.4
v 1.2 0.8 -2.4
v 1.3 0.8 -2.4
v -0.6 0.8 -2.6
v -0.5 0.8 -2.6
v -0.2 0.8 -2.6
v -0.0999999 0.8 -2.6
v 2.38419e-07 0.8 -2.6
v 0.1 0.8 -2.6
v 0.4 0.8 -2.6
v 0.5 0.8 -2.6
v -0.6 0.8 -2.7
v -0.5 0.8 -2.7
v -0.2 0.8 -2.7
v -0.0999999 0.8 -2.7
v 2.38419e-07 0.8 -2.7
v 0.1 0.8 -2.7
v 0.4 0.8 -2.7
v 0.5 0.8 -2.7
v -0.5 0.9 2.6
v -0.3 0.9 2.6
v 0.2 0.9 2.6
v 0.4 0.9 2.6
v -0.9 0.9 2.5
v -0.8 0.9 2.5
v -0.7 0.9 2.5
v -0.6 0.9 2.5
v -0.5 0.9 2.5
v -0.3 0.9 2.5
v 0.2 0.9 2.5
v 0.4 0.9 2.5
v 0.5 0.9 2.5
v 0.6 0.9 2.5
v 0.7 0.9 2.5
v 0.8 0.9 2.5
v -1.2 0.9 2.4
v -0.9 0.9 2.4
v -0.8 0.9 2.4
v -0.7 0.9 2.4
v -0.6 0.9 2.4
v 0.5 0.9 2.4
v 0.6 0.9 2.4
v 0.7 0.9 2.4
v 0.8 0.9 2.4
v 1.1 0.9 2.4
v -1.3 0.9 2.3
v -1.2 0.9 2.3
v -0.9 0.9 2.3
v 0.8 0.9 2.3
v 1.1 0.9 2.3
v 1.2 0.9 2.3
v -1.3 0.9 2.2
v -1.2 0.9 2.2
v 1.1 0.9 2.2
v 1.2 0.9 2.2
v 1.5 0.9 2.1
v 1.6 0.9 2.1
v -1.8 0.9 2
v -1.7 0.9 2
v 1.5 0.9 2
v 1.6 0.9 2
v 1.7 0.9 2
v -1.8 0.9 1.9
v -1.7 0.9 1.9
v 1.6 0.9 1.9
v 1.7 0.9 1.9
v -2.1 0.9 1.7
v -2 0.9 1.7
v 1.9 0.9 1.7
v 2 0.9 1.7
v -2.2 0.9 1.6
v -2.1 0.9 1.6
v -2 0.9 1.6
v 2 0.9 1.6
v -2.2 0.9 1.5
v -2.1 0.9 1.5
v 1.9 0.9 1.5
v 2 0.9 1.5
v -2.4 0.9 1.2
v -2.3 0.9 1.2
v 2.2 0.9 1.2
v 2.3 0.9 1.2
v -2.5 0.9 1.1
v -2.4 0.9 1.1
v -2.3 0.9 1.1
v 2.2 0.9 1.1
v 2.3 0.9 1.1
v 2.4 0.9 1.1
v -2.6 0.9 0.8
v -2.5 0.9 0.8
v -2.4 0.9 0.8
v 2.3 0.9 0.8
v 2.4 0.9 0.8
v 2.5 0.9 0.8
v -2.6 0.9 0.7
v -2.5 0.9 0.7
v 2.4 0.9 0.7
v 2.5 0.9 0.7
v -2.7 0.9 0.4
v -2.6 0.9 0.4
v 2.5 0.9 0.4
v 2.6 0.9 0.4
v -2.7 0.9 0.2
v -2.6 0.9 0.2
v 2.5 0.9 0.2
v 2.6 0.9 0.2
v -2.7 0.9 -0.3
v -2.6 0.9 -0.3
v 2.5 0.9 -0.3
v 2.6 0.9 -0.3
v -2.7 0.9 -0.4
v -2.6 0.9 -0.4
v -2.7 0.9 -0.5
v -2.6 0.9 -0.5
v 2.5 0.9 -0.5
v 2.6 0.9 -0.5
v -2.7 0.9 -0.6
v -2.6 0.9 -0.6
v -2.6 0.9 -0.8
v -2.5 0.9 -0.8
v 2.4 0.9 -0.8
v 2.5 0.9 -0.8
v -2.6 0.9 -0.9
v -2.5 0.9 -0.9
v -2.4 0.9 -0.9
v 2.3 0.9 -0.9
v 2.4 0.9 -0.9
v 2.5 0.9 -0.9
v -2.5 0.9 -1.2
v -2.4 0.9 -1.2
v -2.3 0.9 -1.2
v 2.2 0.9 -1.2
v 2.3 0.9 -1.2
v 2.4 0.9 -1.2
v -2.4 0.9 -1.3
v -2.3 0.9 -1.3
v 2.2 0.9 -1.3
v 2.3 0.9 -1.3
v 1.9 0.9 -1.6
v 2 0.9 -1.6
v -2.1 0.9 -1.7
v -2 0.9 -1.7
v 2 0.9 -1.7
v -2.1 0.9 -1.8
v -2 0.9 -1.8
v 1.9 0.9 -1.8
v 2 0.9 -1.8
v 1.6 0.9 -2
v 1.7 0.9 -2
v 1.6 0.9 -2.1
v 1.7 0.9 -2.1
v -1.3 0.9 -2.3
v -1.2 0.9 -2.3
v 1.1 0.9 -2.3
v 1.2 0.9 -2.3
v -1.3 0.9 -2.4
v -1.2 0.9 -2.4
v -0.9 0.9 -2.4
v 0.8 0.9 -2.4
v 1.1 0.9 -2.4
v 1.2 0.9 -2.4
v -1.2 0.9 -2.5
v -0.9 0.9 -2.5
v -0.8 0.9 -2.5
v 0.7 0.9 -2.5
v 0.8 0.9 -2.5
v 1.1 0.9 -2.5
v -0.9 0.9 -2.6
v -0.8 0.9 -2.6
v -0.5 0.9 -2.6
v -0.2 0.9 -2.6
v 0.1 0.9 -2.6
v 0.4 0.9 -2.6
v 0.7 0.9 -2.6
v 0.8 0.9 -2.6
v -0.5 0.9 -2.7
v -0.2 0.9 -2.7
v 0.1 0.9 -2.7
v 0.4 0.9 -2.7
v -0.8 1 2.5
v -0.7 1 2.5
v 0.6 1 2.5
v 0.7 1 2.5
v -0.8 1 2.4
v -0.7 1 2.4
v 0.6 1 2.4
v 0.7 1 2.4
v -1.9 1 1.9
v -1.8 1 1.9
v 1.7 1 1.9
v 1.8 1 1.9
v -2 1 1.8
v -1.9 1 1.8
v -1.8 1 1.8
v 1.7 1 1.8
v 1.8 1 1.8
v 1.9 1 1.8
v -2 1 1.7
v -1.9 1 1.7
v 1.8 1 1.7
v 1.9 1 1.7
v -2 1 1.6
v -1.9 1 1.6
v -2.6 1 0.7
v -2.5 1 0.7
v 2.4 1 0.7
v 2.5 1 0.7
v -2.6 1 0.5
v -2.5 1 0.5
v 2.4 1 0.5
v 2.5 1 0.5
v -2.6 1 -0.6
v -2.5 1 -0.6
v 2.4 1 -0.6
v 2.5 1 -0.6
v -2.6 1 -0.8
v -2.5 1 -0.8
v 2.4 1 -0.8
v 2.5 1 -0.8
v 2 1 -1.5
v 2.1 1 -1.5
v 2 1 -1.6
v 2.1 1 -1.6
v 1.8 1 -1.7
v 1.9 1 -1.7
v -2 1 -1.8
v -1.9 1 -1.8
v 1.8 1 -1.8
v 1.9 1 -1.8
v -2 1 -1.9
v -1.9 1 -1.9
v -1.8 1 -1.9
v 1.7 1 -1.9
v 1.8 1 -1.9
v 1.9 1 -1.9
v -1.9 1 -2
v -1.8 1 -2
v 1.7 1 -2
v 1.8 1 -2
v -0.8 1 -2.5
v -0.6 1 -2.5
v 0.5 1 -2.5
v 0.7 1 -2.5
v -0.8 1 -2.6
v -0.6 1 -2.6
v 0.5 1 -2.6
v 0.7 1 -2.6
v -0.2 0.9 2.7
v -0.0999999 0.9 2.7
v 2.38419e-07 0.9 2.7
v 0.1 0.9 2.7
v -0.2 0.9 2.6
v -0.0999999 0.9 2.6
v 2.38419e-07 0.9 2.6
v 0.1 0.9 2.6
v -1.4 0.9 2.4
v -1.3 0.9 2.4
v 1.2 0.9 2.4
v 1.3 0.9 2.4
v -1.6 0.9 2.3
v -1.4 0.9 2.3
v -1.3 0.9 2.3
v 1.2 0.9 2.3
v 1.3 0.9 2.3
v 1.5 0.9 2.3
v -1.7 0.9 2.2
v -1.6 0.9 2.2
v -1.4 0.9 2.2
v 1.3 0.9 2.2
v 1.5 0.9 2.2
v 1.6 0.9 2.2
v -1.7 0.9 2.1
v -1.6 0.9 2.1
v 1.5 0.9 2.1
v 1.6 0.9 2.1
v -2.3 0.9 1.6
v -2.2 0.9 1.6
v 2.1 0.9 1.6
v 2.2 0.9 1.6
v -2.4 0.9 1.5
v -2.3 0.9 1.5
v -2.2 0.9 1.5
v 2.1 0.9 1.5
v 2.2 0.9 1.5
v 2.3 0.9 1.5
v -2.5 0.9 1.3
v -2.4 0.9 1.3
v -2.3 0.9 1.3
v 2.2 0.9 1.3
v 2.3 0.9 1.3
v 2.4 0.9 1.3
v -2.5 0.9 1.2
v -2.4 0.9 1.2
v 2.3 0.9 1.2
v 2.4 0.9 1.2
v -2.8 0.9 0.0999999
v -2.7 0.9 0.0999999
v 2.6 0.9 0.0999999
v 2.7 0.9 0.0999999
v -2.8 0.9 0
v -2.7 0.9 0
v 2.6 0.9 0
v 2.7 0.9 0
v -2.8 0.9 -0.1
v -2.7 0.9 -0.1
v 2.6 0.9 -0.1
v 2.7 0.9 -0.1
v -2.8 0.9 -0.2
v -2.7 0.9 -0.2
v 2.6 0.9 -0.2
v 2.7 0.9 -0.2
v -2.5 0.9 -1.3
v -2.4 0.9 -1.3
v 2.3 0.9 -1.3
v 2.4 0.9 -1.3
v -2.5 0.9 -1.4
v -2.4 0.9 -1.4
v -2.3 0.9 -1.4
v 2.2 0.9 -1.4
v 2.3 0.9 -1.4
v 2.4 0.9 -1.4
v -2.4 0.9 -1.6
v -2.3 0.9 -1.6
v -2.2 0.9 -1.6
v 2.1 0.9 -1.6
v 2.2 0.9 -1.6
v 2.3 0.9 -1.6
v -2.3 0.9 -1.7
v -2.2 0.9 -1.7
v 2.1 0.9 -1.7
v 2.2 0.9 -1.7
v -1.7 0.9 -2.2
v -1.6 0.9 -2.2
v 1.2 0.9 -2.2
v 1.3 0.9 -2.2
v 1.5 0.9 -2.2
v 1.6 0.9 -2.2
v -1.7 0.9 -2.3
v -1.6 0.9 -2.3
v -1.4 0.9 -2.3
v 1.2 0.9 -2.3
v 1.3 0.9 -2.3
v 1.5 0.9 -2.3
v 1.6 0.9 -2.3
v -1.6 0.9 -2.4
v -1.4 0.9 -2.4
v -1.3 0.9 -2.4
v 1.2 0.9 -2.4
v 1.3 0.9 -2.4
v 1.5 0.9 -2.4
v -1.4 0.9 -2.5
v -1.3 0.9 -2.5
v 1.2 0.9 -2.5
v 1.3 0.9 -2.5
v -0.2 0.9 -2.7
v -0.0999999 0.9 -2.7
v 2.38419e-07 0.9 -2.7
v 0.1 0.9 -2.7
v -0.2 0.9 -2.8
v -0.0999999 0.9 -2.8
v 2.38419e-07 0.9 -2.8
v 0.1 0.9 -2.8
v -0.6 1 2.7
v -0.2 1 2.7
v -0.0999999 1 2.7
v 2.38419e-07 1 2.7
v 0.1 1 2.7
v 0.5 1 2.7
v -0.6 1 2.6
v -0.2 1 2.6
v -0.0999999 1 2.6
v 2.38419e-07 1 2.6
v 0.1 1 2.6
v 0.5 1 2.6
v -1.2 1 2.5
v -0.9 1 2.5
v -0.2 1 2.5
v 0.1 1 2.5
v 0.8 1 2.5
v 1.1 1 2.5
v -1.3 1 2.4
v -1.2 1 2.4
v -0.9 1 2.4
v 0.8 1 2.4
v 1.1 1 2.4
v 1.2 1 2.4
v -1.4 1 2.3
v -1.3 1 2.3
v -1.2 1 2.3
v 1.1 1 2.3
v 1.2 1 2.3
v 1.3 1 2.3
v -1.6 1 2.2
v -1.4 1 2.2
v -1.3 1 2.2
v 1.2 1 2.2
v 1.3 1 2.2
v 1.5 1 2.2
v -1.8 1 2.1
v -1.7 1 2.1
v -1.6 1 2.1
v -1.4 1 2.1
v 1.3 1 2.1
v 1.5 1 2.1
v 1.6 1 2.1
v 1.7 1 2.1
v -1.8 1 2
v -1.7 1 2
v -1.6 1 2
v 1.5 1 2
v 1.6 1 2
v 1.7 1 2
v -1.9 1 1.8
v -1.8 1 1.8
v -2.2 1 1.7
v -2.1 1 1.7
v -1.9 1 1.7
v -1.8 1 1.7
v 2 1 1.7
v 2.1 1 1.7
v -2.2 1 1.6
v -2.1 1 1.6
v 1.9 1 1.6
v 2 1 1.6
v 2.1 1 1.6
v -2.3 1 1.5
v -2.2 1 1.5
v -2.1 1 1.5
v 1.9 1 1.5
v 2.1 1 1.5
v 2.2 1 1.5
v -2.4 1 1.3
v -2.3 1 1.3
v -2.2 1 1.3
v 2.1 1 1.3
v 2.2 1 1.3
v 2.3 1 1.3
v -2.5 1 1.2
v -2.4 1 1.2
v -2.3 1 1.2
v 2.2 1 1.2
v 2.3 1 1.2
v 2.4 1 1.2
v -2.6 1 1.1
v -2.5 1 1.1
v -2.4 1 1.1
v 2.3 1 1.1
v 2.4 1 1.1
v 2.5 1 1.1
v -2.6 1 0.8
v -2.5 1 0.8
v 2.4 1 0.8
v 2.5 1 0.8
v -2.8 1 0.5
v -2.7 1 0.5
v 2.6 1 0.5
v 2.7 1 0.5
v -2.8 1 0.0999999
v -2.7 1 0.0999999
v -2.6 1 0.0999999
v 2.6 1 0.0999999
v 2.7 1 0.0999999
v -2.8 1 0
v -2.7 1 0
v 2.6 1 0
v 2.7 1 0
v -2.8 1 -0.1
v -2.7 1 -0.1
v 2.6 1 -0.1
v 2.7 1 -0.1
v -2.8 1 -0.2
v -2.7 1 -0.2
v -2.6 1 -0.2
v 2.6 1 -0.2
v 2.7 1 -0.2
v -2.8 1 -0.6
v -2.7 1 -0.6
v 2.6 1 -0.6
v 2.7 1 -0.6
v -2.6 1 -0.9
v -2.5 1 -0.9
v 2.4 1 -0.9
v 2.5 1 -0.9
v -2.6 1 -1.2
v -2.5 1 -1.2
v -2.4 1 -1.2
v 2.3 1 -1.2
v 2.4 1 -1.2
v 2.5 1 -1.2
v -2.5 1 -1.3
v -2.4 1 -1.3
v -2.3 1 -1.3
v 2.2 1 -1.3
v 2.3 1 -1.3
v 2.4 1 -1.3
v -2.4 1 -1.4
v -2.3 1 -1.4
v -2.2 1 -1.4
v 2.1 1 -1.4
v 2.2 1 -1.4
v 2.3 1 -1.4
v 2.1 1 -1.5
v -2.3 1 -1.6
v -2.2 1 -1.6
v -2.1 1 -1.6
v 2 1 -1.6
v 2.1 1 -1.6
v 2.2 1 -1.6
v -2.2 1 -1.7
v -2.1 1 -1.7
v 2 1 -1.7
v 2.1 1 -1.7
v -2.2 1 -1.8
v -2.1 1 -1.8
v -1.9 1 -1.8
v -1.8 1 -1.8
v 1.7 1 -1.8
v 1.8 1 -1.8
v 2 1 -1.8
v 2.1 1 -1.8
v -1.9 1 -1.9
v -1.8 1 -1.9
v 1.7 1 -1.9
v 1.8 1 -1.9
v -1.8 1 -2.1
v -1.7 1 -2.1
v -1.6 1 -2.1
v 1.5 1 -2.1
v 1.6 1 -2.1
v 1.7 1 -2.1
v -1.8 1 -2.2
v -1.7 1 -2.2
v -1.6 1 -2.2
v -1.4 1 -2.2
v 1.3 1 -2.2
v 1.5 1 -2.2
v 1.6 1 -2.2
v 1.7 1 -2.2
v -1.6 1 -2.3
v -1.4 1 -2.3
v -1.3 1 -2.3
v 1.2 1 -2.3
v 1.3 1 -2.3
v 1.5 1 -2.3
v -1.4 1 -2.4
v -1.3 1 -2.4
v -1.2 1 -2.4
v 1.1 1 -2.4
v 1.2 1 -2.4
v 1.3 1 -2.4
v -1.3 1 -2.5
v -1.2 1 -2.5
v -0.9 1 -2.5
v 0.8 1 -2.5
v 1.1 1 -2.5
v 1.2 1 -2.5
v -1.2 1 -2.6
v -0.9 1 -2.6
v 0.8 1 -2.6
v 1.1 1 -2.6
v -0.6 1 -2.7
v -0.2 1 -2.7
v -0.0999999 1 -2.7
v 2.38419e-07 1 -2.7
v 0.1 1 -2.7
v 0.5 1 -2.7
v -0.6 1 -2.8
v -0.2 1 -2.8
v -0.0999999 1 -2.8
v 2.38419e-07 1 -2.8
v 0.1 1 -2.8
v 0.5 1 -2.8
v -0.9 1.1 2.6
v -0.6 1.1 2.6
v -0.2 1.1 2.6
v 0.1 1.1 2.6
v 0.5 1.1 2.6
v 0.8 1.1 2.6
v -0.9 1.1 2.5
v -0.6 1.1 2.5
v -0.2 1.1 2.5
v 0.1 1.1 2.5
v 0.5 1.1 2.5
v 0.8 1.1 2.5
v -1.3 1.1 2.3
v -1.2 1.1 2.3
v 1.1 1.1 2.3
v 1.2 1.1 2.3
v -1.3 1.1 2.2
v -1.2 1.1 2.2
v 1.1 1.1 2.2
v 1.2 1.1 2.2
v -1.9 1.1 2
v -1.8 1.1 2
v -1.7 1.1 2
v 1.6 1.1 2
v 1.7 1.1 2
v 1.8 1.1 2
v -2 1.1 1.9
v -1.9 1.1 1.9
v -1.8 1.1 1.9
v -1.7 1.1 1.9
v 1.6 1.1 1.9
v 1.7 1.1 1.9
v 1.8 1.1 1.9
v 1.9 1.1 1.9
v -2.1 1.1 1.8
v -2 1.1 1.8
v -1.9 1.1 1.8
v 1.7 1.1 1.8
v 1.8 1.1 1.8
v 1.9 1.1 1.8
v 2 1.1 1.8
v -2.1 1.1 1.7
v -2 1.1 1.7
v -1.9 1.1 1.7
v 1.7 1.1 1.7
v 1.8 1.1 1.7
v 1.9 1.1 1.7
v 2 1.1 1.7
v -2.1 1.1 1.6
v -1.9 1.1 1.6
v 1.9 1.1 1.6
v 2 1.1 1.6
v -2.4 1.1 1.2
v -2.3 1.1 1.2
v 2.2 1.1 1.2
v 2.3 1.1 1.2
v -2.4 1.1 1.1
v -2.3 1.1 1.1
v 2.2 1.1 1.1
v 2.3 1.1 1.1
v -2.7 1.1 0.8
v -2.6 1.1 0.8
v 2.5 1.1 0.8
v 2.6 1.1 0.8
v -2.7 1.1 0.5
v -2.6 1.1 0.5
v 2.5 1.1 0.5
v 2.6 1.1 0.5
v -2.7 1.1 0.0999999
v -2.6 1.1 0.0999999
v -2.7 1.1 -0.2
v -2.6 1.1 -0.2
v -2.7 1.1 -0.6
v -2.6 1.1 -0.6
v 2.5 1.1 -0.6
v 2.6 1.1 -0.6
v -2.7 1.1 -0.9
v -2.6 1.1 -0.9
v 2.5 1.1 -0.9
v 2.6 1.1 -0.9
v -2.4 1.1 -1.2
v -2.3 1.1 -1.2
v 2.2 1.1 -1.2
v 2.3 1.1 -1.2
v -2.4 1.1 -1.3
v -2.3 1.1 -1.3
v 2.2 1.1 -1.3
v 2.3 1.1 -1.3
v 2 1.1 -1.5
v 2.1 1.1 -1.5
v 1.9 1.1 -1.6
v 2 1.1 -1.6
v 2.1 1.1 -1.6
v -2.1 1.1 -1.7
v -2 1.1 -1.7
v 1.8 1.1 -1.7
v 1.9 1.1 -1.7
v -2.1 1.1 -1.8
v -2 1.1 -1.8
v 1.8 1.1 -1.8
v 1.9 1.1 -1.8
v 2 1.1 -1.8
v -2.1 1.1 -1.9
v -2 1.1 -1.9
v -1.9 1.1 -1.9
v 1.8 1.1 -1.9
v 1.9 1.1 -1.9
v 2 1.1 -1.9
v -2 1.1 -2
v -1.9 1.1 -2
v -1.8 1.1 -2
v -1.7 1.1 -2
v 1.6 1.1 -2
v 1.7 1.1 -2
v 1.8 1.1 -2
v 1.9 1.1 -2
v -1.9 1.1 -2.1
v -1.8 1.1 -2.1
v -1.7 1.1 -2.1
v 1.6 1.1 -2.1
v 1.7 1.1 -2.1
v 1.8 1.1 -2.1
v -1.3 1.1 -2.3
v -1.2 1.1 -2.3
v 1.1 1.1 -2.3
v 1.2 1.1 -2.3
v -1.3 1.1 -2.4
v -1.2 1.1 -2.4
v 1.1 1.1 -2.4
v 1.2 1.1 -2.4
v -0.9 1.1 -2.6
v -0.6 1.1 -2.6
v 0.5 1.1 -2.6
v 0.8 1.1 -2.6
v -0.9 1.1 -2.7
v -0.6 1.1 -2.7
v 0.5 1.1 -2.7
v 0.8 1.1 -2.7
v -0.9 1.2 2.5
v -0.6 1.2 2.5
v 0.5 1.2 2.5
v 0.8 1.2 2.5
v -1.2 1.2 2.4
v -0.9 1.2 2.4
v -0.6 1.2 2.4
v 0.5 1.2 2.4
v 0.8 1.2 2.4
v 1.1 1.2 2.4
v -1.2 1.2 2.3
v -0.9 1.2 2.3
v 0.8 1.2 2.3
v 1.1 1.2 2.3
v -1.9 1.2 1.9
v -1.8 1.2 1.9
v 1.7 1.2 1.9
v 1.8 1.2 1.9
v -2 1.2 1.8
v -1.9 1.2 1.8
v -1.8 1.2 1.8
v 1.7 1.2 1.8
v 1.8 1.2 1.8
v 1.9 1.2 1.8
v -2 1.2 1.7
v -1.9 1.2 1.7
v 1.8 1.2 1.7
v 1.9 1.2 1.7
v -2.5 1.2 1.1
v -2.4 1.2 1.1
v 2.3 1.2 1.1
v 2.4 1.2 1.1
v -2.6 1.2 0.8
v -2.5 1.2 0.8
v -2.4 1.2 0.8
v 2.3 1.2 0.8
v 2.4 1.2 0.8
v 2.5 1.2 0.8
v -2.6 1.2 0.5
v -2.5 1.2 0.5
v 2.4 1.2 0.5
v 2.5 1.2 0.5
v -2.6 1.2 -0.6
v -2.5 1.2 -0.6
v 2.4 1.2 -0.6
v 2.5 1.2 -0.6
v -2.6 1.2 -0.9
v -2.5 1.2 -0.9
v -2.4 1.2 -0.9
v 2.3 1.2 -0.9
v 2.4 1.2 -0.9
v 2.5 1.2 -0.9
v -2.5 1.2 -1.2
v -2.4 1.2 -1.2
v 2.3 1.2 -1.2
v 2.4 1.2 -1.2
v -2 1.2 -1.8
v -1.9 1.2 -1.8
v 1.8 1.2 -1.8
v 1.9 1.2 -1.8
v -2 1.2 -1.9
v -1.9 1.2 -1.9
v -1.8 1.2 -1.9
v 1.7 1.2 -1.9
v 1.8 1.2 -1.9
v 1.9 1.2 -1.9
v -1.9 1.2 -2
v -1.8 1.2 -2
v 1.7 1.2 -2
v 1.8 1.2 -2
v -1.2 1.2 -2.4
v -0.9 1.2 -2.4
v 0.8 1.2 -2.4
v 1.1 1.2 -2.4
v -1.2 1.2 -2.5
v -0.9 1.2 -2.5
v -0.6 1.2 -2.5
v 0.5 1.2 -2.5
v 0.8 1.2 -2.5
v 1.1 1.2 -2.5
v -0.9 1.2 -2.6
v -0.6 1.2 -2.6
v 0.5 1.2 -2.6
v 0.8 1.2 -2.6

# faces
f 3/1/1 2/1/1 1/1/1
f 4/1/1 2/1/1 3/1/1
f 5/1/1 2/1/1 4/1/1
f 6/1/1 2/1/1 5/1/1
f 7/1/1 3/1/1 1/1/1
f 8/1/1 3/1/1 7/1/1
f 9/1/1 5/1/1 4/1/1
f 10/1/1 5/1/1 9/1/1
f 11/1/1 2/1/1 6/1/1
f 12/1/1 2/1/1 11/1/1
f 21/3/1 14/3/1 13/3/1
f 22/2/1 18/2/1 17/2/1
f 23/2/1 18/2/1 22/2/1
f 24/2/1 20/2/1 19/2/1
f 25/2/1 20/2/1 24/2/1
f 26/3/1 16/3/1 15/3/1
f 27/3/1 21/3/1 13/3/1
f 28/2/1 22/2/1 21/2/1
f 28/3/1 21/3/1 27/3/1
f 29/2/1 22/2/1 28/2/1
f 30/2/1 26/2/1 25/2/1
f 31/3/1 16/3/1 26/3/1
f 31/2/1 26/2/1 30/2/1
f 32/3/1 16/3/1 31/3/1
f 37/3/1 34/3/1 33/3/1
f 38/3/1 34/3/1 37/3/1
f 39/3/1 36/3/1 35/3/1
f 40/3/1 36/3/1 39/3/1
f 45/2/1 42/2/1 41/2/1
f 46/2/1 42/2/1 45/2/1
f 47/2/1 44/2/1 43/2/1
f 48/2/1 44/2/1 47/2/1
f 53/3/1 50/3/1 49/3/1
f 54/3/1 50/3/1 53/3/1
f 55/3/1 52/3/1 51/3/1
f 56/3/1 52/3/1 55/3/1
f 57/3/1 50/3/1 54/3/1
f 58/3/1 50/3/1 57/3/1
f 61/3/1 55/3/1 51/3/1
f 62/3/1 55/3/1 61/3/1
f 63/2/1 59/2/1 58/2/1
f 64/2/1 59/2/1 63/2/1
f 65/2/1 61/2/1 60/2/1
f 66/2/1 61/2/1 65/2/1
f 71/3/1 68/3/1 67/3/1
f 72/3/1 68/3/1 71/3/1
f 75/3/1 70/3/1 69/3/1
f 76/3/1 70/3/1 75/3/1
f 77/2/1 73/2/1 72/2/1
f 78/2/1 73/2/1 77/2/1
f 81/2/1 75/2/1 74/2/1
f 82/2/1 75/2/1 81/2/1
f 83/2/1 79/2/1 78/2/1
f 84/2/1 79/2/1 83/2/1
f 85/2/1 81/2/1 80/2/1
f 86/2/1 81/2/1 85/2/1
f 91/1/1 88/1/1 87/1/1
f 92/1/1 88/1/1 91/1/1
f 95/1/1 90/1/1 89/1/1
f 96/1/1 90/1/1 95/1/1
f 97/2/1 93/2/1 92/2/1
f 98/2/1 93/2/1 97/2/1
f 99/2/1 95/2/1 94/2/1
f 100/2/1 95/2/1 99/2/1
f 105/1/1 102/1/1 101/1/1
f 108/1/1 104/1/1 103/1/1
f 109/1/1 105/1/1 101/1/1
f 110/2/1 106/2/1 105/2/1
f 110/1/1 105/1/1 109/1/1
f 111/2/1 106/2/1 110/2/1
f 112/2/1 108/2/1 107/2/1
f 113/1/1 104/1/1 108/1/1
f 113/2/1 108/2/1 112/2/1
f 114/1/1 104/1/1 113/1/1
f 119/1/1 116/1/1 115/1/1
f 122/1/1 118/1/1 117/1/1
f 123/1/1 119/1/1 115/1/1
f 124/2/1 120/2/1 119/2/1
f 124/1/1 119/1/1 123/1/1
f 125/2/1 120/2/1 124/2/1
f 126/2/1 122/2/1 121/2/1
f 127/1/1 118/1/1 122/1/1
f 127/2/1 122/2/1 126/2/1
f 128/1/1 118/1/1 127/1/1
f 133/1/1 130/1/1 129/1/1
f 134/1/1 130/1/1 133/1/1
f 137/1/1 132/1/1 131/1/1
f 138/1/1 132/1/1 137/1/1
f 139/2/1 135/2/1 134/2/1
f 140/2/1 135/2/1 139/2/1
f 141/2/1 137/2/1 136/2/1
f 142/2/1 137/2/1 141/2/1
f 151/2/1 146/2/1 145/2/1
f 152/2/1 146/2/1 151/2/1
f 153/2/1 148/2/1 147/2/1
f 154/2/1 148/2/1 153/2/1
f 155/1/1 144/1/1 143/1/1
f 156/1/1 144/1/1 155/1/1
f 159/1/1 150/1/1 149/1/1
f 160/1/1 150/1/1 159/1/1
f 161/2/1 157/2/1 156/2/1
f 162/2/1 157/2/1 161/2/1
f 163/2/1 159/2/1 158/2/1
f 164/2/1 159/2/1 163/2/1
f 169/1/1 166/1/1 165/1/1
f 170/1/1 166/1/1 169/1/1
f 171/1/1 168/1/1 167/1/1
f 172/1/1 168/1/1 171/1/1
f 177/1/1 174/1/1 173/1/1
f 178/1/1 174/1/1 177/1/1
f 179/1/1 176/1/1 175/1/1
f 180/1/1 176/1/1 179/1/1
f 185/3/1 182/3/1 181/3/1
f 186/3/1 182/3/1 185/3/1
f 189/3/1 184/3/1 183/3/1
f 190/3/1 184/3/1 189/3/1
f 191/2/1 187/2/1 186/2/1
f 192/2/1 187/2/1 191/2/1
f 193/2/1 189/2/1 188/2/1
f 194/2/1 189/2/1 193/2/1
f 199/3/1 196/3/1 195/3/1
f 200/3/1 196/3/1 199/3/1
f 203/3/1 198/3/1 197/3/1
f 204/3/1 198/3/1 203/3/1
f 205/2/1 201/2/1 200/2/1
f 206/2/1 201/2/1 205/2/1
f 207/2/1 203/2/1 202/2/1
f 208/2/1 203/2/1 207/2/1
f 213/3/1 210/3/1 209/3/1
f 214/3/1 210/3/1 213/3/1
f 217/3/1 212/3/1 211/3/1
f 218/3/1 212/3/1 217/3/1
f 219/2/1 215/2/1 214/2/1
f 220/2/1 215/2/1 219/2/1
f 221/2/1 217/2/1 216/2/1
f 222/2/1 217/2/1 221/2/1
f 227/3/1 224/3/1 223/3/1
f 228/3/1 224/3/1 227/3/1
f 231/3/1 226/3/1 225/3/1
f 232/3/1 226/3/1 231/3/1
f 233/2/1 229/2/1 228/2/1
f 234/2/1 231/2/1 230/2/1
f 235/2/1 233/2/1 228/2/1
f 236/2/1 233/2/1 235/2/1
f 237/2/1 231/2/1 234/2/1
f 238/2/1 231/2/1 237/2/1
f 243/3/1 240/3/1 239/3/1
f 246/3/1 242/3/1 241/3/1
f 247/3/1 243/3/1 239/3/1
f 248/2/1 244/2/1 243/2/1
f 248/3/1 243/3/1 247/3/1
f 249/2/1 246/2/1 245/2/1
f 249/3/1 242/3/1 246/3/1
f 250/3/1 242/3/1 249/3/1
f 251/2/1 244/2/1 248/2/1
f 252/2/1 244/2/1 251/2/1
f 253/2/1 249/2/1 245/2/1
f 254/2/1 249/2/1 253/2/1
f 257/2/1 256/2/1 255/2/1
f 258/2/1 256/2/1 257/2/1
f 263/1/1 260/1/1 259/1/1
f 264/1/1 260/1/1 263/1/1
f 265/1/1 262/1/1 261/1/1
f 266/1/1 262/1/1 265/1/1
f 269/2/1 268/2/1 267/2/1
f 270/2/1 268/2/1 269/2/1
f 273/2/1 272/2/1 271/2/1
f 274/2/1 272/2/1 273/2/1
f 279/2/1 276/2/1 275/2/1
f 280/2/1 276/2/1 279/2/1
f 281/2/1 278/2/1 277/2/1
f 282/2/1 278/2/1 281/2/1
f 287/1/1 284/1/1 283/1/1
f 288/1/1 284/1/1 287/1/1
f 289/1/1 286/1/1 285/1/1
f 290/1/1 286/1/1 289/1/1
f 295/1/1 292/1/1 291/1/1
f 296/1/1 292/1/1 295/1/1
f 298/1/1 294/1/1 293/1/1
f 299/1/1 294/1/1 298/1/1
f 300/2/1 297/2/1 296/2/1
f 301/2/1 297/2/1 300/2/1
f 306/2/1 303/2/1 302/2/1
f 307/2/1 303/2/1 306/2/1
f 308/2/1 305/2/1 304/2/1
f 309/2/1 305/2/1 308/2/1
f 314/3/1 311/3/1 310/3/1
f 315/3/1 311/3/1 314/3/1
f 316/3/1 313/3/1 312/3/1
f 317/3/1 313/3/1 316/3/1
f 322/2/1 319/2/1 318/2/1
f 323/2/1 321/2/1 320/2/1
f 324/2/1 319/2/1 322/2/1
f 325/2/1 319/2/1 324/2/1
f 326/2/1 323/2/1 320/2/1
f 327/2/1 323/2/1 326/2/1
f 332/2/1 329/2/1 328/2/1
f 333/2/1 329/2/1 332/2/1
f 334/2/1 331/2/1 330/2/1
f 335/2/1 331/2/1 334/2/1
f 340/3/1 337/3/1 336/3/1
f 341/3/1 337/3/1 340/3/1
f 344/3/1 339/3/1 338/3/1
f 345/3/1 339/3/1 344/3/1
f 346/2/1 342/2/1 341/2/1
f 347/2/1 342/2/1 346/2/1
f 348/2/1 344/2/1 343/2/1
f 349/2/1 344/2/1 348/2/1
f 354/3/1 351/3/1 350/3/1
f 355/3/1 351/3/1 354/3/1
f 358/3/1 353/3/1 352/3/1
f 359/3/1 353/3/1 358/3/1
f 360/2/1 356/2/1 355/2/1
f 361/2/1 356/2/1 360/2/1
f 362/2/1 358/2/1 357/2/1
f 363/2/1 358/2/1 362/2/1
f 368/2/1 365/2/1 364/2/1
f 369/2/1 365/2/1 368/2/1
f 370/2/1 367/2/1 366/2/1
f 371/2/1 367/2/1 370/2/1
f 372/2/1 367/2/1 371/2/1
f 377/3/1 374/3/1 373/3/1
f 378/3/1 374/3/1 377/3/1
f 380/3/1 376/3/1 375/3/1
f 381/3/1 376/3/1 380/3/1
f 384/2/1 379/2/1 378/2/1
f 385/2/1 379/2/1 384/2/1
f 386/2/1 383/2/1 382/2/1
f 387/2/1 383/2/1 386/2/1
f 392/1/1 389/1/1 388/1/1
f 393/1/1 389/1/1 392/1/1
f 395/1/1 391/1/1 390/1/1
f 396/1/1 391/1/1 395/1/1
f 399/2/1 398/2/1 397/2/1
f 400/2/1 398/2/1 399/2/1
f 401/2/1 395/2/1 394/2/1
f 402/2/1 395/2/1 401/2/1
f 407/1/1 406/1/1 405/1/1
f 408/1/1 406/1/1 407/1/1
f 409/1/1 404/1/1 403/1/1
f 410/1/1 404/1/1 409/1/1
f 414/2/1 411/2/1 410/2/1
f 415/2/1 413/2/1 412/2/1
f 416/2/1 411/2/1 414/2/1
f 417/2/1 411/2/1 416/2/1
f 418/2/1 415/2/1 412/2/1
f 419/2/1 415/2/1 418/2/1
f 428/1/1 421/1/1 420/1/1
f 429/1/1 421/1/1 428/1/1
f 430/1/1 427/1/1 426/1/1
f 431/1/1 427/1/1 430/1/1
f 433/2/1 423/2/1 422/2/1
f 434/2/1 425/2/1 424/2/1
f 435/2/1 425/2/1 434/2/1
f 437/2/1 433/2/1 432/2/1
f 438/2/1 423/2/1 433/2/1
f 438/2/1 433/2/1 437/2/1
f 439/2/1 423/2/1 438/2/1
f 440/2/1 436/2/1 435/2/1
f 441/2/1 438/2/1 437/2/1
f 442/2/1 438/2/1 441/2/1
f 443/2/1 440/2/1 435/2/1
f 444/2/1 440/2/1 443/2/1
f 449/1/1 446/1/1 445/1/1
f 450/1/1 446/1/1 449/1/1
f 453/1/1 448/1/1 447/1/1
f 454/1/1 448/1/1 453/1/1
f 457/2/1 452/2/1 451/2/1
f 457/2/1 453/2/1 452/2/1
f 458/2/1 453/2/1 457/2/1
f 459/2/1 456/2/1 455/2/1
f 460/2/1 456/2/1 459/2/1
f 461/2/1 453/2/1 458/2/1
f 462/2/1 453/2/1 461/2/1
f 467/1/1 464/1/1 463/1/1
f 470/1/1 466/1/1 465/1/1
f 471/1/1 467/1/1 463/1/1
f 472/2/1 468/2/1 467/2/1
f 472/1/1 467/1/1 471/1/1
f 473/2/1 468/2/1 472/2/1
f 474/2/1 468/2/1 473/2/1
f 475/2/1 470/2/1 469/2/1
f 476/1/1 466/1/1 470/1/1
f 476/2/1 470/2/1 475/2/1
f 477/1/1 466/1/1 476/1/1
f 478/2/1 473/2/1 472/2/1
f 479/2/1 473/2/1 478/2/1
f 480/2/1 475/2/1 469/2/1
f 481/2/1 475/2/1 480/2/1
f 486/1/1 483/1/1 482/1/1
f 489/1/1 485/1/1 484/1/1
f 490/1/1 486/1/1 482/1/1
f 491/2/1 487/2/1 486/2/1
f 491/1/1 486/1/1 490/1/1
f 492/2/1 487/2/1 491/2/1
f 493/2/1 489/2/1 488/2/1
f 494/1/1 485/1/1 489/1/1
f 494/2/1 489/2/1 493/2/1
f 495/1/1 485/1/1 494/1/1
f 498/2/1 497/2/1 496/2/1
f 499/2/1 497/2/1 498/2/1
f 504/1/1 501/1/1 500/1/1
f 505/1/1 501/1/1 504/1/1
f 508/1/1 503/1/1 502/1/1
f 509/1/1 503/1/1 508/1/1
f 510/2/1 506/2/1 505/2/1
f 511/2/1 506/2/1 510/2/1
f 512/2/1 508/2/1 507/2/1
f 513/2/1 508/2/1 512/2/1
f 514/2/1 508/2/1 513/2/1
f 519/3/1 516/3/1 515/3/1
f 520/3/1 516/3/1 519/3/1
f 523/3/1 518/3/1 517/3/1
f 524/3/1 518/3/1 523/3/1
f 525/2/1 521/2/1 520/2/1
f 528/2/1 523/2/1 522/2/1
f 529/2/1 526/2/1 525/2/1
f 529/2/1 525/2/1 520/2/1
f 530/2/1 526/2/1 529/2/1
f 531/2/1 528/2/1 527/2/1
f 531/2/1 523/2/1 528/2/1
f 532/2/1 523/2/1 531/2/1
f 533/2/1 526/2/1 530/2/1
f 534/2/1 526/2/1 533/2/1
f 535/2/1 531/2/1 527/2/1
f 536/2/1 531/2/1 535/2/1
f 541/3/1 538/3/1 537/3/1
f 542/3/1 538/3/1 541/3/1
f 543/3/1 540/3/1 539/3/1
f 544/3/1 540/3/1 543/3/1
f 545/3/1 538/3/1 542/3/1
f 546/3/1 538/3/1 545/3/1
f 549/3/1 543/3/1 539/3/1
f 550/3/1 543/3/1 549/3/1
f 551/2/1 547/2/1 546/2/1
f 552/2/1 549/2/1 548/2/1
f 553/2/1 547/2/1 551/2/1
f 554/2/1 547/2/1 553/2/1
f 555/2/1 552/2/1 548/2/1
f 556/2/1 552/2/1 555/2/1
f 561/3/1 558/3/1 557/3/1
f 562/3/1 558/3/1 561/3/1
f 565/3/1 560/3/1 559/3/1
f 566/3/1 560/3/1 565/3/1
f 567/2/1 563/2/1 562/2/1
f 570/2/1 565/2/1 564/2/1
f 571/2/1 568/2/1 567/2/1
f 571/2/1 567/2/1 562/2/1
f 572/2/1 568/2/1 571/2/1
f 573/2/1 570/2/1 569/2/1
f 574/2/1 565/2/1 570/2/1
f 574/2/1 570/2/1 573/2/1
f 581/3/1 576/3/1 575/3/1
f 584/2/1 578/2/1 577/2/1
f 585/2/1 578/2/1 584/2/1
f 588/3/1 580/3/1 579/3/1
f 589/3/1 581/3/1 575/3/1
f 590/3/1 581/3/1 589/3/1
f 591/2/1 582/2/1 581/2/1
f 592/2/1 586/2/1 585/2/1
f 592/2/1 584/2/1 583/2/1
f 592/2/1 585/2/1 584/2/1
f 593/2/1 586/2/1 592/2/1
f 594/2/1 588/2/1 587/2/1
f 595/3/1 580/3/1 588/3/1
f 596/3/1 580/3/1 595/3/1
f 597/3/1 581/3/1 590/3/1
f 598/2/1 591/2/1 581/2/1
f 598/3/1 581/3/1 597/3/1
f 598/2/1 593/2/1 592/2/1
f 598/2/1 594/2/1 593/2/1
f 598/2/1 592/2/1 591/2/1
f 599/2/1 588/2/1 594/2/1
f 599/2/1 594/2/1 598/2/1
f 599/3/1 595/3/1 588/3/1
f 600/3/1 595/3/1 599/3/1
f 601/2/1 599/2/1 598/2/1
f 602/2/1 599/2/1 601/2/1
f 607/1/1 604/1/1 603/1/1
f 608/1/1 604/1/1 607/1/1
f 609/1/1 604/1/1 608/1/1
f 610/1/1 604/1/1 609/1/1
f 611/1/1 606/1/1 605/1/1
f 612/1/1 606/1/1 611/1/1
f 613/1/1 606/1/1 612/1/1
f 614/1/1 606/1/1 613/1/1
f 615/1/1 609/1/1 608/1/1
f 616/1/1 609/1/1 615/1/1
f 617/1/1 613/1/1 612/1/1
f 618/1/1 613/1/1 617/1/1
f 619/1/2 620/1/2 623/1/2
f 623/1/2 620/1/2 624/1/2
f 624/1/2 620/1/2 625/1/2
f 625/1/2 620/1/2 626/1/2
f 621/1/2 622/1/2 627/1/2
f 627/1/2 622/1/2 628/1/2
f 628/1/2 622/1/2 629/1/2
f 629/1/2 622/1/2 630/1/2
f 624/1/2 625/1/2 631/1/2
f 631/1/2 625/1/2 632/1/2
f 628/1/2 629/1/2 633/1/2
f 633/1/2 629/1/2 634/1/2
f 630/1/2 622/1/2 635/1/2
f 635/1/2 622/1/2 636/1/2
f 637/3/2 638/3/2 643/3/2
f 639/2/2 640/2/2 646/2/2
f 646/2/2 640/2/2 647/2/2
f 637/3/2 643/3/2 651/3/2
f 651/3/2 643/3/2 652/3/2
f 643/2/2 644/2/2 653/2/2
f 645/2/2 646/2/2 654/2/2
f 646/2/2 647/2/2 654/2/2
f 647/2/2 648/2/2 654/2/2
f 654/2/2 648/2/2 655/2/2
f 649/2/2 650/2/2 656/2/2
f 656/2/2 650/2/2 657/2/2
f 641/3/2 642/3/2 658/3/2
f 658/3/2 642/3/2 659/3/2
f 659/3/2 642/3/2 660/3/2
f 652/3/2 643/3/2 661/3/2
f 656/2/2 657/2/2 662/2/2
f 661/3/2 643/3/2 662/3/2
f 654/2/2 655/2/2 662/2/2
f 657/2/2 658/2/2 662/2/2
f 643/2/2 653/2/2 662/2/2
f 655/2/2 656/2/2 662/2/2
f 653/2/2 654/2/2 662/2/2
f 662/2/2 658/2/2 663/2/2
f 663/2/2 658/2/2 664/2/2
f 658/3/2 659/3/2 665/3/2
f 664/2/2 658/2/2 665/2/2
f 665/3/2 659/3/2 666/3/2
f 662/2/2 663/2/2 667/2/2
f 667/2/2 663/2/2 668/2/2
f 664/2/2 665/2/2 669/2/2
f 669/2/2 665/2/2 670/2/2
f 671/3/2 672/3/2 675/3/2
f 675/3/2 672/3/2 676/3/2
f 673/3/2 674/3/2 679/3/2
f 679/3/2 674/3/2 680/3/2
f 676/2/2 677/2/2 681/2/2
f 678/2/2 679/2/2 684/2/2
f 681/2/2 682/2/2 685/2/2
f 676/2/2 681/2/2 685/2/2
f 685/2/2 682/2/2 686/2/2
f 683/2/2 684/2/2 687/2/2
f 684/2/2 679/2/2 688/2/2
f 687/2/2 684/2/2 688/2/2
f 689/3/2 690/3/2 693/3/2
f 693/3/2 690/3/2 694/3/2
f 691/3/2 692/3/2 695/3/2
f 695/3/2 692/3/2 696/3/2
f 694/3/2 690/3/2 697/3/2
f 697/3/2 690/3/2 698/3/2
f 691/3/2 695/3/2 701/3/2
f 701/3/2 695/3/2 702/3/2
f 698/2/2 699/2/2 703/2/2
f 700/2/2 701/2/2 704/2/2
f 703/2/2 699/2/2 705/2/2
f 705/2/2 699/2/2 706/2/2
f 700/2/2 704/2/2 707/2/2
f 707/2/2 704/2/2 708/2/2
f 709/3/2 710/3/2 713/3/2
f 713/3/2 710/3/2 714/3/2
f 711/3/2 712/3/2 717/3/2
f 717/3/2 712/3/2 718/3/2
f 714/2/2 715/2/2 719/2/2
f 716/2/2 717/2/2 722/2/2
f 719/2/2 720/2/2 723/2/2
f 714/2/2 719/2/2 723/2/2
f 723/2/2 720/2/2 724/2/2
f 721/2/2 722/2/2 725/2/2
f 722/2/2 717/2/2 725/2/2
f 725/2/2 717/2/2 726/2/2
f 724/2/2 720/2/2 727/2/2
f 727/2/2 720/2/2 728/2/2
f 721/2/2 725/2/2 729/2/2
f 729/2/2 725/2/2 730/2/2
f 731/1/2 732/1/2 735/1/2
f 733/1/2 734/1/2 738/1/2
f 738/1/2 734/1/2 739/1/2
f 731/1/2 735/1/2 740/1/2
f 735/2/2 736/2/2 741/2/2
f 740/1/2 735/1/2 741/1/2
f 741/2/2 736/2/2 742/2/2
f 742/2/2 736/2/2 743/2/2
f 737/2/2 738/2/2 744/2/2
f 744/2/2 738/2/2 745/2/2
f 748/1/2 749/1/2 751/1/2
f 746/1/2 747/1/2 752/1/2
f 752/1/2 747/1/2 753/1/2
f 750/2/2 751/2/2 755/2/2
f 751/1/2 749/1/2 755/1/2
f 755/1/2 749/1/2 756/1/2
f 753/2/2 754/2/2 757/2/2
f 757/2/2 754/2/2 758/2/2
f 750/2/2 755/2/2 759/2/2
f 759/2/2 755/2/2 760/2/2
f 761/1/2 762/1/2 765/1/2
f 763/1/2 764/1/2 768/1/2
f 761/1/2 765/1/2 769/1/2
f 765/2/2 766/2/2 770/2/2
f 769/1/2 765/1/2 770/1/2
f 770/2/2 766/2/2 771/2/2
f 767/2/2 768/2/2 772/2/2
f 768/1/2 764/1/2 772/1/2
f 772/1/2 764/1/2 773/1/2
f 767/2/2 772/2/2 774/2/2
f 774/2/2 772/2/2 775/2/2
f 776/1/2 777/1/2 780/1/2
f 780/1/2 777/1/2 781/1/2
f 778/1/2 779/1/2 785/1/2
f 785/1/2 779/1/2 786/1/2
f 782/2/2 783/2/2 787/2/2
f 781/2/2 782/2/2 787/2/2
f 787/2/2 783/2/2 788/2/2
f 781/2/2 787/2/2 789/2/2
f 789/2/2 787/2/2 790/2/2
f 784/2/2 785/2/2 791/2/2
f 791/2/2 785/2/2 792/2/2
f 799/1/2 800/1/2 801/1/2
f 801/1/2 800/1/2 802/1/2
f 793/1/2 794/1/2 803/1/2
f 803/1/2 794/1/2 804/1/2
f 795/2/2 796/2/2 806/2/2
f 806/2/2 796/2/2 807/2/2
f 797/2/2 798/2/2 808/2/2
f 808/2/2 798/2/2 809/2/2
f 805/2/2 806/2/2 811/2/2
f 809/2/2 810/2/2 812/2/2
f 811/2/2 806/2/2 813/2/2
f 813/2/2 806/2/2 814/2/2
f 809/2/2 812/2/2 815/2/2
f 815/2/2 812/2/2 816/2/2
f 817/1/2 818/1/2 821/1/2
f 821/1/2 818/1/2 822/1/2
f 819/1/2 820/1/2 824/1/2
f 824/1/2 820/1/2 825/1/2
f 826/2/2 827/2/2 828/2/2
f 823/2/2 824/2/2 829/2/2
f 828/2/2 827/2/2 830/2/2
f 830/2/2 827/2/2 831/2/2
f 823/2/2 829/2/2 832/2/2
f 832/2/2 829/2/2 833/2/2
f 834/1/2 835/1/2 838/1/2
f 838/1/2 835/1/2 839/1/2
f 836/1/2 837/1/2 842/1/2
f 842/1/2 837/1/2 843/1/2
f 839/2/2 840/2/2 844/2/2
f 844/2/2 840/2/2 845/2/2
f 841/2/2 842/2/2 846/2/2
f 846/2/2 842/2/2 847/2/2
f 848/3/2 849/3/2 852/3/2
f 852/3/2 849/3/2 853/3/2
f 850/3/2 851/3/2 856/3/2
f 856/3/2 851/3/2 857/3/2
f 853/2/2 854/2/2 858/2/2
f 858/2/2 854/2/2 859/2/2
f 855/2/2 856/2/2 860/2/2
f 860/2/2 856/2/2 861/2/2
f 862/2/2 863/2/2 866/2/2
f 866/2/2 863/2/2 867/2/2
f 864/2/2 865/2/2 868/2/2
f 868/2/2 865/2/2 869/2/2
f 870/3/2 871/3/2 874/3/2
f 874/3/2 871/3/2 875/3/2
f 872/3/2 873/3/2 878/3/2
f 878/3/2 873/3/2 879/3/2
f 875/2/2 876/2/2 880/2/2
f 880/2/2 876/2/2 881/2/2
f 877/2/2 878/2/2 882/2/2
f 882/2/2 878/2/2 883/2/2
f 884/3/2 885/3/2 888/3/2
f 888/3/2 885/3/2 889/3/2
f 886/3/2 887/3/2 892/3/2
f 892/3/2 887/3/2 893/3/2
f 889/2/2 890/2/2 894/2/2
f 894/2/2 890/2/2 895/2/2
f 891/2/2 892/2/2 896/2/2
f 896/2/2 892/2/2 897/2/2
f 898/2/2 899/2/2 902/2/2
f 902/2/2 899/2/2 903/2/2
f 900/2/2 901/2/2 904/2/2
f 904/2/2 901/2/2 905/2/2
f 906/3/2 907/3/2 910/3/2
f 910/3/2 907/3/2 911/3/2
f 908/3/2 909/3/2 912/3/2
f 912/3/2 909/3/2 913/3/2
f 914/2/2 915/2/2 918/2/2
f 916/2/2 917/2/2 919/2/2
f 918/2/2 915/2/2 920/2/2
f 920/2/2 915/2/2 921/2/2
f 916/2/2 919/2/2 922/2/2
f 922/2/2 919/2/2 923/2/2
f 924/2/2 925/2/2 928/2/2
f 928/2/2 925/2/2 929/2/2
f 926/2/2 927/2/2 930/2/2
f 930/2/2 927/2/2 931/2/2
f 932/1/2 933/1/2 936/1/2
f 936/1/2 933/1/2 937/1/2
f 934/1/2 935/1/2 939/1/2
f 939/1/2 935/1/2 940/1/2
f 937/2/2 938/2/2 941/2/2
f 941/2/2 938/2/2 942/2/2
f 943/2/2 944/2/2 947/2/2
f 947/2/2 944/2/2 948/2/2
f 945/2/2 946/2/2 949/2/2
f 949/2/2 946/2/2 950/2/2
f 951/1/2 952/1/2 955/1/2
f 955/1/2 952/1/2 956/1/2
f 953/1/2 954/1/2 957/1/2
f 957/1/2 954/1/2 958/1/2
f 959/2/2 960/2/2 961/2/2
f 961/2/2 960/2/2 962/2/2
f 963/2/2 964/2/2 965/2/2
f 965/2/2 964/2/2 966/2/2
f 967/1/2 968/1/2 971/1/2
f 971/1/2 968/1/2 972/1/2
f 969/1/2 970/1/2 973/1/2
f 973/1/2 970/1/2 974/1/2
f 975/2/2 976/2/2 977/2/2
f 977/2/2 976/2/2 978/2/2
f 979/3/2 980/3/2 983/3/2
f 981/3/2 982/3/2 986/3/2
f 979/3/2 983/3/2 987/3/2
f 983/2/2 984/2/2 988/2/2
f 987/3/2 983/3/2 988/3/2
f 985/2/2 986/2/2 989/2/2
f 986/3/2 982/3/2 989/3/2
f 989/3/2 982/3/2 990/3/2
f 988/2/2 984/2/2 991/2/2
f 991/2/2 984/2/2 992/2/2
f 985/2/2 989/2/2 993/2/2
f 993/2/2 989/2/2 994/2/2
f 995/3/2 996/3/2 999/3/2
f 999/3/2 996/3/2 1000/3/2
f 997/3/2 998/3/2 1003/3/2
f 1003/3/2 998/3/2 1004/3/2
f 1000/2/2 1001/2/2 1005/2/2
f 1002/2/2 1003/2/2 1006/2/2
f 1000/2/2 1005/2/2 1007/2/2
f 1007/2/2 1005/2/2 1008/2/2
f 1006/2/2 1003/2/2 1009/2/2
f 1009/2/2 1003/2/2 1010/2/2
f 1011/3/2 1012/3/2 1015/3/2
f 1015/3/2 1012/3/2 1016/3/2
f 1013/3/2 1014/3/2 1019/3/2
f 1019/3/2 1014/3/2 1020/3/2
f 1016/2/2 1017/2/2 1021/2/2
f 1021/2/2 1017/2/2 1022/2/2
f 1018/2/2 1019/2/2 1023/2/2
f 1023/2/2 1019/2/2 1024/2/2
f 1025/3/2 1026/3/2 1029/3/2
f 1029/3/2 1026/3/2 1030/3/2
f 1027/3/2 1028/3/2 1033/3/2
f 1033/3/2 1028/3/2 1034/3/2
f 1030/2/2 1031/2/2 1035/2/2
f 1035/2/2 1031/2/2 1036/2/2
f 1032/2/2 1033/2/2 1037/2/2
f 1037/2/2 1033/2/2 1038/2/2
f 1039/3/2 1040/3/2 1043/3/2
f 1043/3/2 1040/3/2 1044/3/2
f 1041/3/2 1042/3/2 1047/3/2
f 1047/3/2 1042/3/2 1048/3/2
f 1044/2/2 1045/2/2 1049/2/2
f 1049/2/2 1045/2/2 1050/2/2
f 1046/2/2 1047/2/2 1051/2/2
f 1051/2/2 1047/2/2 1052/2/2
f 1053/1/2 1054/1/2 1057/1/2
f 1057/1/2 1054/1/2 1058/1/2
f 1055/1/2 1056/1/2 1059/1/2
f 1059/1/2 1056/1/2 1060/1/2
f 1061/1/2 1062/1/2 1065/1/2
f 1065/1/2 1062/1/2 1066/1/2
f 1063/1/2 1064/1/2 1067/1/2
f 1067/1/2 1064/1/2 1068/1/2
f 1071/2/2 1072/2/2 1077/2/2
f 1077/2/2 1072/2/2 1078/2/2
f 1073/2/2 1074/2/2 1079/2/2
f 1079/2/2 1074/2/2 1080/2/2
f 1069/1/2 1070/1/2 1081/1/2
f 1081/1/2 1070/1/2 1082/1/2
f 1075/1/2 1076/1/2 1085/1/2
f 1085/1/2 1076/1/2 1086/1/2
f 1082/2/2 1083/2/2 1087/2/2
f 1087/2/2 1083/2/2 1088/2/2
f 1084/2/2 1085/2/2 1089/2/2
f 1089/2/2 1085/2/2 1090/2/2
f 1091/1/2 1092/1/2 1095/1/2
f 1095/1/2 1092/1/2 1096/1/2
f 1093/1/2 1094/1/2 1099/1/2
f 1099/1/2 1094/1/2 1100/1/2
f 1096/2/2 1097/2/2 1101/2/2
f 1101/2/2 1097/2/2 1102/2/2
f 1098/2/2 1099/2/2 1103/2/2
f 1103/2/2 1099/2/2 1104/2/2
f 1105/1/2 1106/1/2 1109/1/2
f 1107/1/2 1108/1/2 1113/1/2
f 1105/1/2 1109/1/2 1114/1/2
f 1109/2/2 1110/2/2 1115/2/2
f 1114/1/2 1109/1/2 1115/1/2
f 1115/2/2 1110/2/2 1116/2/2
f 1111/2/2 1112/2/2 1117/2/2
f 1112/2/2 1113/2/2 1117/2/2
f 1113/1/2 1108/1/2 1118/1/2
f 1117/2/2 1113/2/2 1118/2/2
f 1118/1/2 1108/1/2 1119/1/2
f 1120/1/2 1121/1/2 1124/1/2
f 1122/1/2 1123/1/2 1127/1/2
f 1120/1/2 1124/1/2 1128/1/2
f 1124/2/2 1125/2/2 1129/2/2
f 1128/1/2 1124/1/2 1129/1/2
f 1129/2/2 1125/2/2 1130/2/2
f 1126/2/2 1127/2/2 1132/2/2
f 1127/1/2 1123/1/2 1133/1/2
f 1132/2/2 1127/2/2 1133/2/2
f 1133/1/2 1123/1/2 1134/1/2
f 1131/2/2 1132/2/2 1135/2/2
f 1135/2/2 1132/2/2 1136/2/2
f 1137/1/2 1138/1/2 1141/1/2
f 1141/1/2 1138/1/2 1142/1/2
f 1139/1/2 1140/1/2 1145/1/2
f 1145/1/2 1140/1/2 1146/1/2
f 1142/2/2 1143/2/2 1147/2/2
f 1147/2/2 1143/2/2 1148/2/2
f 1144/2/2 1145/2/2 1149/2/2
f 1149/2/2 1145/2/2 1150/2/2
f 1151/3/2 1152/3/2 1155/3/2
f 1155/3/2 1152/3/2 1156/3/2
f 1153/3/2 1154/3/2 1159/3/2
f 1159/3/2 1154/3/2 1160/3/2
f 1156/2/2 1157/2/2 1161/2/2
f 1161/2/2 1157/2/2 1162/2/2
f 1158/2/2 1159/2/2 1165/2/2
f 1165/2/2 1159/2/2 1166/2/2
f 1162/2/2 1163/2/2 1167/2/2
f 1167/2/2 1163/2/2 1168/2/2
f 1164/2/2 1165/2/2 1169/2/2
f 1169/2/2 1165/2/2 1170/2/2
f 1171/3/2 1172/3/2 1175/3/2
f 1175/3/2 1172/3/2 1176/3/2
f 1173/3/2 1174/3/2 1177/3/2
f 1177/3/2 1174/3/2 1178/3/2
f 1176/3/2 1172/3/2 1179/3/2
f 1179/3/2 1172/3/2 1180/3/2
f 1173/3/2 1177/3/2 1183/3/2
f 1183/3/2 1177/3/2 1184/3/2
f 1180/2/2 1181/2/2 1185/2/2
f 1185/2/2 1181/2/2 1186/2/2
f 1182/2/2 1183/2/2 1187/2/2
f 1187/2/2 1183/2/2 1188/2/2
f 1189/3/2 1190/3/2 1193/3/2
f 1193/3/2 1190/3/2 1194/3/2
f 1191/3/2 1192/3/2 1195/3/2
f 1195/3/2 1192/3/2 1196/3/2
f 1197/2/2 1198/2/2 1201/2/2
f 1201/2/2 1198/2/2 1202/2/2
f 1199/2/2 1200/2/2 1203/2/2
f 1203/2/2 1200/2/2 1204/2/2
f 1205/3/2 1206/3/2 1213/3/2
f 1209/2/2 1210/2/2 1214/2/2
f 1214/2/2 1210/2/2 1215/2/2
f 1211/2/2 1212/2/2 1216/2/2
f 1216/2/2 1212/2/2 1217/2/2
f 1207/3/2 1208/3/2 1218/3/2
f 1205/3/2 1213/3/2 1219/3/2
f 1214/2/2 1215/2/2 1220/2/2
f 1219/3/2 1213/3/2 1220/3/2
f 1216/2/2 1217/2/2 1220/2/2
f 1217/2/2 1218/2/2 1220/2/2
f 1213/2/2 1214/2/2 1220/2/2
f 1215/2/2 1216/2/2 1220/2/2
f 1218/3/2 1208/3/2 1221/3/2
f 1220/2/2 1218/2/2 1221/2/2
f 1221/3/2 1208/3/2 1222/3/2
f 1223/1/2 1224/1/2 1225/1/2
f 1225/1/2 1224/1/2 1226/1/2
f 1226/1/2 1224/1/2 1227/1/2
f 1227/1/2 1224/1/2 1228/1/2
f 1223/1/2 1225/1/2 1229/1/2
f 1229/1/2 1225/1/2 1230/1/2
f 1226/1/2 1227/1/2 1231/1/2
f 1231/1/2 1227/1/2 1232/1/2
f 1228/1/2 1224/1/2 1233/1/2
f 1233/1/2 1224/1/2 1234/1/2
f 1237/1/3 1236/1/3 1235/1/3
f 1238/1/3 1236/1/3 1237/1/3
f 1239/1/3 1237/1/3 1235/1/3
f 1241/1/3 1239/1/3 1235/1/3
f 1241/1/3 1240/1/3 1239/1/3
f 1242/1/3 1240/1/3 1241/1/3
f 1243/1/3 1241/1/3 1235/1/3
f 1245/1/3 1243/1/3 1235/1/3
f 1245/1/3 1244/1/3 1243/1/3
f 1246/1/3 1244/1/3 1245/1/3
f 1249/3/3 1248/3/3 1247/3/3
f 1250/3/3 1248/3/3 1249/3/3
f 1251/3/3 1248/3/3 1250/3/3
f 1253/2/3 1251/2/3 1250/2/3
f 1254/2/3 1251/2/3 1253/2/3
f 1255/2/3 1253/2/3 1252/2/3
f 1256/2/3 1253/2/3 1255/2/3
f 1259/2/3 1258/2/3 1257/2/3
f 1260/2/3 1258/2/3 1259/2/3
f 1263/2/3 1261/2/3 1260/2/3
f 1264/2/3 1261/2/3 1263/2/3
f 1265/3/3 1263/3/3 1262/3/3
f 1265/3/3 1264/3/3 1263/3/3
f 1266/3/3 1264/3/3 1265/3/3
f 1269/3/3 1268/3/3 1267/3/3
f 1270/3/3 1268/3/3 1269/3/3
f 1273/2/3 1272/2/3 1271/2/3
f 1274/2/3 1272/2/3 1273/2/3
f 1279/2/3 1276/2/3 1275/2/3
f 1280/2/3 1276/2/3 1279/2/3
f 1281/3/3 1278/3/3 1277/3/3
f 1282/3/3 1278/3/3 1281/3/3
f 1285/3/3 1284/3/3 1283/3/3
f 1287/3/3 1285/3/3 1283/3/3
f 1287/3/3 1286/3/3 1285/3/3
f 1288/3/3 1286/3/3 1287/3/3
f 1290/2/3 1289/2/3 1288/2/3
f 1291/2/3 1289/2/3 1290/2/3
f 1295/2/3 1293/2/3 1292/2/3
f 1296/2/3 1293/2/3 1295/2/3
f 1297/3/3 1295/3/3 1294/3/3
f 1298/3/3 1295/3/3 1297/3/3
f 1299/3/3 1297/3/3 1294/3/3
f 1300/3/3 1297/3/3 1299/3/3
f 1303/3/3 1302/3/3 1301/3/3
f 1304/3/3 1302/3/3 1303/3/3
f 1306/2/3 1305/2/3 1304/2/3
f 1307/2/3 1305/2/3 1306/2/3
f 1309/2/3 1308/2/3 1307/2/3
f 1310/2/3 1308/2/3 1309/2/3
f 1314/2/3 1312/2/3 1311/2/3
f 1315/2/3 1312/2/3 1314/2/3
f 1317/2/3 1314/2/3 1313/2/3
f 1318/2/3 1314/2/3 1317/2/3
f 1319/3/3 1317/3/3 1316/3/3
f 1320/3/3 1317/3/3 1319/3/3
f 1323/1/3 1322/1/3 1321/1/3
f 1324/1/3 1322/1/3 1323/1/3
f 1326/2/3 1325/2/3 1324/2/3
f 1327/2/3 1325/2/3 1326/2/3
f 1331/2/3 1329/2/3 1328/2/3
f 1332/2/3 1329/2/3 1331/2/3
f 1333/1/3 1331/1/3 1330/1/3
f 1334/1/3 1331/1/3 1333/1/3
f 1337/1/3 1336/1/3 1335/1/3
f 1338/1/3 1336/1/3 1337/1/3
f 1339/1/3 1336/1/3 1338/1/3
f 1340/2/3 1339/2/3 1338/2/3
f 1341/2/3 1339/2/3 1340/2/3
f 1345/2/3 1343/2/3 1342/2/3
f 1346/2/3 1343/2/3 1345/2/3
f 1347/1/3 1345/1/3 1344/1/3
f 1347/1/3 1346/1/3 1345/1/3
f 1348/1/3 1346/1/3 1347/1/3
f 1351/1/3 1350/1/3 1349/1/3
f 1352/1/3 1350/1/3 1351/1/3
f 1353/1/3 1350/1/3 1352/1/3
f 1354/2/3 1353/2/3 1352/2/3
f 1355/2/3 1353/2/3 1354/2/3
f 1359/2/3 1357/2/3 1356/2/3
f 1360/2/3 1357/2/3 1359/2/3
f 1361/1/3 1359/1/3 1358/1/3
f 1361/1/3 1360/1/3 1359/1/3
f 1362/1/3 1360/1/3 1361/1/3
f 1365/1/3 1364/1/3 1363/1/3
f 1366/1/3 1364/1/3 1365/1/3
f 1368/2/3 1367/2/3 1366/2/3
f 1369/2/3 1367/2/3 1368/2/3
f 1373/2/3 1371/2/3 1370/2/3
f 1374/2/3 1371/2/3 1373/2/3
f 1375/1/3 1373/1/3 1372/1/3
f 1376/1/3 1373/1/3 1375/1/3
f 1379/1/3 1378/1/3 1377/1/3
f 1380/1/3 1378/1/3 1379/1/3
f 1384/2/3 1381/2/3 1380/2/3
f 1385/2/3 1381/2/3 1384/2/3
f 1386/2/3 1383/2/3 1382/2/3
f 1387/2/3 1383/2/3 1386/2/3
f 1390/2/3 1389/2/3 1388/2/3
f 1391/2/3 1389/2/3 1390/2/3
f 1395/2/3 1393/2/3 1392/2/3
f 1396/2/3 1393/2/3 1395/2/3
f 1397/1/3 1395/1/3 1394/1/3
f 1398/1/3 1395/1/3 1397/1/3
f 1401/1/3 1400/1/3 1399/1/3
f 1402/1/3 1400/1/3 1401/1/3
f 1405/1/3 1404/1/3 1403/1/3
f 1406/1/3 1404/1/3 1405/1/3
f 1409/1/3 1408/1/3 1407/1/3
f 1410/1/3 1408/1/3 1409/1/3
f 1413/1/3 1412/1/3 1411/1/3
f 1414/1/3 1412/1/3 1413/1/3
f 1417/3/3 1416/3/3 1415/3/3
f 1418/3/3 1416/3/3 1417/3/3
f 1420/2/3 1419/2/3 1418/2/3
f 1421/2/3 1419/2/3 1420/2/3
f 1425/2/3 1423/2/3 1422/2/3
f 1426/2/3 1423/2/3 1425/2/3
f 1427/3/3 1425/3/3 1424/3/3
f 1428/3/3 1425/3/3 1427/3/3
f 1431/3/3 1430/3/3 1429/3/3
f 1432/3/3 1430/3/3 1431/3/3
f 1434/2/3 1433/2/3 1432/2/3
f 1435/2/3 1433/2/3 1434/2/3
f 1439/2/3 1437/2/3 1436/2/3
f 1440/2/3 1437/2/3 1439/2/3
f 1441/3/3 1439/3/3 1438/3/3
f 1442/3/3 1439/3/3 1441/3/3
f 1445/3/3 1444/3/3 1443/3/3
f 1446/3/3 1444/3/3 1445/3/3
f 1448/2/3 1447/2/3 1446/2/3
f 1449/2/3 1447/2/3 1448/2/3
f 1453/2/3 1451/2/3 1450/2/3
f 1454/2/3 1451/2/3 1453/2/3
f 1455/3/3 1453/3/3 1452/3/3
f 1456/3/3 1453/3/3 1455/3/3
f 1459/3/3 1458/3/3 1457/3/3
f 1460/3/3 1458/3/3 1459/3/3
f 1462/2/3 1461/2/3 1460/2/3
f 1463/2/3 1461/2/3 1462/2/3
f 1464/2/3 1461/2/3 1463/2/3
f 1469/2/3 1466/2/3 1465/2/3
f 1469/2/3 1467/2/3 1466/2/3
f 1470/2/3 1467/2/3 1469/2/3
f 1471/3/3 1469/3/3 1468/3/3
f 1472/3/3 1469/3/3 1471/3/3
f 1475/3/3 1474/3/3 1473/3/3
f 1476/3/3 1474/3/3 1475/3/3
f 1477/3/3 1474/3/3 1476/3/3
f 1479/2/3 1478/2/3 1477/2/3
f 1479/2/3 1477/2/3 1476/2/3
f 1480/2/3 1478/2/3 1479/2/3
f 1484/2/3 1482/2/3 1481/2/3
f 1485/2/3 1482/2/3 1484/2/3
f 1486/2/3 1482/2/3 1485/2/3
f 1487/3/3 1484/3/3 1483/3/3
f 1487/3/3 1485/3/3 1484/3/3
f 1488/3/3 1485/3/3 1487/3/3
f 1491/1/3 1490/1/3 1489/1/3
f 1492/1/3 1490/1/3 1491/1/3
f 1495/1/3 1494/1/3 1493/1/3
f 1496/1/3 1494/1/3 1495/1/3
f 1499/2/3 1498/2/3 1497/2/3
f 1500/2/3 1498/2/3 1499/2/3
f 1503/2/3 1502/2/3 1501/2/3
f 1504/2/3 1502/2/3 1503/2/3
f 1509/1/3 1506/1/3 1505/1/3
f 1510/1/3 1506/1/3 1509/1/3
f 1511/2/3 1508/2/3 1507/2/3
f 1512/2/3 1508/2/3 1511/2/3
f 1515/2/3 1514/2/3 1513/2/3
f 1516/2/3 1514/2/3 1515/2/3
f 1519/1/3 1518/1/3 1517/1/3
f 1520/1/3 1518/1/3 1519/1/3
f 1523/1/3 1522/1/3 1521/1/3
f 1524/1/3 1522/1/3 1523/1/3
f 1526/2/3 1525/2/3 1524/2/3
f 1527/2/3 1525/2/3 1526/2/3
f 1530/1/3 1529/1/3 1528/1/3
f 1531/1/3 1529/1/3 1530/1/3
f 1534/2/3 1533/2/3 1532/2/3
f 1535/2/3 1533/2/3 1534/2/3
f 1538/2/3 1537/2/3 1536/2/3
f 1539/2/3 1537/2/3 1538/2/3
f 1542/3/3 1541/3/3 1540/3/3
f 1543/3/3 1541/3/3 1542/3/3
f 1547/2/3 1546/2/3 1545/2/3
f 1547/2/3 1545/2/3 1544/2/3
f 1548/2/3 1546/2/3 1547/2/3
f 1553/2/3 1550/2/3 1549/2/3
f 1554/2/3 1550/2/3 1553/2/3
f 1555/2/3 1550/2/3 1554/2/3
f 1556/3/3 1552/3/3 1551/3/3
f 1557/3/3 1552/3/3 1556/3/3
f 1560/2/3 1559/2/3 1558/2/3
f 1561/2/3 1559/2/3 1560/2/3
f 1564/2/3 1563/2/3 1562/2/3
f 1565/2/3 1563/2/3 1564/2/3
f 1568/3/3 1567/3/3 1566/3/3
f 1569/3/3 1567/3/3 1568/3/3
f 1571/2/3 1570/2/3 1569/2/3
f 1572/2/3 1570/2/3 1571/2/3
f 1576/2/3 1574/2/3 1573/2/3
f 1577/2/3 1574/2/3 1576/2/3
f 1578/3/3 1576/3/3 1575/3/3
f 1579/3/3 1576/3/3 1578/3/3
f 1582/3/3 1581/3/3 1580/3/3
f 1583/3/3 1581/3/3 1582/3/3
f 1585/2/3 1584/2/3 1583/2/3
f 1586/2/3 1584/2/3 1585/2/3
f 1590/2/3 1588/2/3 1587/2/3
f 1591/2/3 1588/2/3 1590/2/3
f 1592/3/3 1590/3/3 1589/3/3
f 1593/3/3 1590/3/3 1592/3/3
f 1596/2/3 1595/2/3 1594/2/3
f 1597/2/3 1595/2/3 1596/2/3
f 1600/2/3 1599/2/3 1598/2/3
f 1601/2/3 1599/2/3 1600/2/3
f 1604/3/3 1603/3/3 1602/3/3
f 1605/3/3 1603/3/3 1604/3/3
f 1607/2/3 1606/2/3 1605/2/3
f 1608/2/3 1606/2/3 1607/2/3
f 1612/2/3 1610/2/3 1609/2/3
f 1613/2/3 1610/2/3 1612/2/3
f 1614/3/3 1612/3/3 1611/3/3
f 1615/3/3 1612/3/3 1614/3/3
f 1618/2/3 1617/2/3 1616/2/3
f 1619/2/3 1617/2/3 1618/2/3
f 1622/1/3 1621/1/3 1620/1/3
f 1623/1/3 1621/1/3 1622/1/3
f 1625/2/3 1624/2/3 1623/2/3
f 1626/2/3 1624/2/3 1625/2/3
f 1630/2/3 1628/2/3 1627/2/3
f 1631/2/3 1628/2/3 1630/2/3
f 1632/2/3 1628/2/3 1631/2/3
f 1634/2/3 1630/2/3 1629/2/3
f 1634/2/3 1631/2/3 1630/2/3
f 1635/2/3 1631/2/3 1634/2/3
f 1636/1/3 1634/1/3 1633/1/3
f 1637/1/3 1634/1/3 1636/1/3
f 1640/1/3 1639/1/3 1638/1/3
f 1641/1/3 1639/1/3 1640/1/3
f 1645/2/3 1644/2/3 1643/2/3
f 1645/2/3 1643/2/3 1642/2/3
f 1646/2/3 1644/2/3 1645/2/3
f 1649/2/3 1648/2/3 1647/2/3
f 1650/2/3 1648/2/3 1649/2/3
f 1653/1/3 1652/1/3 1651/1/3
f 1654/1/3 1652/1/3 1653/1/3
f 1657/1/3 1656/1/3 1655/1/3
f 1658/1/3 1656/1/3 1657/1/3
f 1663/2/3 1661/2/3 1660/2/3
f 1663/2/3 1660/2/3 1659/2/3
f 1664/2/3 1661/2/3 1663/2/3
f 1665/2/3 1663/2/3 1662/2/3
f 1666/2/3 1663/2/3 1665/2/3
f 1669/2/3 1668/2/3 1667/2/3
f 1670/2/3 1668/2/3 1669/2/3
f 1675/2/3 1672/2/3 1671/2/3
f 1676/2/3 1672/2/3 1675/2/3
f 1677/1/3 1674/1/3 1673/1/3
f 1678/1/3 1674/1/3 1677/1/3
f 1681/1/3 1680/1/3 1679/1/3
f 1682/1/3 1680/1/3 1681/1/3
f 1684/2/3 1683/2/3 1682/2/3
f 1685/2/3 1683/2/3 1684/2/3
f 1689/2/3 1687/2/3 1686/2/3
f 1690/2/3 1687/2/3 1689/2/3
f 1691/1/3 1689/1/3 1688/1/3
f 1692/1/3 1689/1/3 1691/1/3
f 1695/1/3 1694/1/3 1693/1/3
f 1696/1/3 1694/1/3 1695/1/3
f 1697/1/3 1694/1/3 1696/1/3
f 1699/2/3 1698/2/3 1697/2/3
f 1699/2/3 1697/2/3 1696/2/3
f 1700/2/3 1698/2/3 1699/2/3
f 1704/2/3 1702/2/3 1701/2/3
f 1705/2/3 1702/2/3 1704/2/3
f 1706/2/3 1702/2/3 1705/2/3
f 1707/1/3 1704/1/3 1703/1/3
f 1707/1/3 1705/1/3 1704/1/3
f 1708/1/3 1705/1/3 1707/1/3
f 1711/1/3 1710/1/3 1709/1/3
f 1712/1/3 1710/1/3 1711/1/3
f 1714/2/3 1713/2/3 1712/2/3
f 1715/2/3 1713/2/3 1714/2/3
f 1719/2/3 1717/2/3 1716/2/3
f 1720/2/3 1717/2/3 1719/2/3
f 1721/2/3 1717/2/3 1720/2/3
f 1722/1/3 1719/1/3 1718/1/3
f 1722/1/3 1720/1/3 1719/1/3
f 1723/1/3 1720/1/3 1722/1/3
f 1726/1/3 1725/1/3 1724/1/3
f 1727/1/3 1725/1/3 1726/1/3
f 1729/2/3 1728/2/3 1727/2/3
f 1730/2/3 1728/2/3 1729/2/3
f 1733/2/3 1732/2/3 1731/2/3
f 1736/2/3 1733/2/3 1731/2/3
f 1736/2/3 1734/2/3 1733/2/3
f 1737/2/3 1734/2/3 1736/2/3
f 1738/1/3 1736/1/3 1735/1/3
f 1739/1/3 1736/1/3 1738/1/3
f 1742/3/3 1741/3/3 1740/3/3
f 1743/3/3 1741/3/3 1742/3/3
f 1745/2/3 1744/2/3 1743/2/3
f 1746/2/3 1744/2/3 1745/2/3
f 1747/2/3 1744/2/3 1746/2/3
f 1749/2/3 1748/2/3 1747/2/3
f 1749/2/3 1747/2/3 1746/2/3
f 1750/2/3 1748/2/3 1749/2/3
f 1753/2/3 1752/2/3 1751/2/3
f 1754/2/3 1752/2/3 1753/2/3
f 1755/2/3 1752/2/3 1754/2/3
f 1758/2/3 1754/2/3 1753/2/3
f 1759/2/3 1754/2/3 1758/2/3
f 1760/3/3 1757/3/3 1756/3/3
f 1761/3/3 1757/3/3 1760/3/3
f 1764/3/3 1763/3/3 1762/3/3
f 1766/3/3 1764/3/3 1762/3/3
f 1766/3/3 1765/3/3 1764/3/3
f 1767/3/3 1765/3/3 1766/3/3
f 1770/2/3 1769/2/3 1768/2/3
f 1770/2/3 1768/2/3 1767/2/3
f 1771/2/3 1769/2/3 1770/2/3
f 1775/2/3 1773/2/3 1772/2/3
f 1776/2/3 1773/2/3 1775/2/3
f 1777/2/3 1773/2/3 1776/2/3
f 1778/3/3 1775/3/3 1774/3/3
f 1779/3/3 1775/3/3 1778/3/3
f 1780/3/3 1778/3/3 1774/3/3
f 1781/3/3 1778/3/3 1780/3/3
f 1784/3/3 1783/3/3 1782/3/3
f 1785/3/3 1783/3/3 1784/3/3
f 1787/2/3 1786/2/3 1785/2/3
f 1788/2/3 1786/2/3 1787/2/3
f 1789/2/3 1786/2/3 1788/2/3
f 1790/2/3 1786/2/3 1789/2/3
f 1794/2/3 1792/2/3 1791/2/3
f 1796/2/3 1794/2/3 1793/2/3
f 1797/2/3 1792/2/3 1794/2/3
f 1797/2/3 1794/2/3 1796/2/3
f 1798/3/3 1796/3/3 1795/3/3
f 1799/3/3 1796/3/3 1798/3/3
f 1802/3/3 1801/3/3 1800/3/3
f 1804/3/3 1802/3/3 1800/3/3
f 1804/3/3 1803/3/3 1802/3/3
f 1805/3/3 1803/3/3 1804/3/3
f 1806/3/3 1803/3/3 1805/3/3
f 1808/2/3 1807/2/3 1806/2/3
f 1808/2/3 1806/2/3 1805/2/3
f 1809/2/3 1807/2/3 1808/2/3
f 1811/2/3 1807/2/3 1809/2/3
f 1813/2/3 1811/2/3 1810/2/3
f 1814/2/3 1813/2/3 1812/2/3
f 1815/2/3 1811/2/3 1813/2/3
f 1815/2/3 1813/2/3 1814/2/3
f 1816/2/3 1811/2/3 1815/2/3
f 1817/2/3 1807/2/3 1811/2/3
f 1817/2/3 1811/2/3 1816/2/3
f 1819/2/3 1807/2/3 1817/2/3
f 1821/2/3 1819/2/3 1818/2/3
f 1822/2/3 1807/2/3 1819/2/3
f 1822/2/3 1819/2/3 1821/2/3
f 1823/2/3 1807/2/3 1822/2/3
f 1824/3/3 1821/3/3 1820/3/3
f 1824/3/3 1822/3/3 1821/3/3
f 1825/3/3 1822/3/3 1824/3/3
f 1826/3/3 1824/3/3 1820/3/3
f 1827/3/3 1824/3/3 1826/3/3
f 1830/1/3 1829/1/3 1828/1/3
f 1832/1/3 1830/1/3 1828/1/3
f 1832/1/3 1831/1/3 1830/1/3
f 1833/1/3 1831/1/3 1832/1/3
f 1834/1/3 1832/1/3 1828/1/3
f 1835/1/3 1832/1/3 1834/1/3
f 1838/1/3 1837/1/3 1836/1/3
f 1840/1/3 1838/1/3 1836/1/3
f 1840/1/3 1839/1/3 1838/1/3
f 1841/1/3 1839/1/3 1840/1/3
f 1842/1/3 1840/1/3 1836/1/3
f 1843/1/3 1840/1/3 1842/1/3
f 1844/1/4 1845/1/4 1846/1/4
f 1844/1/4 1846/1/4 1848/1/4
f 1846/1/4 1847/1/4 1848/1/4
f 1848/1/4 1847/1/4 1849/1/4
f 1844/1/4 1848/1/4 1850/1/4
f 1850/1/4 1848/1/4 1851/1/4
f 1852/1/4 1853/1/4 1854/1/4
f 1852/1/4 1854/1/4 1856/1/4
f 1854/1/4 1855/1/4 1856/1/4
f 1856/1/4 1855/1/4 1857/1/4
f 1852/1/4 1856/1/4 1858/1/4
f 1858/1/4 1856/1/4 1859/1/4
f 1860/3/4 1861/3/4 1862/3/4
f 1860/3/4 1862/3/4 1864/3/4
f 1862/3/4 1863/3/4 1864/3/4
f 1864/3/4 1863/3/4 1865/3/4
f 1860/3/4 1864/3/4 1866/3/4
f 1866/3/4 1864/3/4 1867/3/4
f 1867/3/4 1864/3/4 1868/3/4
f 1867/2/4 1868/2/4 1870/2/4
f 1868/2/4 1869/2/4 1870/2/4
f 1870/2/4 1869/2/4 1871/2/4
f 1871/2/4 1869/2/4 1873/2/4
f 1873/2/4 1869/2/4 1874/2/4
f 1872/2/4 1873/2/4 1874/2/4
f 1874/2/4 1869/2/4 1875/2/4
f 1872/2/4 1874/2/4 1877/2/4
f 1876/2/4 1877/2/4 1878/2/4
f 1877/2/4 1874/2/4 1879/2/4
f 1878/2/4 1877/2/4 1879/2/4
f 1879/2/4 1874/2/4 1880/2/4
f 1879/2/4 1880/2/4 1882/2/4
f 1880/2/4 1881/2/4 1882/2/4
f 1882/2/4 1881/2/4 1883/2/4
f 1883/2/4 1881/2/4 1885/2/4
f 1884/2/4 1885/2/4 1887/2/4
f 1885/2/4 1881/2/4 1888/2/4
f 1887/2/4 1885/2/4 1888/2/4
f 1888/2/4 1881/2/4 1889/2/4
f 1886/3/4 1887/3/4 1890/3/4
f 1887/3/4 1888/3/4 1890/3/4
f 1886/3/4 1890/3/4 1892/3/4
f 1890/3/4 1891/3/4 1892/3/4
f 1892/3/4 1891/3/4 1893/3/4
f 1886/3/4 1892/3/4 1894/3/4
f 1894/3/4 1892/3/4 1895/3/4
f 1896/3/4 1897/3/4 1898/3/4
f 1898/3/4 1897/3/4 1899/3/4
f 1899/2/4 1900/2/4 1901/2/4
f 1901/2/4 1900/2/4 1902/2/4
f 1902/2/4 1900/2/4 1904/2/4
f 1903/2/4 1904/2/4 1905/2/4
f 1904/2/4 1900/2/4 1906/2/4
f 1905/2/4 1904/2/4 1906/2/4
f 1907/2/4 1908/2/4 1909/2/4
f 1909/2/4 1908/2/4 1910/2/4
f 1910/2/4 1908/2/4 1912/2/4
f 1911/2/4 1912/2/4 1914/2/4
f 1912/2/4 1908/2/4 1915/2/4
f 1914/2/4 1912/2/4 1915/2/4
f 1913/3/4 1914/3/4 1916/3/4
f 1916/3/4 1914/3/4 1917/3/4
f 1918/3/4 1919/3/4 1920/3/4
f 1918/3/4 1920/3/4 1922/3/4
f 1920/3/4 1921/3/4 1922/3/4
f 1922/3/4 1921/3/4 1923/3/4
f 1924/2/4 1925/2/4 1926/2/4
f 1923/2/4 1924/2/4 1926/2/4
f 1926/2/4 1925/2/4 1927/2/4
f 1928/2/4 1929/2/4 1931/2/4
f 1931/2/4 1929/2/4 1932/2/4
f 1932/2/4 1929/2/4 1933/2/4
f 1930/3/4 1931/3/4 1934/3/4
f 1934/3/4 1931/3/4 1935/3/4
f 1930/3/4 1934/3/4 1936/3/4
f 1936/3/4 1934/3/4 1937/3/4
f 1938/3/4 1939/3/4 1940/3/4
f 1940/3/4 1939/3/4 1941/3/4
f 1941/2/4 1942/2/4 1943/2/4
f 1943/2/4 1942/2/4 1944/2/4
f 1944/2/4 1942/2/4 1945/2/4
f 1945/2/4 1946/2/4 1947/2/4
f 1944/2/4 1945/2/4 1947/2/4
f 1947/2/4 1946/2/4 1948/2/4
f 1949/2/4 1950/2/4 1952/2/4
f 1952/2/4 1950/2/4 1953/2/4
f 1953/2/4 1950/2/4 1954/2/4
f 1951/2/4 1952/2/4 1956/2/4
f 1952/2/4 1953/2/4 1956/2/4
f 1956/2/4 1953/2/4 1957/2/4
f 1955/3/4 1956/3/4 1958/3/4
f 1958/3/4 1956/3/4 1959/3/4
f 1960/1/4 1961/1/4 1962/1/4
f 1962/1/4 1961/1/4 1963/1/4
f 1963/2/4 1964/2/4 1965/2/4
f 1965/2/4 1964/2/4 1966/2/4
f 1967/2/4 1968/2/4 1970/2/4
f 1970/2/4 1968/2/4 1971/2/4
f 1971/2/4 1968/2/4 1972/2/4
f 1969/1/4 1970/1/4 1973/1/4
f 1970/1/4 1971/1/4 1973/1/4
f 1973/1/4 1971/1/4 1974/1/4
f 1975/1/4 1976/1/4 1977/1/4
f 1977/1/4 1976/1/4 1978/1/4
f 1978/1/4 1976/1/4 1979/1/4
f 1979/2/4 1980/2/4 1981/2/4
f 1978/2/4 1979/2/4 1981/2/4
f 1981/2/4 1980/2/4 1982/2/4
f 1983/2/4 1984/2/4 1986/2/4
f 1986/2/4 1984/2/4 1987/2/4
f 1985/1/4 1986/1/4 1988/1/4
f 1988/1/4 1986/1/4 1989/1/4
f 1990/1/4 1991/1/4 1992/1/4
f 1992/1/4 1991/1/4 1993/1/4
f 1993/1/4 1991/1/4 1994/1/4
f 1994/2/4 1995/2/4 1996/2/4
f 1993/2/4 1994/2/4 1996/2/4
f 1996/2/4 1995/2/4 1997/2/4
f 1998/2/4 1999/2/4 2001/2/4
f 2001/2/4 1999/2/4 2002/2/4
f 2002/2/4 1999/2/4 2003/2/4
f 2000/1/4 2001/1/4 2004/1/4
f 2001/1/4 2002/1/4 2004/1/4
f 2004/1/4 2002/1/4 2005/1/4
f 2006/1/4 2007/1/4 2008/1/4
f 2008/1/4 2007/1/4 2009/1/4
f 2009/2/4 2010/2/4 2011/2/4
f 2011/2/4 2010/2/4 2012/2/4
f 2013/2/4 2014/2/4 2017/2/4
f 2017/2/4 2014/2/4 2018/2/4
f 2015/1/4 2016/1/4 2019/1/4
f 2019/1/4 2016/1/4 2020/1/4
f 2021/1/4 2022/1/4 2023/1/4
f 2023/1/4 2022/1/4 2024/1/4
f 2025/2/4 2026/2/4 2029/2/4
f 2029/2/4 2026/2/4 2030/2/4
f 2027/2/4 2028/2/4 2031/2/4
f 2031/2/4 2028/2/4 2032/2/4
f 2033/2/4 2034/2/4 2035/2/4
f 2035/2/4 2034/2/4 2036/2/4
f 2036/2/4 2034/2/4 2037/2/4
f 2037/2/4 2038/2/4 2041/2/4
f 2036/2/4 2037/2/4 2041/2/4
f 2041/2/4 2038/2/4 2042/2/4
f 2042/2/4 2038/2/4 2043/2/4
f 2039/1/4 2040/1/4 2044/1/4
f 2044/1/4 2040/1/4 2045/1/4
f 2046/1/4 2047/1/4 2048/1/4
f 2048/1/4 2047/1/4 2049/1/4
f 2050/2/4 2051/2/4 2052/2/4
f 2049/2/4 2050/2/4 2052/2/4
f 2052/2/4 2051/2/4 2053/2/4
f 2053/2/4 2051/2/4 2054/2/4
f 2054/2/4 2051/2/4 2055/2/4
f 2056/2/4 2057/2/4 2060/2/4
f 2060/2/4 2057/2/4 2061/2/4
f 2058/1/4 2059/1/4 2062/1/4
f 2062/1/4 2059/1/4 2063/1/4
f 2064/1/4 2065/1/4 2066/1/4
f 2066/1/4 2065/1/4 2067/1/4
f 2068/2/4 2069/2/4 2070/2/4
f 2070/2/4 2069/2/4 2071/2/4
f 2072/2/4 2073/2/4 2075/2/4
f 2074/2/4 2075/2/4 2077/2/4
f 2075/2/4 2073/2/4 2078/2/4
f 2077/2/4 2075/2/4 2078/2/4
f 2076/1/4 2077/1/4 2079/1/4
f 2079/1/4 2077/1/4 2080/1/4
f 2081/3/4 2082/3/4 2083/3/4
f 2083/3/4 2082/3/4 2084/3/4
f 2084/2/4 2085/2/4 2086/2/4
f 2086/2/4 2085/2/4 2087/2/4
f 2088/2/4 2089/2/4 2091/2/4
f 2091/2/4 2089/2/4 2092/2/4
f 2090/3/4 2091/3/4 2093/3/4
f 2093/3/4 2091/3/4 2094/3/4
f 2095/2/4 2096/2/4 2097/2/4
f 2097/2/4 2096/2/4 2098/2/4
f 2099/2/4 2100/2/4 2101/2/4
f 2101/2/4 2100/2/4 2102/2/4
f 2103/3/4 2104/3/4 2105/3/4
f 2105/3/4 2104/3/4 2106/3/4
f 2106/2/4 2107/2/4 2108/2/4
f 2108/2/4 2107/2/4 2109/2/4
f 2110/2/4 2111/2/4 2113/2/4
f 2113/2/4 2111/2/4 2114/2/4
f 2112/3/4 2113/3/4 2115/3/4
f 2115/3/4 2113/3/4 2116/3/4
f 2117/3/4 2118/3/4 2119/3/4
f 2119/3/4 2118/3/4 2120/3/4
f 2120/2/4 2121/2/4 2122/2/4
f 2122/2/4 2121/2/4 2123/2/4
f 2124/2/4 2125/2/4 2127/2/4
f 2127/2/4 2125/2/4 2128/2/4
f 2126/3/4 2127/3/4 2129/3/4
f 2129/3/4 2127/3/4 2130/3/4
f 2131/2/4 2132/2/4 2133/2/4
f 2133/2/4 2132/2/4 2134/2/4
f 2135/2/4 2136/2/4 2137/2/4
f 2137/2/4 2136/2/4 2138/2/4
f 2139/3/4 2140/3/4 2141/3/4
f 2141/3/4 2140/3/4 2142/3/4
f 2144/2/4 2145/2/4 2146/2/4
f 2143/2/4 2144/2/4 2146/2/4
f 2146/2/4 2145/2/4 2147/2/4
f 2148/2/4 2149/2/4 2152/2/4
f 2152/2/4 2149/2/4 2153/2/4
f 2153/2/4 2149/2/4 2154/2/4
f 2150/3/4 2151/3/4 2155/3/4
f 2155/3/4 2151/3/4 2156/3/4
f 2157/2/4 2158/2/4 2159/2/4
f 2159/2/4 2158/2/4 2160/2/4
f 2161/2/4 2162/2/4 2163/2/4
f 2163/2/4 2162/2/4 2164/2/4
f 2165/1/4 2166/1/4 2167/1/4
f 2167/1/4 2166/1/4 2168/1/4
f 2168/2/4 2169/2/4 2170/2/4
f 2170/2/4 2169/2/4 2171/2/4
f 2172/1/4 2173/1/4 2174/1/4
f 2174/1/4 2173/1/4 2175/1/4
f 2176/1/4 2177/1/4 2180/1/4
f 2180/1/4 2177/1/4 2181/1/4
f 2178/2/4 2179/2/4 2182/2/4
f 2182/2/4 2179/2/4 2183/2/4
f 2184/2/4 2185/2/4 2186/2/4
f 2186/2/4 2185/2/4 2187/2/4
f 2188/1/4 2189/1/4 2190/1/4
f 2190/1/4 2189/1/4 2191/1/4
f 2192/2/4 2193/2/4 2194/2/4
f 2194/2/4 2193/2/4 2195/2/4
f 2196/2/4 2197/2/4 2198/2/4
f 2198/2/4 2197/2/4 2199/2/4
f 2200/2/4 2201/2/4 2202/2/4
f 2202/2/4 2201/2/4 2203/2/4
f 2204/1/4 2205/1/4 2206/1/4
f 2206/1/4 2205/1/4 2207/1/4
f 2208/1/4 2209/1/4 2210/1/4
f 2210/1/4 2209/1/4 2211/1/4
f 2212/3/4 2213/3/4 2214/3/4
f 2214/3/4 2213/3/4 2215/3/4
f 2215/3/4 2213/3/4 2216/3/4
f 2216/2/4 2217/2/4 2218/2/4
f 2215/2/4 2216/2/4 2218/2/4
f 2218/2/4 2217/2/4 2219/2/4
f 2220/2/4 2221/2/4 2223/2/4
f 2223/2/4 2221/2/4 2224/2/4
f 2224/2/4 2221/2/4 2225/2/4
f 2222/3/4 2223/3/4 2226/3/4
f 2223/3/4 2224/3/4 2226/3/4
f 2226/3/4 2224/3/4 2227/3/4
f 2228/3/4 2229/3/4 2230/3/4
f 2230/3/4 2229/3/4 2231/3/4
f 2231/2/4 2232/2/4 2233/2/4
f 2233/2/4 2232/2/4 2234/2/4
f 2234/2/4 2232/2/4 2235/2/4
f 2236/2/4 2237/2/4 2240/2/4
f 2237/2/4 2238/2/4 2240/2/4
f 2240/2/4 2238/2/4 2241/2/4
f 2239/3/4 2240/3/4 2242/3/4
f 2242/3/4 2240/3/4 2243/3/4
f 2244/3/4 2245/3/4 2246/3/4
f 2246/3/4 2245/3/4 2247/3/4
f 2247/2/4 2248/2/4 2249/2/4
f 2249/2/4 2248/2/4 2250/2/4
f 2251/2/4 2252/2/4 2254/2/4
f 2254/2/4 2252/2/4 2255/2/4
f 2253/3/4 2254/3/4 2256/3/4
f 2256/3/4 2254/3/4 2257/3/4
f 2258/3/4 2259/3/4 2260/3/4
f 2260/3/4 2259/3/4 2261/3/4
f 2261/2/4 2262/2/4 2263/2/4
f 2263/2/4 2262/2/4 2264/2/4
f 2265/2/4 2266/2/4 2268/2/4
f 2268/2/4 2266/2/4 2269/2/4
f 2267/3/4 2268/3/4 2270/3/4
f 2270/3/4 2268/3/4 2271/3/4
f 2272/3/4 2273/3/4 2274/3/4
f 2274/3/4 2273/3/4 2275/3/4
f 2275/2/4 2276/2/4 2277/2/4
f 2277/2/4 2276/2/4 2278/2/4
f 2279/2/4 2280/2/4 2282/2/4
f 2282/2/4 2280/2/4 2283/2/4
f 2281/2/4 2282/2/4 2285/2/4
f 2285/2/4 2282/2/4 2286/2/4
f 2284/3/4 2285/3/4 2287/3/4
f 2287/3/4 2285/3/4 2288/3/4
f 2289/1/4 2290/1/4 2291/1/4
f 2291/1/4 2290/1/4 2292/1/4
f 2293/1/4 2294/1/4 2295/1/4
f 2295/1/4 2294/1/4 2296/1/4
f 2297/1/4 2298/1/4 2299/1/4
f 2299/1/4 2298/1/4 2300/1/4
f 2301/1/4 2302/1/4 2303/1/4
f 2303/1/4 2302/1/4 2304/1/4
f 2305/1/4 2306/1/4 2307/1/4
f 2307/1/4 2306/1/4 2308/1/4
f 2308/2/4 2309/2/4 2312/2/4
f 2312/2/4 2309/2/4 2313/2/4
f 2310/2/4 2311/2/4 2314/2/4
f 2314/2/4 2311/2/4 2315/2/4
f 2316/2/4 2317/2/4 2318/2/4
f 2318/2/4 2317/2/4 2319/2/4
f 2320/2/4 2321/2/4 2323/2/4
f 2323/2/4 2321/2/4 2324/2/4
f 2322/1/4 2323/1/4 2325/1/4
f 2325/1/4 2323/1/4 2326/1/4
f 2327/1/4 2328/1/4 2329/1/4
f 2329/1/4 2328/1/4 2330/1/4
f 2330/2/4 2331/2/4 2332/2/4
f 2332/2/4 2331/2/4 2333/2/4
f 2334/2/4 2335/2/4 2337/2/4
f 2337/2/4 2335/2/4 2338/2/4
f 2336/1/4 2337/1/4 2339/1/4
f 2339/1/4 2337/1/4 2340/1/4
f 2341/1/4 2342/1/4 2343/1/4
f 2343/1/4 2342/1/4 2344/1/4
f 2344/1/4 2342/1/4 2345/1/4
f 2344/2/4 2345/2/4 2346/2/4
f 2346/2/4 2345/2/4 2347/2/4
f 2348/2/4 2349/2/4 2351/2/4
f 2351/2/4 2349/2/4 2352/2/4
f 2350/1/4 2351/1/4 2353/1/4
f 2351/1/4 2352/1/4 2353/1/4
f 2353/1/4 2352/1/4 2354/1/4
f 2355/1/4 2356/1/4 2357/1/4
f 2357/1/4 2356/1/4 2358/1/4
f 2358/1/4 2356/1/4 2359/1/4
f 2358/2/4 2359/2/4 2360/2/4
f 2360/2/4 2359/2/4 2361/2/4
f 2362/2/4 2363/2/4 2365/2/4
f 2365/2/4 2363/2/4 2366/2/4
f 2364/1/4 2365/1/4 2367/1/4
f 2365/1/4 2366/1/4 2367/1/4
f 2367/1/4 2366/1/4 2368/1/4
f 2369/1/4 2370/1/4 2371/1/4
f 2371/1/4 2370/1/4 2372/1/4
f 2372/2/4 2373/2/4 2374/2/4
f 2374/2/4 2373/2/4 2375/2/4
f 2376/2/4 2377/2/4 2379/2/4
f 2379/2/4 2377/2/4 2380/2/4
f 2378/1/4 2379/1/4 2381/1/4
f 2381/1/4 2379/1/4 2382/1/4
f 2383/3/4 2384/3/4 2385/3/4
f 2385/3/4 2384/3/4 2386/3/4
f 2386/2/4 2387/2/4 2388/2/4
f 2388/2/4 2387/2/4 2389/2/4
f 2389/2/4 2390/2/4 2391/2/4
f 2391/2/4 2390/2/4 2392/2/4
f 2393/2/4 2394/2/4 2396/2/4
f 2396/2/4 2394/2/4 2397/2/4
f 2395/2/4 2396/2/4 2399/2/4
f 2399/2/4 2396/2/4 2400/2/4
f 2398/3/4 2399/3/4 2401/3/4
f 2401/3/4 2399/3/4 2402/3/4
f 2403/3/4 2404/3/4 2405/3/4
f 2403/3/4 2405/3/4 2407/3/4
f 2405/3/4 2406/3/4 2407/3/4
f 2407/3/4 2406/3/4 2408/3/4
f 2408/2/4 2409/2/4 2410/2/4
f 2410/2/4 2409/2/4 2411/2/4
f 2412/2/4 2413/2/4 2415/2/4
f 2415/2/4 2413/2/4 2416/2/4
f 2414/3/4 2415/3/4 2417/3/4
f 2417/3/4 2415/3/4 2418/3/4
f 2414/3/4 2417/3/4 2419/3/4
f 2419/3/4 2417/3/4 2420/3/4
f 2421/3/4 2422/3/4 2423/3/4
f 2423/3/4 2422/3/4 2424/3/4
f 2425/2/4 2426/2/4 2427/2/4
f 2427/2/4 2426/2/4 2428/2/4
f 2429/2/4 2430/2/4 2433/2/4
f 2433/2/4 2430/2/4 2434/2/4
f 2431/3/4 2432/3/4 2435/3/4
f 2435/3/4 2432/3/4 2436/3/4
f 2437/3/4 2438/3/4 2439/3/4
f 2439/3/4 2438/3/4 2440/3/4
f 2440/3/4 2438/3/4 2441/3/4
f 2440/2/4 2441/2/4 2443/2/4
f 2442/2/4 2443/2/4 2444/2/4
f 2443/2/4 2441/2/4 2445/2/4
f 2444/2/4 2443/2/4 2445/2/4
f 2445/2/4 2441/2/4 2447/2/4
f 2446/2/4 2447/2/4 2448/2/4
f 2447/2/4 2441/2/4 2449/2/4
f 2448/2/4 2447/2/4 2449/2/4
f 2449/2/4 2441/2/4 2451/2/4
f 2451/2/4 2441/2/4 2452/2/4
f 2450/3/4 2451/3/4 2453/3/4
f 2451/3/4 2452/3/4 2453/3/4
f 2453/3/4 2452/3/4 2454/3/4
f 2455/1/4 2456/1/4 2457/1/4
f 2457/1/4 2456/1/4 2458/1/4
f 2455/1/4 2457/1/4 2459/1/4
f 2455/1/4 2459/1/4 2461/1/4
f 2459/1/4 2460/1/4 2461/1/4
f 2461/1/4 2460/1/4 2462/1/4
f 2455/1/4 2461/1/4 2463/1/4
f 2455/1/4 2463/1/4 2465/1/4
f 2463/1/4 2464/1/4 2465/1/4
f 2465/1/4 2464/1/4 2466/1/4
f 2470/1/5 2468/1/5 2467/1/5
f 2471/1/5 2468/1/5 2470/1/5
f 2472/1/5 2468/1/5 2471/1/5
f 2473/1/5 2468/1/5 2472/1/5
f 2476/3/5 2470/3/5 2469/3/5
f 2477/3/5 2470/3/5 2476/3/5
f 2478/2/5 2472/2/5 2471/2/5
f 2479/2/5 2472/2/5 2478/2/5
f 2480/3/5 2474/3/5 2473/3/5
f 2481/3/5 2474/3/5 2480/3/5
f 2484/3/5 2476/3/5 2475/3/5
f 2485/3/5 2476/3/5 2484/3/5
f 2486/3/5 2482/3/5 2481/3/5
f 2487/3/5 2482/3/5 2486/3/5
f 2490/3/5 2484/3/5 2483/3/5
f 2491/3/5 2484/3/5 2490/3/5
f 2492/3/5 2488/3/5 2487/3/5
f 2493/3/5 2488/3/5 2492/3/5
f 2496/3/5 2490/3/5 2489/3/5
f 2497/3/5 2490/3/5 2496/3/5
f 2498/3/5 2494/3/5 2493/3/5
f 2499/3/5 2494/3/5 2498/3/5
f 2502/1/5 2496/1/5 2495/1/5
f 2503/1/5 2496/1/5 2502/1/5
f 2504/1/5 2500/1/5 2499/1/5
f 2505/1/5 2500/1/5 2504/1/5
f 2508/1/5 2502/1/5 2501/1/5
f 2509/1/5 2502/1/5 2508/1/5
f 2510/1/5 2506/1/5 2505/1/5
f 2511/1/5 2506/1/5 2510/1/5
f 2514/1/5 2508/1/5 2507/1/5
f 2515/1/5 2508/1/5 2514/1/5
f 2516/1/5 2512/1/5 2511/1/5
f 2517/1/5 2512/1/5 2516/1/5
f 2520/1/5 2514/1/5 2513/1/5
f 2521/1/5 2514/1/5 2520/1/5
f 2524/1/5 2518/1/5 2517/1/5
f 2525/1/5 2518/1/5 2524/1/5
f 2528/1/5 2520/1/5 2519/1/5
f 2529/1/5 2520/1/5 2528/1/5
f 2530/2/5 2522/2/5 2521/2/5
f 2531/2/5 2522/2/5 2530/2/5
f 2532/2/5 2524/2/5 2523/2/5
f 2533/2/5 2524/2/5 2532/2/5
f 2534/1/5 2526/1/5 2525/1/5
f 2535/1/5 2526/1/5 2534/1/5
f 2538/1/5 2528/1/5 2527/1/5
f 2539/1/5 2528/1/5 2538/1/5
f 2540/1/5 2536/1/5 2535/1/5
f 2541/1/5 2536/1/5 2540/1/5
f 2544/1/5 2538/1/5 2537/1/5
f 2545/1/5 2538/1/5 2544/1/5
f 2546/1/5 2542/1/5 2541/1/5
f 2547/1/5 2542/1/5 2546/1/5
f 2550/3/5 2544/3/5 2543/3/5
f 2551/3/5 2544/3/5 2550/3/5
f 2552/3/5 2548/3/5 2547/3/5
f 2553/3/5 2548/3/5 2552/3/5
f 2556/3/5 2550/3/5 2549/3/5
f 2557/3/5 2550/3/5 2556/3/5
f 2558/3/5 2554/3/5 2553/3/5
f 2559/3/5 2554/3/5 2558/3/5
f 2562/3/5 2556/3/5 2555/3/5
f 2563/3/5 2556/3/5 2562/3/5
f 2564/3/5 2560/3/5 2559/3/5
f 2565/3/5 2560/3/5 2564/3/5
f 2568/3/5 2562/3/5 2561/3/5
f 2569/3/5 2562/3/5 2568/3/5
f 2570/3/5 2566/3/5 2565/3/5
f 2571/3/5 2566/3/5 2570/3/5
f 2573/1/5 2568/1/5 2567/1/5
f 2576/1/5 2572/1/5 2571/1/5
f 2577/2/5 2574/2/5 2573/2/5
f 2577/1/5 2573/1/5 2567/1/5
f 2578/2/5 2574/2/5 2577/2/5
f 2579/2/5 2576/2/5 2575/2/5
f 2580/1/5 2572/1/5 2576/1/5
f 2580/2/5 2576/2/5 2579/2/5
f 2581/1/5 2577/1/5 2567/1/5
f 2582/1/5 2577/1/5 2581/1/5
f 2585/1/5 2572/1/5 2580/1/5
f 2586/1/5 2572/1/5 2585/1/5
f 2587/3/5 2583/3/5 2582/3/5
f 2588/3/5 2583/3/5 2587/3/5
f 2591/3/5 2585/3/5 2584/3/5
f 2592/3/5 2585/3/5 2591/3/5
f 2593/3/5 2589/3/5 2588/3/5
f 2594/3/5 2589/3/5 2593/3/5
f 2597/3/5 2591/3/5 2590/3/5
f 2598/3/5 2591/3/5 2597/3/5
f 2599/3/5 2595/3/5 2594/3/5
f 2600/3/5 2595/3/5 2599/3/5
f 2603/3/5 2597/3/5 2596/3/5
f 2604/3/5 2597/3/5 2603/3/5
f 2605/3/5 2601/3/5 2600/3/5
f 2606/3/5 2601/3/5 2605/3/5
f 2609/3/5 2603/3/5 2602/3/5
f 2610/3/5 2603/3/5 2609/3/5
f 2611/1/5 2607/1/5 2606/1/5
f 2612/1/5 2607/1/5 2611/1/5
f 2615/1/5 2609/1/5 2608/1/5
f 2616/1/5 2609/1/5 2615/1/5
f 2617/1/5 2613/1/5 2612/1/5
f 2618/1/5 2613/1/5 2617/1/5
f 2625/1/5 2615/1/5 2614/1/5
f 2626/1/5 2615/1/5 2625/1/5
f 2627/1/5 2619/1/5 2618/1/5
f 2628/1/5 2619/1/5 2627/1/5
f 2629/2/5 2621/2/5 2620/2/5
f 2630/2/5 2621/2/5 2629/2/5
f 2631/2/5 2623/2/5 2622/2/5
f 2632/2/5 2623/2/5 2631/2/5
f 2633/1/5 2625/1/5 2624/1/5
f 2634/1/5 2625/1/5 2633/1/5
f 2635/1/5 2629/1/5 2628/1/5
f 2636/1/5 2629/1/5 2635/1/5
f 2639/1/5 2633/1/5 2632/1/5
f 2640/1/5 2633/1/5 2639/1/5
f 2641/1/5 2637/1/5 2636/1/5
f 2642/1/5 2637/1/5 2641/1/5
f 2645/1/5 2639/1/5 2638/1/5
f 2646/1/5 2639/1/5 2645/1/5
f 2647/1/5 2643/1/5 2642/1/5
f 2648/1/5 2643/1/5 2647/1/5
f 2651/1/5 2645/1/5 2644/1/5
f 2652/1/5 2645/1/5 2651/1/5
f 2653/1/5 2649/1/5 2648/1/5
f 2654/1/5 2649/1/5 2653/1/5
f 2657/1/5 2651/1/5 2650/1/5
f 2658/1/5 2651/1/5 2657/1/5
f 2659/3/5 2655/3/5 2654/3/5
f 2660/3/5 2655/3/5 2659/3/5
f 2663/3/5 2657/3/5 2656/3/5
f 2664/3/5 2657/3/5 2663/3/5
f 2665/3/5 2661/3/5 2660/3/5
f 2666/3/5 2661/3/5 2665/3/5
f 2669/3/5 2663/3/5 2662/3/5
f 2670/3/5 2663/3/5 2669/3/5
f 2671/3/5 2667/3/5 2666/3/5
f 2672/3/5 2667/3/5 2671/3/5
f 2677/3/5 2669/3/5 2668/3/5
f 2678/3/5 2669/3/5 2677/3/5
f 2679/3/5 2673/3/5 2672/3/5
f 2680/3/5 2673/3/5 2679/3/5
f 2681/2/5 2675/2/5 2674/2/5
f 2682/2/5 2675/2/5 2681/2/5
f 2683/3/5 2677/3/5 2676/3/5
f 2684/3/5 2677/3/5 2683/3/5
f 2685/1/5 2682/1/5 2681/1/5
f 2685/1/5 2683/1/5 2682/1/5
f 2685/1/5 2681/1/5 2680/1/5
f 2686/1/5 2683/1/5 2685/1/5
f 2695/2/5 2688/2/5 2687/2/5
f 2696/2/5 2688/2/5 2695/2/5
f 2697/2/5 2690/2/5 2689/2/5
f 2698/2/5 2690/2/5 2697/2/5
f 2699/2/5 2692/2/5 2691/2/5
f 2700/2/5 2692/2/5 2699/2/5
f 2701/2/5 2694/2/5 2693/2/5
f 2702/2/5 2694/2/5 2701/2/5
f 2708/2/5 2704/2/5 2703/2/5
f 2709/2/5 2704/2/5 2708/2/5
f 2710/2/5 2706/2/5 2705/2/5
f 2711/2/5 2706/2/5 2710/2/5
f 2714/2/5 2708/2/5 2707/2/5
f 2715/2/5 2708/2/5 2714/2/5
f 2716/2/5 2712/2/5 2711/2/5
f 2717/2/5 2712/2/5 2716/2/5
f 2718/2/5 2714/2/5 2713/2/5
f 2719/2/5 2714/2/5 2718/2/5
f 2724/2/5 2721/2/5 2720/2/5
f 2725/2/5 2721/2/5 2724/2/5
f 2728/2/5 2723/2/5 2722/2/5
f 2729/2/5 2723/2/5 2728/2/5
f 2730/2/5 2726/2/5 2725/2/5
f 2731/2/5 2726/2/5 2730/2/5
f 2733/2/5 2728/2/5 2727/2/5
f 2734/2/5 2728/2/5 2733/2/5
f 2735/2/5 2732/2/5 2731/2/5
f 2736/2/5 2732/2/5 2735/2/5
f 2741/2/5 2738/2/5 2737/2/5
f 2742/2/5 2738/2/5 2741/2/5
f 2743/2/5 2740/2/5 2739/2/5
f 2744/2/5 2740/2/5 2743/2/5
f 2749/2/5 2746/2/5 2745/2/5
f 2750/2/5 2746/2/5 2749/2/5
f 2751/2/5 2748/2/5 2747/2/5
f 2752/2/5 2748/2/5 2751/2/5
f 2757/2/5 2754/2/5 2753/2/5
f 2758/2/5 2754/2/5 2757/2/5
f 2759/2/5 2756/2/5 2755/2/5
f 2760/2/5 2756/2/5 2759/2/5
f 2763/2/5 2762/2/5 2761/2/5
f 2764/2/5 2762/2/5 2763/2/5
f 2767/2/5 2766/2/5 2765/2/5
f 2768/2/5 2766/2/5 2767/2/5
f 2773/2/5 2770/2/5 2769/2/5
f 2774/2/5 2770/2/5 2773/2/5
f 2777/2/5 2772/2/5 2771/2/5
f 2778/2/5 2772/2/5 2777/2/5
f 2779/2/5 2775/2/5 2774/2/5
f 2780/2/5 2775/2/5 2779/2/5
f 2783/2/5 2777/2/5 2776/2/5
f 2784/2/5 2777/2/5 2783/2/5
f 2785/2/5 2781/2/5 2780/2/5
f 2786/2/5 2781/2/5 2785/2/5
f 2787/2/5 2783/2/5 2782/2/5
f 2788/2/5 2783/2/5 2787/2/5
f 2791/2/5 2790/2/5 2789/2/5
f 2792/2/5 2790/2/5 2791/2/5
f 2796/2/5 2793/2/5 2792/2/5
f 2797/2/5 2793/2/5 2796/2/5
f 2800/2/5 2795/2/5 2794/2/5
f 2801/2/5 2795/2/5 2800/2/5
f 2802/2/5 2798/2/5 2797/2/5
f 2803/2/5 2798/2/5 2802/2/5
f 2805/2/5 2800/2/5 2799/2/5
f 2806/2/5 2800/2/5 2805/2/5
f 2807/2/5 2804/2/5 2803/2/5
f 2808/2/5 2804/2/5 2807/2/5
f 2809/2/5 2805/2/5 2799/2/5
f 2810/2/5 2805/2/5 2809/2/5
f 2819/2/5 2812/2/5 2811/2/5
f 2820/2/5 2812/2/5 2819/2/5
f 2821/2/5 2814/2/5 2813/2/5
f 2822/2/5 2814/2/5 2821/2/5
f 2823/2/5 2816/2/5 2815/2/5
f 2824/2/5 2816/2/5 2823/2/5
f 2825/2/5 2818/2/5 2817/2/5
f 2826/2/5 2818/2/5 2825/2/5
f 2835/2/5 2828/2/5 2827/2/5
f 2836/2/5 2828/2/5 2835/2/5
f 2837/2/5 2830/2/5 2829/2/5
f 2838/2/5 2830/2/5 2837/2/5
f 2844/2/5 2832/2/5 2831/2/5
f 2845/2/5 2832/2/5 2844/2/5
f 2846/2/5 2834/2/5 2833/2/5
f 2847/2/5 2834/2/5 2846/2/5
f 2848/2/5 2840/2/5 2839/2/5
f 2849/2/5 2840/2/5 2848/2/5
f 2850/2/5 2842/2/5 2841/2/5
f 2851/2/5 2842/2/5 2850/2/5
f 2854/2/5 2844/2/5 2843/2/5
f 2855/2/5 2844/2/5 2854/2/5
f 2856/2/5 2852/2/5 2851/2/5
f 2857/2/5 2852/2/5 2856/2/5
f 2859/2/5 2854/2/5 2853/2/5
f 2860/2/5 2854/2/5 2859/2/5
f 2861/2/5 2858/2/5 2857/2/5
f 2862/2/5 2858/2/5 2861/2/5
f 2867/2/5 2864/2/5 2863/2/5
f 2868/2/5 2864/2/5 2867/2/5
f 2870/2/5 2866/2/5 2865/2/5
f 2871/2/5 2866/2/5 2870/2/5
f 2872/2/5 2869/2/5 2868/2/5
f 2873/2/5 2869/2/5 2872/2/5
f 2879/2/5 2875/2/5 2874/2/5
f 2880/2/5 2875/2/5 2879/2/5
f 2881/2/5 2877/2/5 2876/2/5
f 2882/2/5 2879/2/5 2878/2/5
f 2883/2/5 2879/2/5 2882/2/5
f 2884/2/5 2881/2/5 2876/2/5
f 2885/2/5 2881/2/5 2884/2/5
f 2891/2/5 2887/2/5 2886/2/5
f 2892/2/5 2887/2/5 2891/2/5
f 2893/2/5 2889/2/5 2888/2/5
f 2894/2/5 2889/2/5 2893/2/5
f 2897/2/5 2891/2/5 2890/2/5
f 2898/2/5 2891/2/5 2897/2/5
f 2899/2/5 2895/2/5 2894/2/5
f 2900/2/5 2895/2/5 2899/2/5
f 2902/2/5 2897/2/5 2896/2/5
f 2903/2/5 2897/2/5 2902/2/5
f 2904/2/5 2901/2/5 2900/2/5
f 2905/2/5 2901/2/5 2904/2/5
f 2910/2/5 2907/2/5 2906/2/5
f 2911/2/5 2907/2/5 2910/2/5
f 2912/2/5 2909/2/5 2908/2/5
f 2913/2/5 2909/2/5 2912/2/5
f 2918/2/5 2915/2/5 2914/2/5
f 2919/2/5 2915/2/5 2918/2/5
f 2922/2/5 2917/2/5 2916/2/5
f 2923/2/5 2917/2/5 2922/2/5
f 2924/2/5 2921/2/5 2920/2/5
f 2925/2/5 2921/2/5 2924/2/5
f 2930/2/5 2927/2/5 2926/2/5
f 2931/2/5 2927/2/5 2930/2/5
f 2934/2/5 2929/2/5 2928/2/5
f 2935/2/5 2929/2/5 2934/2/5
f 2936/2/5 2932/2/5 2931/2/5
f 2937/2/5 2932/2/5 2936/2/5
f 2940/2/5 2934/2/5 2933/2/5
f 2941/2/5 2934/2/5 2940/2/5
f 2942/2/5 2938/2/5 2937/2/5
f 2943/2/5 2938/2/5 2942/2/5
f 2944/2/5 2940/2/5 2939/2/5
f 2945/2/5 2940/2/5 2944/2/5
f 2950/2/5 2947/2/5 2946/2/5
f 2951/2/5 2949/2/5 2948/2/5
f 2952/2/5 2949/2/5 2951/2/5
f 2953/2/5 2950/2/5 2946/2/5
f 2954/2/5 2950/2/5 2953/2/5
f 2957/2/5 2956/2/5 2955/2/5
f 2958/2/5 2956/2/5 2957/2/5
f 2963/2/5 2960/2/5 2959/2/5
f 2964/2/5 2960/2/5 2963/2/5
f 2967/2/5 2962/2/5 2961/2/5
f 2968/2/5 2962/2/5 2967/2/5
f 2969/2/5 2965/2/5 2964/2/5
f 2970/2/5 2965/2/5 2969/2/5
f 2973/2/5 2967/2/5 2966/2/5
f 2974/2/5 2967/2/5 2973/2/5
f 2975/2/5 2971/2/5 2970/2/5
f 2976/2/5 2971/2/5 2975/2/5
f 2981/2/5 2973/2/5 2972/2/5
f 2982/2/5 2973/2/5 2981/2/5
f 2983/2/5 2978/2/5 2977/2/5
f 2984/2/5 2978/2/5 2983/2/5
f 2985/2/5 2980/2/5 2979/2/5
f 2986/2/5 2980/2/5 2985/2/5
f 2991/2/5 2988/2/5 2987/2/5
f 2992/2/5 2988/2/5 2991/2/5
f 2993/2/5 2990/2/5 2989/2/5
f 2994/2/5 2990/2/5 2993/2/5
f 3000/2/5 2996/2/5 2995/2/5
f 3001/2/5 2996/2/5 3000/2/5
f 3002/2/5 2998/2/5 2997/2/5
f 3003/2/5 2998/2/5 3002/2/5
f 3005/2/5 3000/2/5 2999/2/5
f 3006/2/5 3000/2/5 3005/2/5
f 3007/2/5 3004/2/5 3003/2/5
f 3008/2/5 3004/2/5 3007/2/5
f 3009/2/5 3006/2/5 3005/2/5
f 3010/2/5 3006/2/5 3009/2/5
f 3015/2/5 3012/2/5 3011/2/5
f 3016/2/5 3012/2/5 3015/2/5
f 3017/2/5 3014/2/5 3013/2/5
f 3018/2/5 3014/2/5 3017/2/5
f 3023/2/5 3020/2/5 3019/2/5
f 3024/2/5 3020/2/5 3023/2/5
f 3025/2/5 3022/2/5 3021/2/5
f 3026/2/5 3022/2/5 3025/2/5
f 3029/2/5 3028/2/5 3027/2/5
f 3030/2/5 3028/2/5 3029/2/5
f 3035/2/5 3032/2/5 3031/2/5
f 3036/2/5 3032/2/5 3035/2/5
f 3037/2/5 3034/2/5 3033/2/5
f 3038/2/5 3034/2/5 3037/2/5
f 3041/2/5 3036/2/5 3035/2/5
f 3042/2/5 3036/2/5 3041/2/5
f 3043/2/5 3039/2/5 3038/2/5
f 3044/2/5 3039/2/5 3043/2/5
f 3045/2/5 3041/2/5 3040/2/5
f 3046/2/5 3041/2/5 3045/2/5
f 3051/2/5 3048/2/5 3047/2/5
f 3052/2/5 3048/2/5 3051/2/5
f 3053/2/5 3050/2/5 3049/2/5
f 3054/2/5 3050/2/5 3053/2/5
f 3055/1/6 3056/1/6 3059/1/6
f 3059/1/6 3056/1/6 3060/1/6
f 3057/1/6 3058/1/6 3061/1/6
f 3061/1/6 3058/1/6 3062/1/6
f 3063/3/6 3064/3/6 3068/3/6
f 3068/3/6 3064/3/6 3069/3/6
f 3065/3/6 3066/3/6 3070/3/6
f 3070/3/6 3066/3/6 3071/3/6
f 3067/3/6 3068/3/6 3074/3/6
f 3074/3/6 3068/3/6 3075/3/6
f 3071/3/6 3072/3/6 3076/3/6
f 3076/3/6 3072/3/6 3077/3/6
f 3073/1/6 3074/1/6 3079/1/6
f 3079/1/6 3074/1/6 3080/1/6
f 3077/1/6 3078/1/6 3081/1/6
f 3081/1/6 3078/1/6 3082/1/6
f 3083/1/6 3084/1/6 3088/1/6
f 3088/1/6 3084/1/6 3089/1/6
f 3085/1/6 3086/1/6 3090/1/6
f 3090/1/6 3086/1/6 3091/1/6
f 3087/3/6 3088/3/6 3094/3/6
f 3094/3/6 3088/3/6 3095/3/6
f 3091/3/6 3092/3/6 3096/3/6
f 3096/3/6 3092/3/6 3097/3/6
f 3093/3/6 3094/3/6 3099/3/6
f 3099/3/6 3094/3/6 3100/3/6
f 3097/3/6 3098/3/6 3101/3/6
f 3101/3/6 3098/3/6 3102/3/6
f 3103/1/6 3104/1/6 3107/1/6
f 3107/1/6 3104/1/6 3108/1/6
f 3105/1/6 3106/1/6 3109/1/6
f 3109/1/6 3106/1/6 3110/1/6
f 3111/1/6 3112/1/6 3115/1/6
f 3115/1/6 3112/1/6 3116/1/6
f 3113/1/6 3114/1/6 3117/1/6
f 3117/1/6 3114/1/6 3118/1/6
f 3119/3/6 3120/3/6 3123/3/6
f 3123/3/6 3120/3/6 3124/3/6
f 3121/3/6 3122/3/6 3127/3/6
f 3127/3/6 3122/3/6 3128/3/6
f 3124/3/6 3125/3/6 3129/3/6
f 3129/3/6 3125/3/6 3130/3/6
f 3126/3/6 3127/3/6 3133/3/6
f 3133/3/6 3127/3/6 3134/3/6
f 3130/1/6 3131/1/6 3135/1/6
f 3135/1/6 3131/1/6 3136/1/6
f 3132/1/6 3133/1/6 3137/1/6
f 3137/1/6 3133/1/6 3138/1/6
f 3139/1/6 3140/1/6 3145/1/6
f 3145/1/6 3140/1/6 3146/1/6
f 3141/2/6 3142/2/6 3148/2/6
f 3148/2/6 3142/2/6 3149/2/6
f 3143/1/6 3144/1/6 3150/1/6
f 3150/1/6 3144/1/6 3151/1/6
f 3146/3/6 3147/3/6 3152/3/6
f 3152/3/6 3147/3/6 3153/3/6
f 3149/3/6 3150/3/6 3156/3/6
f 3156/3/6 3150/3/6 3157/3/6
f 3153/3/6 3154/3/6 3158/3/6
f 3158/3/6 3154/3/6 3159/3/6
f 3155/3/6 3156/3/6 3160/3/6
f 3160/3/6 3156/3/6 3161/3/6
f 3162/1/6 3163/1/6 3166/1/6
f 3166/1/6 3163/1/6 3167/1/6
f 3164/1/6 3165/1/6 3168/1/6
f 3168/1/6 3165/1/6 3169/1/6
f 3170/1/6 3171/1/6 3176/1/6
f 3176/1/6 3171/1/6 3177/1/6
f 3172/1/6 3173/1/6 3178/1/6
f 3178/1/6 3173/1/6 3179/1/6
f 3174/1/6 3175/1/6 3180/1/6
f 3180/1/6 3175/1/6 3181/1/6
f 3178/2/6 3179/2/6 3184/2/6
f 3177/2/6 3178/2/6 3184/2/6
f 3179/2/6 3180/2/6 3184/2/6
f 3184/2/6 3180/2/6 3185/2/6
f 3182/3/6 3183/3/6 3189/3/6
f 3189/3/6 3183/3/6 3190/3/6
f 3186/3/6 3187/3/6 3191/3/6
f 3191/3/6 3187/3/6 3192/3/6
f 3188/3/6 3189/3/6 3195/3/6
f 3195/3/6 3189/3/6 3196/3/6
f 3192/3/6 3193/3/6 3197/3/6
f 3197/3/6 3193/3/6 3198/3/6
f 3194/2/6 3195/2/6 3201/2/6
f 3201/2/6 3195/2/6 3202/2/6
f 3198/2/6 3199/2/6 3203/2/6
f 3203/2/6 3199/2/6 3204/2/6
f 3200/2/6 3201/2/6 3208/2/6
f 3208/2/6 3201/2/6 3209/2/6
f 3204/2/6 3205/2/6 3210/2/6
f 3210/2/6 3205/2/6 3211/2/6
f 3206/1/6 3207/1/6 3214/1/6
f 3207/2/6 3208/2/6 3215/2/6
f 3214/1/6 3207/1/6 3215/1/6
f 3215/2/6 3208/2/6 3216/2/6
f 3211/2/6 3212/2/6 3217/2/6
f 3212/1/6 3213/1/6 3218/1/6
f 3217/2/6 3212/2/6 3218/2/6
f 3218/1/6 3213/1/6 3219/1/6
f 3220/2/6 3221/2/6 3224/2/6
f 3224/2/6 3221/2/6 3225/2/6
f 3222/1/6 3223/1/6 3228/1/6
f 3228/1/6 3223/1/6 3229/1/6
f 3226/1/6 3227/1/6 3231/1/6
f 3231/1/6 3227/1/6 3232/1/6
f 3228/2/6 3229/2/6 3234/2/6
f 3234/2/6 3229/2/6 3235/2/6
f 3230/2/6 3231/2/6 3236/2/6
f 3231/2/6 3232/2/6 3236/2/6
f 3236/2/6 3232/2/6 3237/2/6
f 3233/2/6 3234/2/6 3240/2/6
f 3240/2/6 3234/2/6 3241/2/6
f 3237/2/6 3238/2/6 3242/2/6
f 3242/2/6 3238/2/6 3243/2/6
f 3239/2/6 3240/2/6 3246/2/6
f 3246/2/6 3240/2/6 3247/2/6
f 3243/2/6 3244/2/6 3248/2/6
f 3248/2/6 3244/2/6 3249/2/6
f 3245/3/6 3246/3/6 3252/3/6
f 3252/3/6 3246/3/6 3253/3/6
f 3249/3/6 3250/3/6 3254/3/6
f 3254/3/6 3250/3/6 3255/3/6
f 3251/3/6 3252/3/6 3257/3/6
f 3257/3/6 3252/3/6 3258/3/6
f 3255/3/6 3256/3/6 3259/3/6
f 3259/3/6 3256/3/6 3260/3/6
f 3261/1/6 3262/1/6 3265/1/6
f 3265/1/6 3262/1/6 3266/1/6
f 3263/1/6 3264/1/6 3268/1/6
f 3268/1/6 3264/1/6 3269/1/6
f 3266/2/6 3267/2/6 3271/2/6
f 3270/1/6 3271/1/6 3274/1/6
f 3271/2/6 3267/2/6 3275/2/6
f 3274/1/6 3271/1/6 3275/1/6
f 3272/1/6 3273/1/6 3276/1/6
f 3276/1/6 3273/1/6 3277/1/6
f 3275/2/6 3267/2/6 3279/2/6
f 3279/2/6 3267/2/6 3280/2/6
f 3278/1/6 3279/1/6 3283/1/6
f 3283/1/6 3279/1/6 3284/1/6
f 3281/1/6 3282/1/6 3285/1/6
f 3285/1/6 3282/1/6 3286/1/6
f 3287/3/6 3288/3/6 3291/3/6
f 3291/3/6 3288/3/6 3292/3/6
f 3289/3/6 3290/3/6 3295/3/6
f 3295/3/6 3290/3/6 3296/3/6
f 3292/3/6 3293/3/6 3297/3/6
f 3297/3/6 3293/3/6 3298/3/6
f 3294/3/6 3295/3/6 3301/3/6
f 3301/3/6 3295/3/6 3302/3/6
f 3298/2/6 3299/2/6 3303/2/6
f 3303/2/6 3299/2/6 3304/2/6
f 3300/2/6 3301/2/6 3307/2/6
f 3307/2/6 3301/2/6 3308/2/6
f 3306/2/6 3307/2/6 3309/2/6
f 3304/2/6 3305/2/6 3310/2/6
f 3310/2/6 3305/2/6 3311/2/6
f 3309/2/6 3307/2/6 3314/2/6
f 3314/2/6 3307/2/6 3315/2/6
f 3311/2/6 3312/2/6 3316/2/6
f 3316/2/6 3312/2/6 3317/2/6
f 3313/2/6 3314/2/6 3318/2/6
f 3318/2/6 3314/2/6 3319/2/6
f 3316/1/6 3317/1/6 3320/1/6
f 3320/1/6 3317/1/6 3321/1/6
f 3318/1/6 3319/1/6 3326/1/6
f 3326/1/6 3319/1/6 3327/1/6
f 3322/2/6 3323/2/6 3328/2/6
f 3328/2/6 3323/2/6 3329/2/6
f 3324/2/6 3325/2/6 3330/2/6
f 3330/2/6 3325/2/6 3331/2/6
f 3332/1/6 3333/1/6 3338/1/6
f 3333/2/6 3334/2/6 3339/2/6
f 3338/1/6 3333/1/6 3339/1/6
f 3339/2/6 3334/2/6 3340/2/6
f 3335/2/6 3336/2/6 3343/2/6
f 3336/1/6 3337/1/6 3344/1/6
f 3343/2/6 3336/2/6 3344/2/6
f 3344/1/6 3337/1/6 3345/1/6
f 3340/2/6 3341/2/6 3346/2/6
f 3346/2/6 3341/2/6 3347/2/6
f 3342/2/6 3343/2/6 3350/2/6
f 3350/2/6 3343/2/6 3351/2/6
f 3347/2/6 3348/2/6 3352/2/6
f 3352/2/6 3348/2/6 3353/2/6
f 3349/2/6 3350/2/6 3356/2/6
f 3356/2/6 3350/2/6 3357/2/6
f 3353/3/6 3354/3/6 3358/3/6
f 3358/3/6 3354/3/6 3359/3/6
f 3355/3/6 3356/3/6 3362/3/6
f 3362/3/6 3356/3/6 3363/3/6
f 3359/3/6 3360/3/6 3364/3/6
f 3364/3/6 3360/3/6 3365/3/6
f 3361/3/6 3362/3/6 3366/3/6
f 3366/3/6 3362/3/6 3367/3/6
f 3368/1/6 3369/1/6 3374/1/6
f 3374/1/6 3369/1/6 3375/1/6
f 3370/1/6 3371/1/6 3376/1/6
f 3376/1/6 3371/1/6 3377/1/6
f 3372/1/6 3373/1/6 3378/1/6
f 3378/1/6 3373/1/6 3379/1/6
f 3380/3/6 3381/3/6 3386/3/6
f 3381/2/6 3382/2/6 3387/2/6
f 3386/3/6 3381/3/6 3387/3/6
f 3387/2/6 3382/2/6 3388/2/6
f 3383/2/6 3384/2/6 3389/2/6
f 3384/3/6 3385/3/6 3390/3/6
f 3389/2/6 3384/2/6 3390/2/6
f 3390/3/6 3385/3/6 3391/3/6
f 3392/2/6 3393/2/6 3396/2/6
f 3396/2/6 3393/2/6 3397/2/6
f 3394/2/6 3395/2/6 3398/2/6
f 3398/2/6 3395/2/6 3399/2/6
f 3400/1/6 3401/1/6 3407/1/6
f 3401/2/6 3402/2/6 3408/2/6
f 3407/1/6 3401/1/6 3408/1/6
f 3408/2/6 3402/2/6 3409/2/6
f 3403/2/6 3404/2/6 3410/2/6
f 3404/1/6 3405/1/6 3411/1/6
f 3410/2/6 3404/2/6 3411/2/6
f 3411/1/6 3405/1/6 3412/1/6
f 3406/1/6 3407/1/6 3415/1/6
f 3415/1/6 3407/1/6 3416/1/6
f 3412/1/6 3413/1/6 3418/1/6
f 3418/1/6 3413/1/6 3419/1/6
f 3414/1/6 3415/1/6 3421/1/6
f 3421/1/6 3415/1/6 3422/1/6
f 3417/2/6 3418/2/6 3424/2/6
f 3424/2/6 3418/2/6 3425/2/6
f 3419/1/6 3420/1/6 3426/1/6
f 3426/1/6 3420/1/6 3427/1/6
f 3422/2/6 3423/2/6 3428/2/6
f 3421/2/6 3422/2/6 3428/2/6
f 3428/2/6 3423/2/6 3429/2/6
f 3426/2/6 3427/2/6 3430/2/6
f 3430/2/6 3427/2/6 3431/2/6
f 3432/2/6 3433/2/6 3436/2/6
f 3436/2/6 3433/2/6 3437/2/6
f 3434/2/6 3435/2/6 3438/2/6
f 3438/2/6 3435/2/6 3439/2/6
f 3440/3/6 3441/3/6 3444/3/6
f 3444/3/6 3441/3/6 3445/3/6
f 3442/3/6 3443/3/6 3446/3/6
f 3446/3/6 3443/3/6 3447/3/6
f 3444/2/6 3445/2/6 3448/2/6
f 3448/2/6 3445/2/6 3449/2/6
f 3450/2/6 3451/2/6 3452/2/6
f 3452/2/6 3451/2/6 3453/2/6
f 3446/2/6 3447/2/6 3454/2/6
f 3454/2/6 3447/2/6 3455/2/6
f 3452/3/6 3453/3/6 3456/3/6
f 3456/3/6 3453/3/6 3457/3/6
f 3454/3/6 3455/3/6 3458/3/6
f 3458/3/6 3455/3/6 3459/3/6
f 3460/2/6 3461/2/6 3464/2/6
f 3464/2/6 3461/2/6 3465/2/6
f 3462/2/6 3463/2/6 3466/2/6
f 3466/2/6 3463/2/6 3467/2/6
f 3468/2/6 3469/2/6 3471/2/6
f 3471/2/6 3469/2/6 3472/2/6
f 3470/2/6 3471/2/6 3476/2/6
f 3473/2/6 3474/2/6 3477/2/6
f 3477/2/6 3474/2/6 3478/2/6
f 3475/2/6 3476/2/6 3479/2/6
f 3476/2/6 3471/2/6 3480/2/6
f 3479/2/6 3476/2/6 3480/2/6
f 3480/2/6 3471/2/6 3481/2/6
f 3477/1/6 3478/1/6 3482/1/6
f 3482/1/6 3478/1/6 3483/1/6
f 3480/1/6 3481/1/6 3486/1/6
f 3486/1/6 3481/1/6 3487/1/6
f 3483/1/6 3484/1/6 3488/1/6
f 3488/1/6 3484/1/6 3489/1/6
f 3485/1/6 3486/1/6 3494/1/6
f 3494/1/6 3486/1/6 3495/1/6
f 3489/1/6 3490/1/6 3496/1/6
f 3490/2/6 3491/2/6 3497/2/6
f 3496/1/6 3490/1/6 3497/1/6
f 3497/2/6 3491/2/6 3498/2/6
f 3492/2/6 3493/2/6 3499/2/6
f 3493/1/6 3494/1/6 3500/1/6
f 3499/2/6 3493/2/6 3500/2/6
f 3500/1/6 3494/1/6 3501/1/6
f 3502/2/6 3503/2/6 3506/2/6
f 3506/2/6 3503/2/6 3507/2/6
f 3504/2/6 3505/2/6 3508/2/6
f 3508/2/6 3505/2/6 3509/2/6
f 3510/3/6 3511/3/6 3514/3/6
f 3511/2/6 3512/2/6 3515/2/6
f 3514/3/6 3511/3/6 3515/3/6
f 3512/3/6 3513/3/6 3516/3/6
f 3515/2/6 3512/2/6 3516/2/6
f 3516/3/6 3513/3/6 3517/3/6
f 3518/2/6 3519/2/6 3523/2/6
f 3523/2/6 3519/2/6 3524/2/6
f 3520/2/6 3521/2/6 3525/2/6
f 3525/2/6 3521/2/6 3526/2/6
f 3522/2/6 3523/2/6 3528/2/6
f 3528/2/6 3523/2/6 3529/2/6
f 3526/2/6 3527/2/6 3530/2/6
f 3530/2/6 3527/2/6 3531/2/6
f 3532/2/6 3533/2/6 3537/2/6
f 3537/2/6 3533/2/6 3538/2/6
f 3534/2/6 3535/2/6 3539/2/6
f 3539/2/6 3535/2/6 3540/2/6
f 3536/2/6 3537/2/6 3542/2/6
f 3542/2/6 3537/2/6 3543/2/6
f 3540/2/6 3541/2/6 3544/2/6
f 3544/2/6 3541/2/6 3545/2/6
f 3546/2/6 3547/2/6 3551/2/6
f 3551/2/6 3547/2/6 3552/2/6
f 3548/2/6 3549/2/6 3553/2/6
f 3553/2/6 3549/2/6 3554/2/6
f 3550/2/6 3551/2/6 3556/2/6
f 3556/2/6 3551/2/6 3557/2/6
f 3554/2/6 3555/2/6 3558/2/6
f 3558/2/6 3555/2/6 3559/2/6
f 3560/2/6 3561/2/6 3564/2/6
f 3564/2/6 3561/2/6 3565/2/6
f 3562/2/6 3563/2/6 3568/2/6
f 3568/2/6 3563/2/6 3569/2/6
f 3565/2/6 3566/2/6 3570/2/6
f 3570/2/6 3566/2/6 3571/2/6
f 3567/2/6 3568/2/6 3572/2/6
f 3572/2/6 3568/2/6 3573/2/6
f 3574/2/6 3575/2/6 3578/2/6
f 3578/2/6 3575/2/6 3579/2/6
f 3576/2/6 3577/2/6 3582/2/6
f 3582/2/6 3577/2/6 3583/2/6
f 3579/2/6 3580/2/6 3584/2/6
f 3584/2/6 3580/2/6 3585/2/6
f 3581/2/6 3582/2/6 3586/2/6
f 3586/2/6 3582/2/6 3587/2/6
f 3588/2/6 3589/2/6 3592/2/6
f 3592/2/6 3589/2/6 3593/2/6
f 3590/2/6 3591/2/6 3596/2/6
f 3596/2/6 3591/2/6 3597/2/6
f 3593/2/6 3594/2/6 3598/2/6
f 3598/2/6 3594/2/6 3599/2/6
f 3595/2/6 3596/2/6 3600/2/6
f 3600/2/6 3596/2/6 3601/2/6
