# MagicaVoxel @ Ephtracy

# group
o 

# material
mtllib 뚜껑.mtl
usemtl palette

# normals
vn -1 0 0
vn 1 0 0
vn 0 0 1
vn 0 0 -1
vn 0 -1 0
vn 0 1 0

# texcoords
vt 0.849609 0.5
vt 0.869141 0.5
vt 0.958984 0.5

# verts
v -2.8 0 0.0999999
v -2.8 0 0
v -2.8 0 -0.1
v -2.8 0 -0.2
v -2.8 0.1 0.5
v -2.8 0.1 0.0999999
v -2.8 0.1 0
v -2.8 0.1 -0.1
v -2.8 0.1 -0.2
v -2.8 0.1 -0.6
v -2.8 0.3 0.0999999
v -2.8 0.3 -0.2
v -2.8 0.4 0.5
v -2.8 0.4 0.0999999
v -2.8 0.4 -0.2
v -2.8 0.4 -0.6
v -2.7 0.2 0.8
v -2.7 0.2 0.5
v -2.7 0.2 -0.6
v -2.7 0.2 -0.9
v -2.7 0.4 0.5
v -2.7 0.4 0.4
v -2.7 0.4 -0.4
v -2.7 0.4 -0.6
v -2.7 0.5 0.8
v -2.7 0.5 0.4
v -2.7 0.5 -0.4
v -2.7 0.5 -0.9
v -2.6 0.1 1.1
v -2.6 0.1 0.8
v -2.6 0.1 -0.9
v -2.6 0.1 -1.2
v -2.6 0.2 0.8
v -2.6 0.2 -0.9
v -2.6 0.3 0
v -2.6 0.3 -0.1
v -2.6 0.4 0
v -2.6 0.4 -0.1
v -2.6 0.4 -0.9
v -2.6 0.4 -1.2
v -2.6 0.5 1.1
v -2.6 0.5 0.8
v -2.5 0 1.3
v -2.5 0 1.2
v -2.5 0 -1.3
v -2.5 0 -1.4
v -2.5 0.1 1.2
v -2.5 0.1 1.1
v -2.5 0.1 -1.2
v -2.5 0.1 -1.3
v -2.5 0.3 1.3
v -2.5 0.3 1.2
v -2.5 0.3 0.4
v -2.5 0.3 0
v -2.5 0.3 -0.1
v -2.5 0.3 -0.4
v -2.5 0.3 -1.3
v -2.5 0.3 -1.4
v -2.5 0.4 0.8
v -2.5 0.4 0.5
v -2.5 0.4 0.4
v -2.5 0.4 0
v -2.5 0.4 -0.1
v -2.5 0.4 -0.4
v -2.5 0.4 -0.6
v -2.5 0.4 -0.9
v -2.5 0.4 -1.2
v -2.5 0.4 -1.3
v -2.5 0.5 1.2
v -2.5 0.5 1.1
v -2.5 0.5 0.8
v -2.5 0.5 0.5
v -2.5 0.5 -0.6
v -2.5 0.5 -0.9
v -2.4 0 1.5
v -2.4 0 1.3
v -2.4 0 -1.4
v -2.4 0 -1.6
v -2.4 0.3 1.5
v -2.4 0.3 1.3
v -2.4 0.3 -1.4
v -2.4 0.3 -1.6
v -2.4 0.4 0.5
v -2.4 0.4 0.4
v -2.4 0.4 -0.5
v -2.4 0.4 -0.6
v -2.4 0.5 0.5
v -2.4 0.5 0.4
v -2.4 0.5 -0.5
v -2.4 0.5 -0.6
v -2.3 0 1.6
v -2.3 0 1.5
v -2.3 0 -1.6
v -2.3 0 -1.7
v -2.3 0.2 1.3
v -2.3 0.2 1.2
v -2.3 0.2 -1.3
v -2.3 0.2 -1.4
v -2.3 0.3 1.6
v -2.3 0.3 1.5
v -2.3 0.3 1.3
v -2.3 0.3 1.2
v -2.3 0.3 -1.3
v -2.3 0.3 -1.4
v -2.3 0.3 -1.6
v -2.3 0.3 -1.7
v -2.3 0.4 0.4
v -2.3 0.4 0.3
v -2.3 0.4 0
v -2.3 0.4 -0.1
v -2.3 0.4 -0.4
v -2.3 0.4 -0.5
v -2.3 0.5 0.4
v -2.3 0.5 0.3
v -2.3 0.5 0
v -2.3 0.5 -0.1
v -2.3 0.5 -0.4
v -2.3 0.5 -0.5
v -2.2 0.1 1.7
v -2.2 0.1 1.6
v -2.2 0.1 -1.7
v -2.2 0.1 -1.8
v -2.2 0.2 1.5
v -2.2 0.2 1.3
v -2.2 0.2 -1.4
v -2.2 0.2 -1.6
v -2.2 0.3 1.6
v -2.2 0.3 1.5
v -2.2 0.3 1.3
v -2.2 0.3 -1.4
v -2.2 0.3 -1.6
v -2.2 0.3 -1.7
v -2.2 0.4 1.7
v -2.2 0.4 1.6
v -2.2 0.4 1.1
v -2.2 0.4 0.8
v -2.2 0.4 0.3
v -2.2 0.4 0
v -2.2 0.4 -0.1
v -2.2 0.4 -0.4
v -2.2 0.4 -0.9
v -2.2 0.4 -1.2
v -2.2 0.4 -1.7
v -2.2 0.4 -1.8
v -2.2 0.5 1.1
v -2.2 0.5 0.8
v -2.2 0.5 0.6
v -2.2 0.5 0.4
v -2.2 0.5 0.3
v -2.2 0.5 0
v -2.2 0.5 -0.1
v -2.2 0.5 -0.4
v -2.2 0.5 -0.5
v -2.2 0.5 -0.6
v -2.2 0.5 -0.7
v -2.2 0.5 -0.9
v -2.2 0.5 -1.2
v -2.2 0.6 0.8
v -2.2 0.6 0.6
v -2.2 0.6 0.4
v -2.2 0.6 -0.5
v -2.2 0.6 -0.7
v -2.2 0.6 -0.9
v -2.1 0.2 1.8
v -2.1 0.2 1.7
v -2.1 0.2 1.6
v -2.1 0.2 1.5
v -2.1 0.2 -1.6
v -2.1 0.2 -1.7
v -2.1 0.2 -1.8
v -2.1 0.2 -1.9
v -2.1 0.3 1.6
v -2.1 0.3 1.5
v -2.1 0.3 1.3
v -2.1 0.3 1.2
v -2.1 0.3 -1.3
v -2.1 0.3 -1.4
v -2.1 0.3 -1.6
v -2.1 0.3 -1.7
v -2.1 0.4 1.7
v -2.1 0.4 1.3
v -2.1 0.4 1.2
v -2.1 0.4 1.1
v -2.1 0.4 -1.2
v -2.1 0.4 -1.3
v -2.1 0.4 -1.4
v -2.1 0.4 -1.8
v -2.1 0.5 1.8
v -2.1 0.5 1.7
v -2.1 0.5 1.2
v -2.1 0.5 1.1
v -2.1 0.5 0.4
v -2.1 0.5 0.3
v -2.1 0.5 0
v -2.1 0.5 -0.1
v -2.1 0.5 -0.4
v -2.1 0.5 -0.5
v -2.1 0.5 -1.2
v -2.1 0.5 -1.3
v -2.1 0.5 -1.8
v -2.1 0.5 -1.9
v -2.1 0.6 0.8
v -2.1 0.6 0.6
v -2.1 0.6 0.5
v -2.1 0.6 0.4
v -2.1 0.6 0.3
v -2.1 0.6 0
v -2.1 0.6 -0.1
v -2.1 0.6 -0.4
v -2.1 0.6 -0.5
v -2.1 0.6 -0.6
v -2.1 0.6 -0.7
v -2.1 0.6 -0.9
v -2.1 0.7 0.8
v -2.1 0.7 0.5
v -2.1 0.7 -0.6
v -2.1 0.7 -0.9
v -2 0.2 1.9
v -2 0.2 1.8
v -2 0.2 -1.9
v -2 0.2 -2
v -2 0.3 1.5
v -2 0.3 1.3
v -2 0.3 -1.4
v -2 0.3 -1.6
v -2 0.4 1.5
v -2 0.4 1.3
v -2 0.4 -1.4
v -2 0.4 -1.6
v -2 0.5 1.9
v -2 0.5 1.8
v -2 0.5 1.1
v -2 0.5 0.8
v -2 0.5 0.3
v -2 0.5 0
v -2 0.5 -0.1
v -2 0.5 -0.4
v -2 0.5 -0.9
v -2 0.5 -1.2
v -2 0.5 -1.9
v -2 0.5 -2
v -2 0.6 1.1
v -2 0.6 0.8
v -2 0.6 0.3
v -2 0.6 0
v -2 0.6 -0.1
v -2 0.6 -0.4
v -2 0.6 -0.9
v -2 0.6 -1.2
v -2 0.7 0
v -2 0.7 -0.1
v -1.9 0.2 2
v -1.9 0.2 1.9
v -1.9 0.2 -1.8
v -1.9 0.2 -1.9
v -1.9 0.2 -2
v -1.9 0.2 -2.1
v -1.9 0.3 1.7
v -1.9 0.3 1.6
v -1.9 0.3 -1.7
v -1.9 0.3 -1.8
v -1.9 0.3 -1.9
v -1.9 0.4 1.8
v -1.9 0.4 1.7
v -1.9 0.4 1.4
v -1.9 0.4 1.2
v -1.9 0.4 -1.3
v -1.9 0.4 -1.5
v -1.9 0.4 -1.8
v -1.9 0.4 -1.9
v -1.9 0.5 2
v -1.9 0.5 1.9
v -1.9 0.5 1.8
v -1.9 0.5 1.6
v -1.9 0.5 1.4
v -1.9 0.5 1.2
v -1.9 0.5 1.1
v -1.9 0.5 -1.2
v -1.9 0.5 -1.3
v -1.9 0.5 -1.5
v -1.9 0.5 -1.7
v -1.9 0.5 -1.9
v -1.9 0.5 -2
v -1.9 0.5 -2.1
v -1.9 0.6 1.2
v -1.9 0.6 1.1
v -1.9 0.6 0.5
v -1.9 0.6 0.4
v -1.9 0.6 0.3
v -1.9 0.6 0
v -1.9 0.6 -0.1
v -1.9 0.6 -0.4
v -1.9 0.6 -0.5
v -1.9 0.6 -0.6
v -1.9 0.6 -1.2
v -1.9 0.6 -1.3
v -1.9 0.7 0.5
v -1.9 0.7 0.4
v -1.9 0.7 0.3
v -1.9 0.7 0
v -1.9 0.7 -0.1
v -1.9 0.7 -0.4
v -1.9 0.7 -0.5
v -1.9 0.7 -0.6
v -1.8 0.1 2.1
v -1.8 0.1 2
v -1.8 0.1 -2.1
v -1.8 0.1 -2.2
v -1.8 0.2 2
v -1.8 0.2 1.9
v -1.8 0.2 1.8
v -1.8 0.2 1.7
v -1.8 0.2 -1.9
v -1.8 0.2 -2
v -1.8 0.2 -2.1
v -1.8 0.3 1.9
v -1.8 0.3 1.8
v -1.8 0.3 1.6
v -1.8 0.3 1.5
v -1.8 0.3 -1.6
v -1.8 0.3 -1.7
v -1.8 0.3 -1.9
v -1.8 0.3 -2
v -1.8 0.4 2.1
v -1.8 0.4 2
v -1.8 0.4 1.8
v -1.8 0.4 1.7
v -1.8 0.4 1.5
v -1.8 0.4 1.4
v -1.8 0.4 -1.5
v -1.8 0.4 -1.6
v -1.8 0.4 -2.1
v -1.8 0.4 -2.2
v -1.8 0.5 1.6
v -1.8 0.5 1.4
v -1.8 0.5 1.3
v -1.8 0.5 1.2
v -1.8 0.5 -0.6
v -1.8 0.5 -0.7
v -1.8 0.5 -1.3
v -1.8 0.5 -1.4
v -1.8 0.5 -1.5
v -1.8 0.5 -1.7
v -1.8 0.6 1.3
v -1.8 0.6 1.2
v -1.8 0.6 0.4
v -1.8 0.6 0.3
v -1.8 0.6 -0.4
v -1.8 0.6 -0.5
v -1.8 0.6 -0.6
v -1.8 0.6 -0.7
v -1.8 0.6 -1.3
v -1.8 0.6 -1.4
v -1.8 0.7 0.4
v -1.8 0.7 0.3
v -1.8 0.7 -0.4
v -1.8 0.7 -0.5
v -1.8 0.8 0.3
v -1.8 0.8 -0.4
v -1.7 0 2.2
v -1.7 0 2.1
v -1.7 0 -2.2
v -1.7 0 -2.3
v -1.7 0.1 2.1
v -1.7 0.1 -2.2
v -1.7 0.2 -1.7
v -1.7 0.2 -1.8
v -1.7 0.3 2.2
v -1.7 0.3 2.1
v -1.7 0.3 -1.7
v -1.7 0.3 -1.8
v -1.7 0.3 -2.2
v -1.7 0.3 -2.3
v -1.7 0.5 1.6
v -1.7 0.5 1.3
v -1.7 0.5 0.7
v -1.7 0.5 0.6
v -1.7 0.5 -0.7
v -1.7 0.5 -0.8
v -1.7 0.5 -1.4
v -1.7 0.5 -1.7
v -1.7 0.6 1.6
v -1.7 0.6 1.3
v -1.7 0.6 0.7
v -1.7 0.6 0.6
v -1.7 0.6 -0.7
v -1.7 0.6 -0.8
v -1.7 0.6 -1.4
v -1.7 0.6 -1.7
v -1.7 0.7 0.5
v -1.7 0.7 0.3
v -1.7 0.7 -0.4
v -1.7 0.7 -0.6
v -1.7 0.8 0.5
v -1.7 0.8 0.3
v -1.7 0.8 -0.4
v -1.7 0.8 -0.6
v -1.7 0.9 0.3
v -1.7 0.9 -0.4
v -1.6 0 2.3
v -1.6 0 2.2
v -1.6 0 -2.3
v -1.6 0 -2.4
v -1.6 0.2 2.1
v -1.6 0.2 2
v -1.6 0.2 -2.1
v -1.6 0.2 -2.2
v -1.6 0.3 2.3
v -1.6 0.3 2.2
v -1.6 0.3 2.1
v -1.6 0.3 2
v -1.6 0.3 1.9
v -1.6 0.3 1.7
v -1.6 0.3 -1.8
v -1.6 0.3 -2
v -1.6 0.3 -2.1
v -1.6 0.3 -2.2
v -1.6 0.3 -2.3
v -1.6 0.3 -2.4
v -1.6 0.4 1.9
v -1.6 0.4 1.7
v -1.6 0.4 -1.8
v -1.6 0.4 -2
v -1.6 0.5 0.8
v -1.6 0.5 0.7
v -1.6 0.5 -0.8
v -1.6 0.5 -0.9
v -1.6 0.6 1.5
v -1.6 0.6 1.3
v -1.6 0.6 0.8
v -1.6 0.6 0.7
v -1.6 0.6 -0.8
v -1.6 0.6 -0.9
v -1.6 0.6 -1.4
v -1.6 0.6 -1.6
v -1.6 0.7 1.5
v -1.6 0.7 1.3
v -1.6 0.7 0.6
v -1.6 0.7 0.5
v -1.6 0.7 -0.6
v -1.6 0.7 -0.7
v -1.6 0.7 -1.4
v -1.6 0.7 -1.6
v -1.6 0.8 0.6
v -1.6 0.8 0.5
v -1.6 0.8 0.4
v -1.6 0.8 0.3
v -1.6 0.8 -0.4
v -1.6 0.8 -0.5
v -1.6 0.8 -0.6
v -1.6 0.8 -0.7
v -1.6 0.9 0.5
v -1.6 0.9 0.4
v -1.6 0.9 0.3
v -1.6 0.9 -0.4
v -1.6 0.9 -0.5
v -1.6 0.9 -0.6
v -1.6 1 0.3
v -1.6 1 -0.4
v -1.5 0.4 1.8
v -1.5 0.4 1.7
v -1.5 0.4 -1.8
v -1.5 0.4 -1.9
v -1.5 0.5 1.8
v -1.5 0.5 1.7
v -1.5 0.5 -1.8
v -1.5 0.5 -1.9
v -1.5 0.6 1.3
v -1.5 0.6 1.2
v -1.5 0.6 0.8
v -1.5 0.6 0.7
v -1.5 0.6 -0.8
v -1.5 0.6 -0.9
v -1.5 0.6 -1.3
v -1.5 0.6 -1.4
v -1.5 0.7 1.3
v -1.5 0.7 1.2
v -1.5 0.7 0.8
v -1.5 0.7 0.7
v -1.5 0.7 0.6
v -1.5 0.7 -0.7
v -1.5 0.7 -0.8
v -1.5 0.7 -0.9
v -1.5 0.7 -1.3
v -1.5 0.7 -1.4
v -1.5 0.8 0.7
v -1.5 0.8 0.6
v -1.5 0.8 0.5
v -1.5 0.8 -0.6
v -1.5 0.8 -0.7
v -1.5 0.8 -0.8
v -1.5 0.9 0.6
v -1.5 0.9 0.5
v -1.5 0.9 0.4
v -1.5 0.9 0.3
v -1.5 0.9 -0.4
v -1.5 0.9 -0.5
v -1.5 0.9 -0.6
v -1.5 0.9 -0.7
v -1.5 1 0.5
v -1.5 1 0.4
v -1.5 1 0.3
v -1.5 1 -0.4
v -1.5 1 -0.6
v -1.5 1.1 0.3
v -1.5 1.1 0
v -1.5 1.1 -0.1
v -1.5 1.1 -0.4
v -1.5 1.2 0
v -1.5 1.2 -0.1
v -1.4 0 2.4
v -1.4 0 2.3
v -1.4 0 -2.4
v -1.4 0 -2.5
v -1.4 0.2 2.2
v -1.4 0.2 2.1
v -1.4 0.2 -2.2
v -1.4 0.2 -2.3
v -1.4 0.3 2.4
v -1.4 0.3 2.3
v -1.4 0.3 2.2
v -1.4 0.3 2.1
v -1.4 0.3 2
v -1.4 0.3 1.9
v -1.4 0.3 -2
v -1.4 0.3 -2.1
v -1.4 0.3 -2.2
v -1.4 0.3 -2.3
v -1.4 0.3 -2.4
v -1.4 0.3 -2.5
v -1.4 0.4 2
v -1.4 0.4 1.9
v -1.4 0.4 -2
v -1.4 0.4 -2.1
v -1.4 0.5 1.7
v -1.4 0.5 1.6
v -1.4 0.5 -1.7
v -1.4 0.5 -1.8
v -1.4 0.6 1.7
v -1.4 0.6 1.6
v -1.4 0.6 1.2
v -1.4 0.6 1.1
v -1.4 0.6 0.9
v -1.4 0.6 0.8
v -1.4 0.6 -0.9
v -1.4 0.6 -1
v -1.4 0.6 -1.2
v -1.4 0.6 -1.3
v -1.4 0.6 -1.7
v -1.4 0.6 -1.8
v -1.4 0.7 1.2
v -1.4 0.7 1.1
v -1.4 0.7 0.9
v -1.4 0.7 0.8
v -1.4 0.7 0.7
v -1.4 0.7 -0.8
v -1.4 0.7 -0.9
v -1.4 0.7 -1
v -1.4 0.7 -1.2
v -1.4 0.7 -1.3
v -1.4 0.8 0.8
v -1.4 0.8 0.7
v -1.4 0.8 0.6
v -1.4 0.8 -0.7
v -1.4 0.8 -0.8
v -1.4 0.8 -0.9
v -1.4 0.9 0.7
v -1.4 0.9 0.6
v -1.4 0.9 0.5
v -1.4 0.9 -0.6
v -1.4 0.9 -0.7
v -1.4 0.9 -0.8
v -1.4 1 0.6
v -1.4 1 0.5
v -1.4 1 0.4
v -1.4 1 0.3
v -1.4 1 -0.4
v -1.4 1 -0.6
v -1.4 1 -0.7
v -1.4 1.1 0.5
v -1.4 1.1 0.4
v -1.4 1.1 0.3
v -1.4 1.1 0
v -1.4 1.1 -0.1
v -1.4 1.1 -0.4
v -1.4 1.1 -0.6
v -1.4 1.2 0.3
v -1.4 1.2 0
v -1.4 1.2 -0.1
v -1.4 1.2 -0.4
v -1.4 1.4 0
v -1.4 1.4 -0.1
v -1.3 0.2 2.3
v -1.3 0.2 2.2
v -1.3 0.2 -2.3
v -1.3 0.2 -2.4
v -1.3 0.3 2.4
v -1.3 0.3 2.3
v -1.3 0.3 2.2
v -1.3 0.3 2
v -1.3 0.3 -2.1
v -1.3 0.3 -2.3
v -1.3 0.3 -2.4
v -1.3 0.3 -2.5
v -1.3 0.4 2.3
v -1.3 0.4 2
v -1.3 0.4 1.8
v -1.3 0.4 -1.9
v -1.3 0.4 -2.1
v -1.3 0.4 -2.4
v -1.3 0.4 -2.5
v -1.3 0.5 2.4
v -1.3 0.5 2.3
v -1.3 0.5 2
v -1.3 0.5 1.8
v -1.3 0.5 1.7
v -1.3 0.5 1.4
v -1.3 0.5 1.3
v -1.3 0.5 1.2
v -1.3 0.5 -1.3
v -1.3 0.5 -1.4
v -1.3 0.5 -1.5
v -1.3 0.5 -1.8
v -1.3 0.5 -1.9
v -1.3 0.5 -2.1
v -1.3 0.6 1.8
v -1.3 0.6 1.7
v -1.3 0.6 1.4
v -1.3 0.6 1.3
v -1.3 0.6 1.2
v -1.3 0.6 1.1
v -1.3 0.6 0.9
v -1.3 0.6 -1
v -1.3 0.6 -1.2
v -1.3 0.6 -1.3
v -1.3 0.6 -1.4
v -1.3 0.6 -1.5
v -1.3 0.6 -1.8
v -1.3 0.6 -1.9
v -1.3 0.7 1.1
v -1.3 0.7 0.9
v -1.3 0.7 0.8
v -1.3 0.7 -0.9
v -1.3 0.7 -1
v -1.3 0.7 -1.2
v -1.3 0.8 0.9
v -1.3 0.8 0.8
v -1.3 0.8 0.7
v -1.3 0.8 -0.8
v -1.3 0.8 -0.9
v -1.3 0.8 -1
v -1.3 0.9 0.8
v -1.3 0.9 0.7
v -1.3 0.9 0.6
v -1.3 0.9 -0.7
v -1.3 0.9 -0.8
v -1.3 0.9 -0.9
v -1.3 1 0.7
v -1.3 1 0.6
v -1.3 1 0.5
v -1.3 1 -0.6
v -1.3 1 -0.7
v -1.3 1 -0.8
v -1.3 1.1 0.6
v -1.3 1.1 0.5
v -1.3 1.1 0.4
v -1.3 1.1 0.3
v -1.3 1.1 -0.4
v -1.3 1.1 -0.6
v -1.3 1.1 -0.7
v -1.3 1.2 0.5
v -1.3 1.2 0.3
v -1.3 1.2 0
v -1.3 1.2 -0.1
v -1.3 1.2 -0.4
v -1.3 1.2 -0.6
v -1.3 1.4 0.3
v -1.3 1.4 0
v -1.3 1.4 -0.1
v -1.3 1.4 -0.4
v -1.3 1.6 0
v -1.3 1.6 -0.1
v -1.2 0.1 2.5
v -1.2 0.1 2.4
v -1.2 0.1 -2.5
v -1.2 0.1 -2.6
v -1.2 0.4 2.1
v -1.2 0.4 2
v -1.2 0.4 -2.1
v -1.2 0.4 -2.2
v -1.2 0.4 -2.5
v -1.2 0.4 -2.6
v -1.2 0.5 2.5
v -1.2 0.5 2.4
v -1.2 0.5 2.1
v -1.2 0.5 2
v -1.2 0.5 1.9
v -1.2 0.5 1.8
v -1.2 0.5 1.2
v -1.2 0.5 1.1
v -1.2 0.5 -1.2
v -1.2 0.5 -1.3
v -1.2 0.5 -1.9
v -1.2 0.5 -2
v -1.2 0.5 -2.1
v -1.2 0.5 -2.2
v -1.2 0.6 1.9
v -1.2 0.6 1.8
v -1.2 0.6 1.2
v -1.2 0.6 1.1
v -1.2 0.6 -1.2
v -1.2 0.6 -1.3
v -1.2 0.6 -1.9
v -1.2 0.6 -2
v -1.2 0.7 1
v -1.2 0.7 0.9
v -1.2 0.7 -1
v -1.2 0.7 -1.1
v -1.2 0.8 1
v -1.2 0.8 0.9
v -1.2 0.8 0.8
v -1.2 0.8 -0.9
v -1.2 0.8 -1
v -1.2 0.8 -1.1
v -1.2 0.9 0.9
v -1.2 0.9 0.8
v -1.2 0.9 0.7
v -1.2 0.9 -0.8
v -1.2 0.9 -0.9
v -1.2 0.9 -1
v -1.2 1 0.8
v -1.2 1 0.7
v -1.2 1 0.6
v -1.2 1 -0.7
v -1.2 1 -0.8
v -1.2 1 -0.9
v -1.2 1.1 0.7
v -1.2 1.1 0.6
v -1.2 1.1 0.5
v -1.2 1.1 -0.6
v -1.2 1.1 -0.7
v -1.2 1.1 -0.8
v -1.2 1.2 0.6
v -1.2 1.2 0.5
v -1.2 1.2 0.3
v -1.2 1.2 -0.4
v -1.2 1.2 -0.6
v -1.2 1.2 -0.7
v -1.2 1.4 0.5
v -1.2 1.4 0.3
v -1.2 1.4 0
v -1.2 1.4 -0.1
v -1.2 1.4 -0.3
v -1.2 1.4 -0.4
v -1.2 1.4 -0.6
v -1.2 1.5 -0.3
v -1.2 1.5 -0.4
v -1.2 1.6 0.3
v -1.2 1.6 0
v -1.2 1.6 -0.1
v -1.2 1.6 -0.4
v -1.2 1.7 0
v -1.2 1.7 -0.1
v -1.1 0.7 1.1
v -1.1 0.7 1
v -1.1 0.7 -1.1
v -1.1 0.7 -1.2
v -1.1 0.8 1.1
v -1.1 0.8 1
v -1.1 0.8 0.9
v -1.1 0.8 -1
v -1.1 0.8 -1.1
v -1.1 0.8 -1.2
v -1.1 0.9 1
v -1.1 0.9 0.9
v -1.1 0.9 0.8
v -1.1 0.9 -0.9
v -1.1 0.9 -1
v -1.1 0.9 -1.1
v -1.1 1 0.9
v -1.1 1 0.8
v -1.1 1 0.7
v -1.1 1 -0.8
v -1.1 1 -0.9
v -1.1 1 -1
v -1.1 1.1 0.8
v -1.1 1.1 0.7
v -1.1 1.1 0.6
v -1.1 1.1 -0.7
v -1.1 1.1 -0.8
v -1.1 1.1 -0.9
v -1.1 1.2 0.7
v -1.1 1.2 0.6
v -1.1 1.2 0.5
v -1.1 1.2 -0.6
v -1.1 1.2 -0.7
v -1.1 1.2 -0.8
v -1.1 1.4 0.6
v -1.1 1.4 0.5
v -1.1 1.4 0.3
v -1.1 1.4 -0.4
v -1.1 1.4 -0.6
v -1.1 1.4 -0.7
v -1.1 1.5 -0.4
v -1.1 1.6 0.5
v -1.1 1.6 0.3
v -1.1 1.6 0
v -1.1 1.6 -0.1
v -1.1 1.6 -0.4
v -1.1 1.6 -0.6
v -1.1 1.7 0
v -1.1 1.7 -0.1
v -1.1 1.8 0.3
v -1.1 1.8 0
v -1.1 1.8 -0.1
v -1.1 1.8 -0.4
v -1.1 1.9 0
v -1.1 1.9 -0.1
v -1 0.6 1.3
v -1 0.6 1.2
v -1 0.6 -1.3
v -1 0.6 -1.4
v -1 0.7 1.3
v -1 0.7 1.2
v -1 0.7 1.1
v -1 0.7 -1.2
v -1 0.7 -1.3
v -1 0.7 -1.4
v -1 0.8 1.2
v -1 0.8 1.1
v -1 0.8 1
v -1 0.8 -1.1
v -1 0.8 -1.2
v -1 0.8 -1.3
v -1 0.9 1.1
v -1 0.9 1
v -1 0.9 0.9
v -1 0.9 -1
v -1 0.9 -1.1
v -1 0.9 -1.2
v -1 1 1
v -1 1 0.9
v -1 1 0.8
v -1 1 -0.9
v -1 1 -1
v -1 1 -1.1
v -1 1.1 0.9
v -1 1.1 0.8
v -1 1.1 0.7
v -1 1.1 -0.8
v -1 1.1 -0.9
v -1 1.1 -1
v -1 1.2 0.8
v -1 1.2 0.7
v -1 1.2 0.6
v -1 1.2 -0.7
v -1 1.2 -0.8
v -1 1.2 -0.9
v -1 1.4 0.7
v -1 1.4 0.6
v -1 1.4 0.5
v -1 1.4 -0.6
v -1 1.4 -0.7
v -1 1.4 -0.8
v -1 1.6 0.6
v -1 1.6 0.5
v -1 1.6 0.3
v -1 1.6 -0.4
v -1 1.6 -0.6
v -1 1.6 -0.7
v -1 1.8 0.5
v -1 1.8 0.3
v -1 1.8 -0.4
v -1 1.8 -0.6
v -0.9 0.2 2.6
v -0.9 0.2 2.5
v -0.9 0.2 -2.6
v -0.9 0.2 -2.7
v -0.9 0.4 2.4
v -0.9 0.4 2.1
v -0.9 0.4 -2.2
v -0.9 0.4 -2.5
v -0.9 0.4 -2.6
v -0.9 0.5 2.6
v -0.9 0.5 2.5
v -0.9 0.5 2.4
v -0.9 0.5 2.1
v -0.9 0.5 1.9
v -0.9 0.5 -2
v -0.9 0.5 -2.2
v -0.9 0.5 -2.5
v -0.9 0.5 -2.6
v -0.9 0.5 -2.7
v -0.9 0.6 2.1
v -0.9 0.6 2
v -0.9 0.6 1.9
v -0.9 0.6 1.5
v -0.9 0.6 1.4
v -0.9 0.6 1.3
v -0.9 0.6 -1.4
v -0.9 0.6 -1.5
v -0.9 0.6 -1.6
v -0.9 0.6 -2
v -0.9 0.6 -2.1
v -0.9 0.6 -2.2
v -0.9 0.7 2
v -0.9 0.7 1.5
v -0.9 0.7 1.4
v -0.9 0.7 1.3
v -0.9 0.7 1.2
v -0.9 0.7 -1.3
v -0.9 0.7 -1.4
v -0.9 0.7 -1.5
v -0.9 0.7 -1.6
v -0.9 0.7 -2.1
v -0.9 0.8 1.3
v -0.9 0.8 1.2
v -0.9 0.8 1.1
v -0.9 0.8 -1.2
v -0.9 0.8 -1.3
v -0.9 0.8 -1.4
v -0.9 0.9 1.2
v -0.9 0.9 1.1
v -0.9 0.9 1
v -0.9 0.9 -1.1
v -0.9 0.9 -1.2
v -0.9 0.9 -1.3
v -0.9 1 1.1
v -0.9 1 1
v -0.9 1 0.9
v -0.9 1 -1
v -0.9 1 -1.1
v -0.9 1 -1.2
v -0.9 1.1 1
v -0.9 1.1 0.9
v -0.9 1.1 0.8
v -0.9 1.1 -0.9
v -0.9 1.1 -1
v -0.9 1.1 -1.1
v -0.9 1.2 0.9
v -0.9 1.2 0.8
v -0.9 1.2 0.7
v -0.9 1.2 -0.8
v -0.9 1.2 -0.9
v -0.9 1.2 -1
v -0.9 1.4 0.8
v -0.9 1.4 0.7
v -0.9 1.4 0.6
v -0.9 1.4 -0.7
v -0.9 1.4 -0.8
v -0.9 1.4 -0.9
v -0.9 1.6 0.7
v -0.9 1.6 0.6
v -0.9 1.6 0.5
v -0.9 1.6 0.3
v -0.9 1.6 0.2
v -0.9 1.6 -0.3
v -0.9 1.6 -0.4
v -0.9 1.6 -0.6
v -0.9 1.6 -0.7
v -0.9 1.6 -0.8
v -0.9 1.7 0.3
v -0.9 1.7 0.2
v -0.9 1.7 -0.3
v -0.9 1.7 -0.4
v -0.9 1.8 0.6
v -0.9 1.8 0.5
v -0.9 1.8 0.3
v -0.9 1.8 -0.1
v -0.9 1.8 -0.4
v -0.9 1.8 -0.6
v -0.9 1.8 -0.7
v -0.9 1.9 0.3
v -0.9 1.9 -0.1
v -0.9 1.9 -0.4
v -0.8 0.5 1.6
v -0.8 0.5 1.5
v -0.8 0.5 -1.6
v -0.8 0.5 -1.7
v -0.8 0.6 1.6
v -0.8 0.6 1.5
v -0.8 0.6 1.4
v -0.8 0.6 -1.5
v -0.8 0.6 -1.6
v -0.8 0.6 -1.7
v -0.8 0.7 1.5
v -0.8 0.7 1.4
v -0.8 0.7 1.3
v -0.8 0.7 -1.4
v -0.8 0.7 -1.5
v -0.8 0.7 -1.6
v -0.8 0.8 1.4
v -0.8 0.8 1.3
v -0.8 0.8 1.2
v -0.8 0.8 -1.3
v -0.8 0.8 -1.4
v -0.8 0.8 -1.5
v -0.8 0.9 1.3
v -0.8 0.9 1.2
v -0.8 0.9 1.1
v -0.8 0.9 -1.2
v -0.8 0.9 -1.3
v -0.8 0.9 -1.4
v -0.8 1 1.2
v -0.8 1 1.1
v -0.8 1 1
v -0.8 1 -1.1
v -0.8 1 -1.2
v -0.8 1 -1.3
v -0.8 1.1 1.1
v -0.8 1.1 1
v -0.8 1.1 0.9
v -0.8 1.1 -1
v -0.8 1.1 -1.1
v -0.8 1.1 -1.2
v -0.8 1.2 1
v -0.8 1.2 0.9
v -0.8 1.2 0.8
v -0.8 1.2 -0.9
v -0.8 1.2 -1
v -0.8 1.2 -1.1
v -0.8 1.4 0.9
v -0.8 1.4 0.8
v -0.8 1.4 0.7
v -0.8 1.4 -0.8
v -0.8 1.4 -0.9
v -0.8 1.4 -1
v -0.8 1.6 0.8
v -0.8 1.6 0.7
v -0.8 1.6 0.6
v -0.8 1.6 0.5
v -0.8 1.6 0.4
v -0.8 1.6 -0.5
v -0.8 1.6 -0.6
v -0.8 1.6 -0.7
v -0.8 1.6 -0.8
v -0.8 1.6 -0.9
v -0.8 1.7 0.5
v -0.8 1.7 0.4
v -0.8 1.7 -0.5
v -0.8 1.7 -0.6
v -0.8 1.8 0.6
v -0.8 1.8 0.5
v -0.8 1.8 0.3
v -0.8 1.8 -0.4
v -0.8 1.8 -0.6
v -0.8 1.8 -0.7
v -0.8 1.9 0.7
v -0.8 1.9 0.6
v -0.8 1.9 0.5
v -0.8 1.9 0.4
v -0.8 1.9 0.3
v -0.8 1.9 -0.1
v -0.8 1.9 -0.4
v -0.8 1.9 -0.5
v -0.8 1.9 -0.6
v -0.8 1.9 -0.7
v -0.8 1.9 -0.8
v -0.8 2 0.4
v -0.8 2 -0.1
v -0.8 2 -0.5
v -0.7 0.5 1.8
v -0.7 0.5 1.6
v -0.7 0.5 -1.7
v -0.7 0.5 -1.8
v -0.7 0.6 1.8
v -0.7 0.6 1.6
v -0.7 0.6 -1.7
v -0.7 0.6 -1.8
v -0.7 0.7 1.5
v -0.7 0.7 1.4
v -0.7 0.7 -1.5
v -0.7 0.7 -1.6
v -0.7 0.8 1.5
v -0.7 0.8 1.4
v -0.7 0.8 1.3
v -0.7 0.8 -1.4
v -0.7 0.8 -1.5
v -0.7 0.8 -1.6
v -0.7 0.9 1.4
v -0.7 0.9 1.3
v -0.7 0.9 1.2
v -0.7 0.9 -1.3
v -0.7 0.9 -1.4
v -0.7 0.9 -1.5
v -0.7 1 1.3
v -0.7 1 1.2
v -0.7 1 1.1
v -0.7 1 -1.2
v -0.7 1 -1.3
v -0.7 1 -1.4
v -0.7 1.1 1.2
v -0.7 1.1 1.1
v -0.7 1.1 1
v -0.7 1.1 -1.1
v -0.7 1.1 -1.2
v -0.7 1.1 -1.3
v -0.7 1.2 1.1
v -0.7 1.2 1
v -0.7 1.2 0.9
v -0.7 1.2 -1
v -0.7 1.2 -1.1
v -0.7 1.2 -1.2
v -0.7 1.4 1
v -0.7 1.4 0.9
v -0.7 1.4 0.8
v -0.7 1.4 -0.9
v -0.7 1.4 -1
v -0.7 1.4 -1.1
v -0.7 1.6 0.9
v -0.7 1.6 0.8
v -0.7 1.6 0.7
v -0.7 1.6 0.6
v -0.7 1.6 0.5
v -0.7 1.6 -0.6
v -0.7 1.6 -0.7
v -0.7 1.6 -0.8
v -0.7 1.6 -0.9
v -0.7 1.6 -1
v -0.7 1.7 0.6
v -0.7 1.7 0.5
v -0.7 1.7 -0.6
v -0.7 1.7 -0.7
v -0.7 1.8 0.8
v -0.7 1.8 0.7
v -0.7 1.8 0.6
v -0.7 1.8 0.5
v -0.7 1.8 -0.6
v -0.7 1.8 -0.7
v -0.7 1.8 -0.8
v -0.7 1.8 -0.9
v -0.7 1.9 0.6
v -0.7 1.9 0.5
v -0.7 1.9 0.4
v -0.7 1.9 -0.5
v -0.7 1.9 -0.6
v -0.7 1.9 -0.7
v -0.7 2 0.5
v -0.7 2 0.4
v -0.7 2 -0.1
v -0.7 2 -0.5
v -0.7 2 -0.6
v -0.7 2.1 0.4
v -0.7 2.1 -0.1
v -0.7 2.1 -0.5
v -0.6 0.1 2.7
v -0.6 0.1 2.6
v -0.6 0.1 -2.7
v -0.6 0.1 -2.8
v -0.6 0.2 2.6
v -0.6 0.2 2.5
v -0.6 0.2 2.4
v -0.6 0.2 -2.5
v -0.6 0.2 -2.6
v -0.6 0.2 -2.7
v -0.6 0.3 2.5
v -0.6 0.3 2.4
v -0.6 0.3 2.3
v -0.6 0.3 2.1
v -0.6 0.3 -2.2
v -0.6 0.3 -2.4
v -0.6 0.3 -2.5
v -0.6 0.3 -2.6
v -0.6 0.4 2.7
v -0.6 0.4 2.6
v -0.6 0.4 2.3
v -0.6 0.4 2.1
v -0.6 0.4 2
v -0.6 0.4 1.9
v -0.6 0.4 -2
v -0.6 0.4 -2.1
v -0.6 0.4 -2.2
v -0.6 0.4 -2.4
v -0.6 0.4 -2.7
v -0.6 0.4 -2.8
v -0.6 0.5 2
v -0.6 0.5 1.9
v -0.6 0.5 -1.8
v -0.6 0.5 -1.9
v -0.6 0.5 -2
v -0.6 0.5 -2.1
v -0.6 0.6 -1.8
v -0.6 0.6 -1.9
v -0.6 0.7 1.6
v -0.6 0.7 1.5
v -0.6 0.7 -1.6
v -0.6 0.7 -1.7
v -0.6 0.8 1.6
v -0.6 0.8 1.5
v -0.6 0.8 1.4
v -0.6 0.8 -1.5
v -0.6 0.8 -1.6
v -0.6 0.8 -1.7
v -0.6 0.9 1.5
v -0.6 0.9 1.4
v -0.6 0.9 1.3
v -0.6 0.9 -1.4
v -0.6 0.9 -1.5
v -0.6 0.9 -1.6
v -0.6 1 1.4
v -0.6 1 1.3
v -0.6 1 1.2
v -0.6 1 -1.3
v -0.6 1 -1.4
v -0.6 1 -1.5
v -0.6 1.1 1.3
v -0.6 1.1 1.2
v -0.6 1.1 1.1
v -0.6 1.1 -1.2
v -0.6 1.1 -1.3
v -0.6 1.1 -1.4
v -0.6 1.2 1.2
v -0.6 1.2 1.1
v -0.6 1.2 1
v -0.6 1.2 -1.1
v -0.6 1.2 -1.2
v -0.6 1.2 -1.3
v -0.6 1.4 1.1
v -0.6 1.4 1
v -0.6 1.4 0.9
v -0.6 1.4 -1
v -0.6 1.4 -1.1
v -0.6 1.4 -1.2
v -0.6 1.6 1
v -0.6 1.6 0.9
v -0.6 1.6 0.8
v -0.6 1.6 0.7
v -0.6 1.6 0.6
v -0.6 1.6 -0.7
v -0.6 1.6 -0.8
v -0.6 1.6 -0.9
v -0.6 1.6 -1
v -0.6 1.6 -1.1
v -0.6 1.7 0.7
v -0.6 1.7 0.6
v -0.6 1.7 -0.7
v -0.6 1.7 -0.8
v -0.6 1.8 0.9
v -0.6 1.8 0.8
v -0.6 1.8 0.7
v -0.6 1.8 0.6
v -0.6 1.8 -0.7
v -0.6 1.8 -0.8
v -0.6 1.8 -0.9
v -0.6 1.8 -1
v -0.6 1.9 0.7
v -0.6 1.9 0.6
v -0.6 1.9 0.5
v -0.6 1.9 -0.6
v -0.6 1.9 -0.7
v -0.6 1.9 -0.8
v -0.6 2 0.6
v -0.6 2 0.5
v -0.6 2 0.4
v -0.6 2 -0.5
v -0.6 2 -0.6
v -0.6 2 -0.7
v -0.6 2.1 0.5
v -0.6 2.1 0.4
v -0.6 2.1 -0.1
v -0.6 2.1 -0.5
v -0.6 2.1 -0.6
v -0.6 2.2 0.4
v -0.6 2.2 -0.1
v -0.6 2.2 -0.5
v -0.5 0.2 2.4
v -0.5 0.2 2.3
v -0.5 0.3 2.4
v -0.5 0.3 2.3
v -0.5 1.6 0.8
v -0.5 1.6 0.7
v -0.5 1.6 -0.8
v -0.5 1.6 -0.9
v -0.5 1.7 0.8
v -0.5 1.7 0.7
v -0.5 1.7 -0.8
v -0.5 1.7 -0.9
v -0.5 1.9 0.7
v -0.5 1.9 0.6
v -0.5 1.9 -0.7
v -0.5 1.9 -0.8
v -0.5 2 0.7
v -0.5 2 0.6
v -0.5 2 0.5
v -0.5 2 -0.6
v -0.5 2 -0.7
v -0.5 2 -0.8
v -0.5 2.1 0.6
v -0.5 2.1 0.5
v -0.5 2.1 0.4
v -0.5 2.1 -0.5
v -0.5 2.1 -0.6
v -0.5 2.1 -0.7
v -0.5 2.2 0.5
v -0.5 2.2 0.4
v -0.5 2.2 0.3
v -0.5 2.2 -0.1
v -0.5 2.2 -0.4
v -0.5 2.2 -0.5
v -0.5 2.2 -0.6
v -0.5 2.3 0.3
v -0.5 2.3 -0.1
v -0.5 2.3 -0.4
v -0.4 0.2 2.3
v -0.4 0.2 2.2
v -0.4 0.3 2.3
v -0.4 0.3 2.2
v -0.4 0.6 1.8
v -0.4 0.6 1.7
v -0.4 0.7 1.8
v -0.4 0.7 1.7
v -0.4 0.7 1.6
v -0.4 0.7 -1.7
v -0.4 0.7 -1.8
v -0.4 0.8 1.7
v -0.4 0.8 1.6
v -0.4 0.8 1.5
v -0.4 0.8 -1.6
v -0.4 0.8 -1.7
v -0.4 0.8 -1.8
v -0.4 0.9 1.6
v -0.4 0.9 1.5
v -0.4 0.9 1.4
v -0.4 0.9 -1.5
v -0.4 0.9 -1.6
v -0.4 0.9 -1.7
v -0.4 1 1.5
v -0.4 1 1.4
v -0.4 1 1.3
v -0.4 1 -1.4
v -0.4 1 -1.5
v -0.4 1 -1.6
v -0.4 1.1 1.4
v -0.4 1.1 1.3
v -0.4 1.1 1.2
v -0.4 1.1 -1.3
v -0.4 1.1 -1.4
v -0.4 1.1 -1.5
v -0.4 1.2 1.3
v -0.4 1.2 1.2
v -0.4 1.2 1.1
v -0.4 1.2 -1.2
v -0.4 1.2 -1.3
v -0.4 1.2 -1.4
v -0.4 1.4 1.2
v -0.4 1.4 1.1
v -0.4 1.4 1
v -0.4 1.4 -1.1
v -0.4 1.4 -1.2
v -0.4 1.4 -1.3
v -0.4 1.6 1.1
v -0.4 1.6 1
v -0.4 1.6 0.9
v -0.4 1.6 -1
v -0.4 1.6 -1.1
v -0.4 1.6 -1.2
v -0.4 1.8 1
v -0.4 1.8 0.9
v -0.4 1.8 0.8
v -0.4 1.8 0.7
v -0.4 1.8 -0.8
v -0.4 1.8 -0.9
v -0.4 1.8 -1
v -0.4 1.8 -1.1
v -0.4 1.9 0.8
v -0.4 1.9 0.7
v -0.4 1.9 -0.8
v -0.4 1.9 -0.9
v -0.4 2.2 0.4
v -0.4 2.2 0.3
v -0.4 2.2 -0.4
v -0.4 2.2 -0.5
v -0.4 2.3 0.4
v -0.4 2.3 0.3
v -0.4 2.3 -0.1
v -0.4 2.3 -0.4
v -0.4 2.3 -0.5
v -0.4 2.4 0.3
v -0.4 2.4 0.2
v -0.4 2.4 -0.3
v -0.4 2.4 -0.4
v -0.4 2.5 0.2
v -0.4 2.5 -0.1
v -0.4 2.5 -0.3
v -0.3 0.3 2.1
v -0.3 0.3 2
v -0.3 0.4 2.1
v -0.3 0.4 2
v -0.3 1.6 0.9
v -0.3 1.6 0.8
v -0.3 1.6 -0.9
v -0.3 1.6 -1
v -0.3 1.7 0.9
v -0.3 1.7 0.8
v -0.3 1.7 -0.9
v -0.3 1.7 -1
v -0.3 2.4 0.3
v -0.3 2.4 0.2
v -0.3 2.4 -0.3
v -0.3 2.4 -0.4
v -0.3 2.5 0.3
v -0.3 2.5 0.2
v -0.3 2.5 -0.1
v -0.3 2.5 -0.3
v -0.3 2.5 -0.4
v -0.3 2.7 0.2
v -0.3 2.7 -0.1
v -0.3 2.7 -0.3
v -0.2 0 2.7
v -0.2 0 2.6
v -0.2 0 -2.7
v -0.2 0 -2.8
v -0.2 0.1 2.7
v -0.2 0.1 2.6
v -0.2 0.1 2.5
v -0.2 0.1 -2.7
v -0.2 0.1 -2.8
v -0.2 0.2 2.6
v -0.2 0.2 2.5
v -0.2 0.4 1.9
v -0.2 0.4 1.8
v -0.2 0.5 1.9
v -0.2 0.5 1.8
v -0.2 0.5 1.7
v -0.2 0.6 1.8
v -0.2 0.6 1.7
v -0.2 0.6 1.6
v -0.2 0.7 1.7
v -0.2 0.7 1.6
v -0.2 0.7 1.5
v -0.2 0.8 1.6
v -0.2 0.8 1.5
v -0.2 0.8 1.4
v -0.2 0.9 1.5
v -0.2 0.9 1.4
v -0.2 0.9 1.3
v -0.2 1 1.4
v -0.2 1 1.3
v -0.2 1 1.2
v -0.2 1.1 1.3
v -0.2 1.1 1.2
v -0.2 2.7 0.0999999
v -0.2 2.7 0
v -0.2 2.7 -0.1
v -0.2 2.7 -0.2
v -0.2 2.8 0.0999999
v -0.2 2.8 0
v -0.2 2.8 -0.1
v -0.2 2.8 -0.2
v -0.2 3.1 0
v -0.2 3.1 -0.1
v -0.0999999 0.3 2.5
v -0.0999999 0.3 2.4
v -0.0999999 0.4 2.5
v -0.0999999 0.4 2.4
v -0.0999999 0.4 2.2
v -0.0999999 0.4 2.1
v -0.0999999 0.5 2.2
v -0.0999999 0.5 2.1
v -0.0999999 0.5 2
v -0.0999999 0.5 1.9
v -0.0999999 0.6 2
v -0.0999999 0.6 1.9
v -0.0999999 0.6 1.8
v -0.0999999 0.7 1.9
v -0.0999999 0.7 1.8
v -0.0999999 1.1 1.4
v -0.0999999 1.1 1.3
v -0.0999999 1.2 1.4
v -0.0999999 1.2 1.3
v -0.0999999 1.2 1.2
v -0.0999999 1.4 1.3
v -0.0999999 1.4 1.2
v -0.0999999 1.4 1.1
v -0.0999999 1.5 0
v -0.0999999 1.5 -0.1
v -0.0999999 1.6 1.2
v -0.0999999 1.6 1.1
v -0.0999999 1.6 1
v -0.0999999 1.6 0.8
v -0.0999999 1.6 0
v -0.0999999 1.6 -0.1
v -0.0999999 1.6 -0.9
v -0.0999999 1.7 1.1
v -0.0999999 1.7 1
v -0.0999999 1.7 0.8
v -0.0999999 1.7 0
v -0.0999999 1.7 -0.1
v -0.0999999 1.7 -0.9
v -0.0999999 1.8 1
v -0.0999999 1.8 0.9
v -0.0999999 1.8 -1
v -0.0999999 1.8 -1.1
v -0.0999999 1.9 1
v -0.0999999 1.9 0.9
v -0.0999999 1.9 -1
v -0.0999999 1.9 -1.1
v -0.0999999 2.6 0
v -0.0999999 2.6 -0.1
v -0.0999999 2.7 0
v -0.0999999 2.7 -0.1
v -0.0999999 2.8 0.0999999
v -0.0999999 2.8 0
v -0.0999999 2.8 -0.1
v -0.0999999 2.8 -0.2
v -0.0999999 3.1 0.0999999
v -0.0999999 3.1 0
v -0.0999999 3.1 -0.1
v -0.0999999 3.1 -0.2
v -0.0999999 3.4 0
v -0.0999999 3.4 -0.1
v 2.38419e-07 0 2.7
v 2.38419e-07 0 2.6
v 2.38419e-07 0 -2.7
v 2.38419e-07 0 -2.8
v 2.38419e-07 0.1 2.7
v 2.38419e-07 0.1 2.6
v 2.38419e-07 0.1 -2.7
v 2.38419e-07 0.1 -2.8
v 2.38419e-07 2.6 0.0999999
v 2.38419e-07 2.6 0
v 2.38419e-07 2.6 -0.1
v 2.38419e-07 2.6 -0.2
v 2.38419e-07 2.7 0.0999999
v 2.38419e-07 2.7 0
v 2.38419e-07 2.7 -0.1
v 2.38419e-07 2.7 -0.2
v 0.1 0.3 2.7
v 0.1 0.3 2.6
v 0.1 0.3 -2.7
v 0.1 0.3 -2.8
v 0.1 0.4 2.7
v 0.1 0.4 2.6
v 0.1 0.4 -2.7
v 0.1 0.4 -2.8
v 0.1 2.5 0.0999999
v 0.1 2.5 -0.1
v 0.1 2.5 -0.2
v 0.1 2.6 0.0999999
v 0.1 2.6 0
v 0.1 2.6 -0.1
v 0.1 2.6 -0.2
v 0.1 2.7 0
v 0.1 2.7 -0.1
v 0.2 0.4 -2.2
v 0.2 0.4 -2.3
v 0.2 0.5 -2.2
v 0.2 0.5 -2.3
v 0.2 1.1 1.2
v 0.2 1.1 1.1
v 0.2 1.1 -1.2
v 0.2 1.1 -1.3
v 0.2 1.2 1.2
v 0.2 1.2 1.1
v 0.2 1.2 1
v 0.2 1.2 -1.1
v 0.2 1.2 -1.2
v 0.2 1.2 -1.3
v 0.2 1.4 1.1
v 0.2 1.4 1
v 0.2 1.4 -1.1
v 0.2 1.4 -1.2
v 0.2 1.5 1
v 0.2 1.5 0.9
v 0.2 1.5 -1
v 0.2 1.5 -1.1
v 0.2 1.6 1
v 0.2 1.6 0.9
v 0.2 1.6 0.8
v 0.2 1.6 0.7
v 0.2 1.6 -0.8
v 0.2 1.6 -0.9
v 0.2 1.6 -1
v 0.2 1.6 -1.1
v 0.2 1.7 0.8
v 0.2 1.7 0.7
v 0.2 1.7 -0.8
v 0.2 1.7 -0.9
v 0.2 2.3 0.2
v 0.2 2.3 -0.1
v 0.2 2.3 -0.3
v 0.2 2.5 0.2
v 0.2 2.5 -0.1
v 0.2 2.5 -0.3
v 0.3 0.3 2.6
v 0.3 0.3 2.5
v 0.3 0.3 2.4
v 0.3 0.3 -2.5
v 0.3 0.3 -2.6
v 0.3 0.4 2.6
v 0.3 0.4 2.5
v 0.3 0.4 2.4
v 0.3 0.4 2.2
v 0.3 0.4 2.1
v 0.3 0.4 -2.3
v 0.3 0.4 -2.4
v 0.3 0.4 -2.5
v 0.3 0.4 -2.6
v 0.3 0.5 2.6
v 0.3 0.5 2.5
v 0.3 0.5 2.2
v 0.3 0.5 2.1
v 0.3 0.5 2
v 0.3 0.5 1.9
v 0.3 0.5 1.8
v 0.3 0.5 1.6
v 0.3 0.5 -1.7
v 0.3 0.5 -1.9
v 0.3 0.5 -2
v 0.3 0.5 -2.1
v 0.3 0.5 -2.3
v 0.3 0.5 -2.4
v 0.3 0.6 2
v 0.3 0.6 1.9
v 0.3 0.6 1.8
v 0.3 0.6 1.7
v 0.3 0.6 1.6
v 0.3 0.6 1.5
v 0.3 0.6 -1.6
v 0.3 0.6 -1.7
v 0.3 0.6 -1.8
v 0.3 0.6 -1.9
v 0.3 0.6 -2
v 0.3 0.6 -2.1
v 0.3 0.7 1.7
v 0.3 0.7 1.6
v 0.3 0.7 1.5
v 0.3 0.7 1.4
v 0.3 0.7 -1.5
v 0.3 0.7 -1.6
v 0.3 0.7 -1.7
v 0.3 0.7 -1.8
v 0.3 0.8 1.6
v 0.3 0.8 1.5
v 0.3 0.8 1.4
v 0.3 0.8 1.3
v 0.3 0.8 -1.4
v 0.3 0.8 -1.5
v 0.3 0.8 -1.6
v 0.3 0.8 -1.7
v 0.3 0.9 1.5
v 0.3 0.9 1.4
v 0.3 0.9 1.3
v 0.3 0.9 1.2
v 0.3 0.9 -1.3
v 0.3 0.9 -1.4
v 0.3 0.9 -1.5
v 0.3 0.9 -1.6
v 0.3 1 1.4
v 0.3 1 1.3
v 0.3 1 1.2
v 0.3 1 1.1
v 0.3 1 -1.2
v 0.3 1 -1.3
v 0.3 1 -1.4
v 0.3 1 -1.5
v 0.3 1.1 1.3
v 0.3 1.1 1.1
v 0.3 1.1 1
v 0.3 1.1 -1.1
v 0.3 1.1 -1.2
v 0.3 1.1 -1.4
v 0.3 1.2 1.1
v 0.3 1.2 1
v 0.3 1.2 -1.1
v 0.3 1.2 -1.2
v 0.3 1.4 1
v 0.3 1.4 0.9
v 0.3 1.4 -1
v 0.3 1.4 -1.1
v 0.3 1.5 1
v 0.3 1.5 0.9
v 0.3 1.5 -1
v 0.3 1.5 -1.1
v 0.3 1.6 0.9
v 0.3 1.6 0.8
v 0.3 1.6 -0.9
v 0.3 1.6 -1
v 0.3 1.7 0.9
v 0.3 1.7 0.8
v 0.3 1.7 0.7
v 0.3 1.7 -0.8
v 0.3 1.7 -0.9
v 0.3 1.7 -1
v 0.3 1.8 0.8
v 0.3 1.8 0.7
v 0.3 1.8 0.6
v 0.3 1.8 -0.7
v 0.3 1.8 -0.8
v 0.3 1.8 -0.9
v 0.3 1.9 0.7
v 0.3 1.9 0.6
v 0.3 1.9 -0.7
v 0.3 1.9 -0.8
v 0.3 2.1 0.4
v 0.3 2.1 0.3
v 0.3 2.1 -0.4
v 0.3 2.1 -0.5
v 0.3 2.2 0.4
v 0.3 2.2 0.3
v 0.3 2.2 -0.1
v 0.3 2.2 -0.4
v 0.3 2.2 -0.5
v 0.3 2.3 0.3
v 0.3 2.3 -0.1
v 0.3 2.3 -0.4
v 0.4 0.3 -2.6
v 0.4 0.3 -2.7
v 0.4 0.4 2.3
v 0.4 0.4 2.2
v 0.4 0.4 -2.4
v 0.4 0.4 -2.5
v 0.4 0.4 -2.6
v 0.4 0.4 -2.7
v 0.4 0.5 2.3
v 0.4 0.5 2.2
v 0.4 0.5 2.1
v 0.4 0.5 2
v 0.4 0.5 -2.1
v 0.4 0.5 -2.2
v 0.4 0.5 -2.4
v 0.4 0.5 -2.5
v 0.4 0.6 2.1
v 0.4 0.6 2
v 0.4 0.6 1.8
v 0.4 0.6 1.7
v 0.4 0.6 1.5
v 0.4 0.6 1.4
v 0.4 0.6 -1.5
v 0.4 0.6 -1.6
v 0.4 0.6 -1.9
v 0.4 0.6 -2
v 0.4 0.6 -2.1
v 0.4 0.6 -2.2
v 0.4 0.7 1.8
v 0.4 0.7 1.7
v 0.4 0.7 1.5
v 0.4 0.7 1.4
v 0.4 0.7 -1.5
v 0.4 0.7 -1.6
v 0.4 0.7 -1.9
v 0.4 0.7 -2
v 0.4 1.2 1
v 0.4 1.2 0.9
v 0.4 1.2 -1
v 0.4 1.2 -1.1
v 0.4 1.4 1
v 0.4 1.4 0.9
v 0.4 1.4 -1
v 0.4 1.4 -1.1
v 0.4 1.5 0.9
v 0.4 1.5 0.8
v 0.4 1.5 -0.9
v 0.4 1.5 -1
v 0.4 1.6 0.9
v 0.4 1.6 0.8
v 0.4 1.6 0.7
v 0.4 1.6 0.6
v 0.4 1.6 -0.7
v 0.4 1.6 -0.8
v 0.4 1.6 -0.9
v 0.4 1.6 -1
v 0.4 1.7 0.7
v 0.4 1.7 0.6
v 0.4 1.7 -0.7
v 0.4 1.7 -0.8
v 0.4 1.9 0.6
v 0.4 1.9 0.5
v 0.4 1.9 -0.6
v 0.4 1.9 -0.7
v 0.4 2 0.6
v 0.4 2 0.5
v 0.4 2 0.4
v 0.4 2 -0.5
v 0.4 2 -0.6
v 0.4 2 -0.7
v 0.4 2.1 0.5
v 0.4 2.1 0.4
v 0.4 2.1 0.3
v 0.4 2.1 -0.1
v 0.4 2.1 -0.4
v 0.4 2.1 -0.5
v 0.4 2.1 -0.6
v 0.4 2.2 0.3
v 0.4 2.2 -0.1
v 0.4 2.2 -0.4
v 0.5 0.4 2.4
v 0.5 0.4 2.3
v 0.5 0.4 -2.6
v 0.5 0.4 -2.7
v 0.5 0.5 2.4
v 0.5 0.5 2.3
v 0.5 0.5 1.6
v 0.5 0.5 1.5
v 0.5 0.5 -1.6
v 0.5 0.5 -1.7
v 0.5 0.5 -2.6
v 0.5 0.5 -2.7
v 0.5 0.6 2
v 0.5 0.6 1.8
v 0.5 0.6 1.6
v 0.5 0.6 1.5
v 0.5 0.6 -1.6
v 0.5 0.6 -1.7
v 0.5 0.6 -2
v 0.5 0.6 -2.1
v 0.5 0.7 2
v 0.5 0.7 1.8
v 0.5 0.7 1.4
v 0.5 0.7 1.3
v 0.5 0.7 -1.4
v 0.5 0.7 -1.5
v 0.5 0.7 -2
v 0.5 0.7 -2.1
v 0.5 0.8 1.4
v 0.5 0.8 1.3
v 0.5 0.8 1.2
v 0.5 0.8 -1.3
v 0.5 0.8 -1.4
v 0.5 0.8 -1.5
v 0.5 0.9 1.3
v 0.5 0.9 1.2
v 0.5 0.9 1.1
v 0.5 0.9 -1.2
v 0.5 0.9 -1.3
v 0.5 0.9 -1.4
v 0.5 1 1.2
v 0.5 1 1.1
v 0.5 1 1
v 0.5 1 -1.1
v 0.5 1 -1.2
v 0.5 1 -1.3
v 0.5 1.1 1.1
v 0.5 1.1 1
v 0.5 1.1 0.9
v 0.5 1.1 -1
v 0.5 1.1 -1.1
v 0.5 1.1 -1.2
v 0.5 1.2 1
v 0.5 1.2 0.9
v 0.5 1.2 0.8
v 0.5 1.2 -0.9
v 0.5 1.2 -1
v 0.5 1.2 -1.1
v 0.5 1.5 0.9
v 0.5 1.5 0.8
v 0.5 1.5 0.7
v 0.5 1.5 -0.8
v 0.5 1.5 -0.9
v 0.5 1.5 -1
v 0.5 1.6 0.7
v 0.5 1.6 0.6
v 0.5 1.6 0.5
v 0.5 1.6 -0.6
v 0.5 1.6 -0.7
v 0.5 1.6 -0.8
v 0.5 1.7 0.8
v 0.5 1.7 0.7
v 0.5 1.7 0.6
v 0.5 1.7 0.5
v 0.5 1.7 -0.6
v 0.5 1.7 -0.7
v 0.5 1.7 -0.8
v 0.5 1.7 -0.9
v 0.5 1.8 0.7
v 0.5 1.8 0.6
v 0.5 1.8 0.5
v 0.5 1.8 -0.6
v 0.5 1.8 -0.7
v 0.5 1.8 -0.8
v 0.5 1.9 0.6
v 0.5 1.9 0.5
v 0.5 1.9 0.4
v 0.5 1.9 -0.5
v 0.5 1.9 -0.6
v 0.5 1.9 -0.7
v 0.5 2 0.5
v 0.5 2 0.4
v 0.5 2 -0.1
v 0.5 2 -0.5
v 0.5 2 -0.6
v 0.5 2.1 0.4
v 0.5 2.1 -0.1
v 0.5 2.1 -0.5
v 0.6 0.5 1.5
v 0.6 0.5 1.4
v 0.6 0.5 -1.5
v 0.6 0.5 -1.6
v 0.6 0.6 1.5
v 0.6 0.6 1.4
v 0.6 0.6 1.3
v 0.6 0.6 -1.4
v 0.6 0.6 -1.5
v 0.6 0.6 -1.6
v 0.6 0.7 1.4
v 0.6 0.7 1.3
v 0.6 0.7 1.2
v 0.6 0.7 -1.3
v 0.6 0.7 -1.4
v 0.6 0.7 -1.5
v 0.6 0.8 1.3
v 0.6 0.8 1.2
v 0.6 0.8 1.1
v 0.6 0.8 -1.2
v 0.6 0.8 -1.3
v 0.6 0.8 -1.4
v 0.6 0.9 1.2
v 0.6 0.9 1.1
v 0.6 0.9 1
v 0.6 0.9 -1.1
v 0.6 0.9 -1.2
v 0.6 0.9 -1.3
v 0.6 1 1.1
v 0.6 1 1
v 0.6 1 0.9
v 0.6 1 -1
v 0.6 1 -1.1
v 0.6 1 -1.2
v 0.6 1.1 1
v 0.6 1.1 0.9
v 0.6 1.1 0.8
v 0.6 1.1 -0.9
v 0.6 1.1 -1
v 0.6 1.1 -1.1
v 0.6 1.2 0.9
v 0.6 1.2 0.8
v 0.6 1.2 0.7
v 0.6 1.2 -0.8
v 0.6 1.2 -0.9
v 0.6 1.2 -1
v 0.6 1.5 0.8
v 0.6 1.5 0.7
v 0.6 1.5 0.6
v 0.6 1.5 -0.7
v 0.6 1.5 -0.8
v 0.6 1.5 -0.9
v 0.6 1.6 0.6
v 0.6 1.6 0.5
v 0.6 1.6 0.4
v 0.6 1.6 -0.5
v 0.6 1.6 -0.6
v 0.6 1.6 -0.7
v 0.6 1.7 0.7
v 0.6 1.7 0.6
v 0.6 1.7 0.5
v 0.6 1.7 0.4
v 0.6 1.7 -0.5
v 0.6 1.7 -0.6
v 0.6 1.7 -0.7
v 0.6 1.7 -0.8
v 0.6 1.8 0.7
v 0.6 1.8 0.6
v 0.6 1.8 0.5
v 0.6 1.8 0.3
v 0.6 1.8 -0.4
v 0.6 1.8 -0.6
v 0.6 1.8 -0.7
v 0.6 1.8 -0.8
v 0.6 1.9 0.7
v 0.6 1.9 0.6
v 0.6 1.9 0.5
v 0.6 1.9 0.4
v 0.6 1.9 0.3
v 0.6 1.9 -0.1
v 0.6 1.9 -0.4
v 0.6 1.9 -0.5
v 0.6 1.9 -0.6
v 0.6 1.9 -0.7
v 0.6 1.9 -0.8
v 0.6 2 0.4
v 0.6 2 -0.1
v 0.6 2 -0.5
v 0.7 0.5 1.4
v 0.7 0.5 1.3
v 0.7 0.5 -1.4
v 0.7 0.5 -1.5
v 0.7 0.6 1.4
v 0.7 0.6 1.3
v 0.7 0.6 1.2
v 0.7 0.6 -1.3
v 0.7 0.6 -1.4
v 0.7 0.6 -1.5
v 0.7 0.7 1.3
v 0.7 0.7 1.2
v 0.7 0.7 1.1
v 0.7 0.7 -1.2
v 0.7 0.7 -1.3
v 0.7 0.7 -1.4
v 0.7 0.8 1.2
v 0.7 0.8 1.1
v 0.7 0.8 1
v 0.7 0.8 -1.1
v 0.7 0.8 -1.2
v 0.7 0.8 -1.3
v 0.7 0.9 1.1
v 0.7 0.9 1
v 0.7 0.9 0.9
v 0.7 0.9 -1
v 0.7 0.9 -1.1
v 0.7 0.9 -1.2
v 0.7 1 1
v 0.7 1 0.9
v 0.7 1 0.8
v 0.7 1 -0.9
v 0.7 1 -1
v 0.7 1 -1.1
v 0.7 1.1 0.9
v 0.7 1.1 0.8
v 0.7 1.1 0.7
v 0.7 1.1 -0.8
v 0.7 1.1 -0.9
v 0.7 1.1 -1
v 0.7 1.2 0.8
v 0.7 1.2 0.7
v 0.7 1.2 0.6
v 0.7 1.2 -0.7
v 0.7 1.2 -0.8
v 0.7 1.2 -0.9
v 0.7 1.5 0.7
v 0.7 1.5 0.6
v 0.7 1.5 0.5
v 0.7 1.5 -0.6
v 0.7 1.5 -0.7
v 0.7 1.5 -0.8
v 0.7 1.6 0.5
v 0.7 1.6 0.4
v 0.7 1.6 0.2
v 0.7 1.6 -0.3
v 0.7 1.6 -0.5
v 0.7 1.6 -0.6
v 0.7 1.7 0.6
v 0.7 1.7 0.5
v 0.7 1.7 0.4
v 0.7 1.7 0.3
v 0.7 1.7 0.2
v 0.7 1.7 -0.3
v 0.7 1.7 -0.4
v 0.7 1.7 -0.5
v 0.7 1.7 -0.6
v 0.7 1.7 -0.7
v 0.7 1.8 0.5
v 0.7 1.8 0.3
v 0.7 1.8 -0.1
v 0.7 1.8 -0.4
v 0.7 1.8 -0.6
v 0.7 1.9 0.3
v 0.7 1.9 -0.1
v 0.7 1.9 -0.4
v 0.8 0.1 2.5
v 0.8 0.1 2.4
v 0.8 0.1 -2.5
v 0.8 0.1 -2.6
v 0.8 0.2 2.5
v 0.8 0.2 -2.6
v 0.8 0.3 2.5
v 0.8 0.3 2.4
v 0.8 0.3 2.3
v 0.8 0.3 2
v 0.8 0.3 -2.1
v 0.8 0.3 -2.4
v 0.8 0.3 -2.5
v 0.8 0.3 -2.6
v 0.8 0.4 2.3
v 0.8 0.4 2
v 0.8 0.4 1.8
v 0.8 0.4 -1.9
v 0.8 0.4 -2.1
v 0.8 0.4 -2.4
v 0.8 0.5 2
v 0.8 0.5 1.8
v 0.8 0.5 1.5
v 0.8 0.5 1.3
v 0.8 0.5 1.2
v 0.8 0.5 -1.3
v 0.8 0.5 -1.4
v 0.8 0.5 -1.6
v 0.8 0.5 -1.9
v 0.8 0.5 -2.1
v 0.8 0.6 1.8
v 0.8 0.6 1.5
v 0.8 0.6 1.3
v 0.8 0.6 1.2
v 0.8 0.6 1.1
v 0.8 0.6 -1.2
v 0.8 0.6 -1.3
v 0.8 0.6 -1.4
v 0.8 0.6 -1.6
v 0.8 0.6 -1.9
v 0.8 0.7 1.2
v 0.8 0.7 1.1
v 0.8 0.7 1
v 0.8 0.7 -1.1
v 0.8 0.7 -1.2
v 0.8 0.7 -1.3
v 0.8 0.8 1.1
v 0.8 0.8 1
v 0.8 0.8 0.9
v 0.8 0.8 -1
v 0.8 0.8 -1.1
v 0.8 0.8 -1.2
v 0.8 0.9 1
v 0.8 0.9 0.9
v 0.8 0.9 0.8
v 0.8 0.9 -0.9
v 0.8 0.9 -1
v 0.8 0.9 -1.1
v 0.8 1 0.9
v 0.8 1 0.8
v 0.8 1 0.7
v 0.8 1 -0.8
v 0.8 1 -0.9
v 0.8 1 -1
v 0.8 1.1 0.8
v 0.8 1.1 0.7
v 0.8 1.1 0.6
v 0.8 1.1 -0.7
v 0.8 1.1 -0.8
v 0.8 1.1 -0.9
v 0.8 1.2 0.7
v 0.8 1.2 0.6
v 0.8 1.2 0.5
v 0.8 1.2 -0.6
v 0.8 1.2 -0.7
v 0.8 1.2 -0.8
v 0.8 1.5 0.6
v 0.8 1.5 0.5
v 0.8 1.5 0.4
v 0.8 1.5 -0.5
v 0.8 1.5 -0.6
v 0.8 1.5 -0.7
v 0.8 1.6 0.4
v 0.8 1.6 0.2
v 0.8 1.6 0
v 0.8 1.6 -0.1
v 0.8 1.6 -0.3
v 0.8 1.6 -0.5
v 0.8 1.7 0.5
v 0.8 1.7 0.4
v 0.8 1.7 0.3
v 0.8 1.7 0.2
v 0.8 1.7 0
v 0.8 1.7 -0.1
v 0.8 1.7 -0.3
v 0.8 1.7 -0.4
v 0.8 1.7 -0.5
v 0.8 1.7 -0.6
v 0.8 1.8 0.3
v 0.8 1.8 -0.1
v 0.8 1.8 -0.4
v 0.9 0.5 1.2
v 0.9 0.5 1.1
v 0.9 0.5 -1.2
v 0.9 0.5 -1.3
v 0.9 0.6 1.2
v 0.9 0.6 1.1
v 0.9 0.6 1
v 0.9 0.6 -1.1
v 0.9 0.6 -1.2
v 0.9 0.6 -1.3
v 0.9 0.7 1.1
v 0.9 0.7 1
v 0.9 0.7 0.9
v 0.9 0.7 -1
v 0.9 0.7 -1.1
v 0.9 0.7 -1.2
v 0.9 0.8 1
v 0.9 0.8 0.9
v 0.9 0.8 0.8
v 0.9 0.8 -0.9
v 0.9 0.8 -1
v 0.9 0.8 -1.1
v 0.9 0.9 0.9
v 0.9 0.9 0.8
v 0.9 0.9 0.7
v 0.9 0.9 -0.8
v 0.9 0.9 -0.9
v 0.9 0.9 -1
v 0.9 1 0.8
v 0.9 1 0.7
v 0.9 1 0.6
v 0.9 1 -0.7
v 0.9 1 -0.8
v 0.9 1 -0.9
v 0.9 1.1 0.7
v 0.9 1.1 0.6
v 0.9 1.1 0.5
v 0.9 1.1 -0.6
v 0.9 1.1 -0.7
v 0.9 1.1 -0.8
v 0.9 1.2 0.6
v 0.9 1.2 0.5
v 0.9 1.2 0.4
v 0.9 1.2 -0.5
v 0.9 1.2 -0.6
v 0.9 1.2 -0.7
v 0.9 1.4 0.4
v 0.9 1.4 0.3
v 0.9 1.4 -0.4
v 0.9 1.4 -0.5
v 0.9 1.5 0.5
v 0.9 1.5 0.4
v 0.9 1.5 0.3
v 0.9 1.5 0.2
v 0.9 1.5 -0.3
v 0.9 1.5 -0.4
v 0.9 1.5 -0.5
v 0.9 1.5 -0.6
v 0.9 1.6 0.4
v 0.9 1.6 0.3
v 0.9 1.6 0.2
v 0.9 1.6 -0.3
v 0.9 1.6 -0.4
v 0.9 1.6 -0.5
v 0.9 1.7 0.3
v 0.9 1.7 0.2
v 0.9 1.7 -0.3
v 0.9 1.7 -0.4
v 0.9 1.8 0
v 0.9 1.8 -0.1
v 0.9 1.9 0
v 0.9 1.9 -0.1
v 1 0.5 1.1
v 1 0.5 1
v 1 0.5 -1.1
v 1 0.5 -1.2
v 1 0.6 1.1
v 1 0.6 1
v 1 0.6 0.9
v 1 0.6 -1
v 1 0.6 -1.1
v 1 0.6 -1.2
v 1 0.7 1
v 1 0.7 0.9
v 1 0.7 0.8
v 1 0.7 -0.9
v 1 0.7 -1
v 1 0.7 -1.1
v 1 0.8 0.9
v 1 0.8 0.8
v 1 0.8 0.7
v 1 0.8 -0.8
v 1 0.8 -0.9
v 1 0.8 -1
v 1 0.9 0.8
v 1 0.9 0.7
v 1 0.9 0.6
v 1 0.9 -0.7
v 1 0.9 -0.8
v 1 0.9 -0.9
v 1 1 0.7
v 1 1 0.6
v 1 1 0.5
v 1 1 -0.6
v 1 1 -0.7
v 1 1 -0.8
v 1 1.1 0.6
v 1 1.1 0.5
v 1 1.1 0.3
v 1 1.1 -0.4
v 1 1.1 -0.6
v 1 1.1 -0.7
v 1 1.2 0.5
v 1 1.2 0.4
v 1 1.2 0.3
v 1 1.2 0.2
v 1 1.2 -0.3
v 1 1.2 -0.4
v 1 1.2 -0.5
v 1 1.2 -0.6
v 1 1.4 0.4
v 1 1.4 0.3
v 1 1.4 0.2
v 1 1.4 -0.3
v 1 1.4 -0.4
v 1 1.4 -0.5
v 1 1.5 0.3
v 1 1.5 0.2
v 1 1.5 -0.3
v 1 1.5 -0.4
v 1 1.6 0.2
v 1 1.6 -0.3
v 1.1 0.1 2.4
v 1.1 0.1 2.3
v 1.1 0.1 -2.4
v 1.1 0.1 -2.5
v 1.1 0.2 2.3
v 1.1 0.2 2.1
v 1.1 0.2 -2.2
v 1.1 0.2 -2.4
v 1.1 0.3 2.4
v 1.1 0.3 2.3
v 1.1 0.3 2.1
v 1.1 0.3 -2.2
v 1.1 0.3 -2.4
v 1.1 0.3 -2.5
v 1.1 0.4 1.8
v 1.1 0.4 1.7
v 1.1 0.4 -1.8
v 1.1 0.4 -1.9
v 1.1 0.5 1.8
v 1.1 0.5 1.7
v 1.1 0.5 1
v 1.1 0.5 0.9
v 1.1 0.5 -1
v 1.1 0.5 -1.1
v 1.1 0.5 -1.8
v 1.1 0.5 -1.9
v 1.1 0.6 1.3
v 1.1 0.6 1.2
v 1.1 0.6 1
v 1.1 0.6 0.9
v 1.1 0.6 0.8
v 1.1 0.6 -0.9
v 1.1 0.6 -1
v 1.1 0.6 -1.1
v 1.1 0.6 -1.3
v 1.1 0.6 -1.4
v 1.1 0.7 1.3
v 1.1 0.7 1.2
v 1.1 0.7 0.9
v 1.1 0.7 0.8
v 1.1 0.7 0.7
v 1.1 0.7 -0.8
v 1.1 0.7 -0.9
v 1.1 0.7 -1
v 1.1 0.7 -1.3
v 1.1 0.7 -1.4
v 1.1 0.8 0.8
v 1.1 0.8 0.7
v 1.1 0.8 0.6
v 1.1 0.8 -0.7
v 1.1 0.8 -0.8
v 1.1 0.8 -0.9
v 1.1 0.9 0.7
v 1.1 0.9 0.6
v 1.1 0.9 0.5
v 1.1 0.9 -0.6
v 1.1 0.9 -0.7
v 1.1 0.9 -0.8
v 1.1 1 0.6
v 1.1 1 0.5
v 1.1 1 0.3
v 1.1 1 -0.4
v 1.1 1 -0.6
v 1.1 1 -0.7
v 1.1 1.1 0.5
v 1.1 1.1 0.3
v 1.1 1.1 0.2
v 1.1 1.1 -0.3
v 1.1 1.1 -0.4
v 1.1 1.1 -0.6
v 1.1 1.2 0.3
v 1.1 1.2 0.2
v 1.1 1.2 -0.3
v 1.1 1.2 -0.4
v 1.1 1.4 0.2
v 1.1 1.4 -0.3
v 1.2 0 2.4
v 1.2 0 2.3
v 1.2 0 -2.4
v 1.2 0 -2.5
v 1.2 0.1 2.4
v 1.2 0.1 2.3
v 1.2 0.1 2.2
v 1.2 0.1 -2.3
v 1.2 0.1 -2.4
v 1.2 0.1 -2.5
v 1.2 0.2 2.3
v 1.2 0.2 2.2
v 1.2 0.2 2.1
v 1.2 0.2 1.9
v 1.2 0.2 -2
v 1.2 0.2 -2.2
v 1.2 0.2 -2.3
v 1.2 0.2 -2.4
v 1.2 0.3 2.1
v 1.2 0.3 2
v 1.2 0.3 1.9
v 1.2 0.3 1.8
v 1.2 0.3 -1.9
v 1.2 0.3 -2
v 1.2 0.3 -2.1
v 1.2 0.3 -2.2
v 1.2 0.4 2
v 1.2 0.4 1.8
v 1.2 0.4 1.7
v 1.2 0.4 1.6
v 1.2 0.4 -1.7
v 1.2 0.4 -1.8
v 1.2 0.4 -1.9
v 1.2 0.4 -2.1
v 1.2 0.5 1.7
v 1.2 0.5 1.6
v 1.2 0.5 1.2
v 1.2 0.5 1.1
v 1.2 0.5 0.9
v 1.2 0.5 0.8
v 1.2 0.5 -0.9
v 1.2 0.5 -1
v 1.2 0.5 -1.2
v 1.2 0.5 -1.3
v 1.2 0.5 -1.7
v 1.2 0.5 -1.8
v 1.2 0.6 1.4
v 1.2 0.6 1.3
v 1.2 0.6 1.2
v 1.2 0.6 1.1
v 1.2 0.6 0.9
v 1.2 0.6 0.8
v 1.2 0.6 0.7
v 1.2 0.6 -0.8
v 1.2 0.6 -0.9
v 1.2 0.6 -1
v 1.2 0.6 -1.2
v 1.2 0.6 -1.3
v 1.2 0.6 -1.4
v 1.2 0.6 -1.5
v 1.2 0.7 1.4
v 1.2 0.7 1.3
v 1.2 0.7 0.8
v 1.2 0.7 0.7
v 1.2 0.7 0.6
v 1.2 0.7 -0.7
v 1.2 0.7 -0.8
v 1.2 0.7 -0.9
v 1.2 0.7 -1.4
v 1.2 0.7 -1.5
v 1.2 0.8 0.7
v 1.2 0.8 0.6
v 1.2 0.8 0.5
v 1.2 0.8 -0.6
v 1.2 0.8 -0.7
v 1.2 0.8 -0.8
v 1.2 0.9 0.6
v 1.2 0.9 0.5
v 1.2 0.9 0.3
v 1.2 0.9 -0.4
v 1.2 0.9 -0.6
v 1.2 0.9 -0.7
v 1.2 1 0.5
v 1.2 1 0.3
v 1.2 1 -0.4
v 1.2 1 -0.6
v 1.2 1.1 0.2
v 1.2 1.1 -0.3
v 1.2 1.2 0.2
v 1.2 1.2 -0.3
v 1.3 0 2.3
v 1.3 0 2.2
v 1.3 0 -2.3
v 1.3 0 -2.4
v 1.3 0.1 2.3
v 1.3 0.1 2.2
v 1.3 0.1 2.1
v 1.3 0.1 -2.2
v 1.3 0.1 -2.3
v 1.3 0.1 -2.4
v 1.3 0.2 2.3
v 1.3 0.2 2.2
v 1.3 0.2 2.1
v 1.3 0.2 1.9
v 1.3 0.2 1.7
v 1.3 0.2 -1.8
v 1.3 0.2 -2
v 1.3 0.2 -2.2
v 1.3 0.2 -2.3
v 1.3 0.2 -2.4
v 1.3 0.3 2.3
v 1.3 0.3 2.2
v 1.3 0.3 1.9
v 1.3 0.3 1.8
v 1.3 0.3 -1.9
v 1.3 0.3 -2
v 1.3 0.3 -2.3
v 1.3 0.3 -2.4
v 1.3 0.4 1.8
v 1.3 0.4 1.7
v 1.3 0.4 -1.8
v 1.3 0.4 -1.9
v 1.3 0.5 0.8
v 1.3 0.5 0.7
v 1.3 0.5 -0.8
v 1.3 0.5 -0.9
v 1.3 0.6 1.5
v 1.3 0.6 1.4
v 1.3 0.6 0.8
v 1.3 0.6 0.7
v 1.3 0.6 0.6
v 1.3 0.6 -0.7
v 1.3 0.6 -0.8
v 1.3 0.6 -0.9
v 1.3 0.6 -1.5
v 1.3 0.6 -1.6
v 1.3 0.7 1.5
v 1.3 0.7 1.4
v 1.3 0.7 0.7
v 1.3 0.7 0.6
v 1.3 0.7 0.5
v 1.3 0.7 -0.6
v 1.3 0.7 -0.7
v 1.3 0.7 -0.8
v 1.3 0.7 -1.5
v 1.3 0.7 -1.6
v 1.3 0.8 0.6
v 1.3 0.8 0.5
v 1.3 0.8 0.3
v 1.3 0.8 -0.4
v 1.3 0.8 -0.6
v 1.3 0.8 -0.7
v 1.3 0.9 0.5
v 1.3 0.9 0.3
v 1.3 0.9 -0.4
v 1.3 0.9 -0.6
v 1.3 1 0.3
v 1.3 1 -0.4
v 1.3 1.1 0.3
v 1.3 1.1 -0.4
v 1.4 0.3 1.7
v 1.4 0.3 1.6
v 1.4 0.3 -1.7
v 1.4 0.3 -1.8
v 1.4 0.4 1.7
v 1.4 0.4 1.6
v 1.4 0.4 -1.7
v 1.4 0.4 -1.8
v 1.4 0.5 1.4
v 1.4 0.5 1.3
v 1.4 0.5 1.2
v 1.4 0.5 0.7
v 1.4 0.5 0.6
v 1.4 0.5 -0.7
v 1.4 0.5 -0.8
v 1.4 0.5 -1.3
v 1.4 0.5 -1.4
v 1.4 0.5 -1.5
v 1.4 0.6 1.4
v 1.4 0.6 1.3
v 1.4 0.6 1.2
v 1.4 0.6 0.7
v 1.4 0.6 0.6
v 1.4 0.6 0.4
v 1.4 0.6 -0.5
v 1.4 0.6 -0.7
v 1.4 0.6 -0.8
v 1.4 0.6 -1.3
v 1.4 0.6 -1.4
v 1.4 0.6 -1.5
v 1.4 0.7 0.6
v 1.4 0.7 0.5
v 1.4 0.7 0.4
v 1.4 0.7 0.3
v 1.4 0.7 -0.4
v 1.4 0.7 -0.5
v 1.4 0.7 -0.6
v 1.4 0.7 -0.7
v 1.4 0.8 0.5
v 1.4 0.8 0.3
v 1.4 0.8 -0.4
v 1.4 0.8 -0.6
v 1.4 0.9 0.3
v 1.4 0.9 -0.4
v 1.4 1 0.3
v 1.4 1 -0.4
v 1.5 0 2.2
v 1.5 0 2.1
v 1.5 0 -2.2
v 1.5 0 -2.3
v 1.5 0.1 2.2
v 1.5 0.1 2.1
v 1.5 0.1 2
v 1.5 0.1 -2.1
v 1.5 0.1 -2.2
v 1.5 0.1 -2.3
v 1.5 0.2 2.2
v 1.5 0.2 2.1
v 1.5 0.2 2
v 1.5 0.2 1.7
v 1.5 0.2 1.6
v 1.5 0.2 -1.7
v 1.5 0.2 -1.8
v 1.5 0.2 -2.1
v 1.5 0.2 -2.2
v 1.5 0.2 -2.3
v 1.5 0.3 2.2
v 1.5 0.3 2.1
v 1.5 0.3 1.7
v 1.5 0.3 1.6
v 1.5 0.3 -1.7
v 1.5 0.3 -1.8
v 1.5 0.3 -2.2
v 1.5 0.3 -2.3
v 1.5 0.4 1.6
v 1.5 0.4 1.5
v 1.5 0.4 -1.6
v 1.5 0.4 -1.7
v 1.5 0.5 1.6
v 1.5 0.5 1.5
v 1.5 0.5 0.6
v 1.5 0.5 0.5
v 1.5 0.5 -0.6
v 1.5 0.5 -0.7
v 1.5 0.5 -1.6
v 1.5 0.5 -1.7
v 1.5 0.6 0.8
v 1.5 0.6 0.7
v 1.5 0.6 0.6
v 1.5 0.6 0.5
v 1.5 0.6 0.4
v 1.5 0.6 0.3
v 1.5 0.6 -0.4
v 1.5 0.6 -0.5
v 1.5 0.6 -0.6
v 1.5 0.6 -0.7
v 1.5 0.6 -0.8
v 1.5 0.6 -0.9
v 1.5 0.7 0.8
v 1.5 0.7 0.7
v 1.5 0.7 0.4
v 1.5 0.7 0.3
v 1.5 0.7 -0.4
v 1.5 0.7 -0.5
v 1.5 0.7 -0.8
v 1.5 0.7 -0.9
v 1.5 0.8 0.3
v 1.5 0.8 -0.4
v 1.5 0.9 0.3
v 1.5 0.9 -0.4
v 1.6 0.2 2.1
v 1.6 0.2 2
v 1.6 0.2 1.6
v 1.6 0.2 1.5
v 1.6 0.2 -1.6
v 1.6 0.2 -1.7
v 1.6 0.2 -2.1
v 1.6 0.2 -2.2
v 1.6 0.3 2.1
v 1.6 0.3 2
v 1.6 0.3 1.8
v 1.6 0.3 1.7
v 1.6 0.3 1.5
v 1.6 0.3 1.4
v 1.6 0.3 -1.5
v 1.6 0.3 -1.6
v 1.6 0.3 -2.1
v 1.6 0.3 -2.2
v 1.6 0.4 2.1
v 1.6 0.4 2
v 1.6 0.4 1.6
v 1.6 0.4 1.5
v 1.6 0.4 1.4
v 1.6 0.4 1.2
v 1.6 0.4 -1.3
v 1.6 0.4 -1.5
v 1.6 0.4 -1.6
v 1.6 0.4 -1.7
v 1.6 0.4 -1.8
v 1.6 0.4 -1.9
v 1.6 0.4 -2.1
v 1.6 0.4 -2.2
v 1.6 0.5 1.8
v 1.6 0.5 1.7
v 1.6 0.5 1.5
v 1.6 0.5 1.4
v 1.6 0.5 1.2
v 1.6 0.5 0.5
v 1.6 0.5 0.3
v 1.6 0.5 -0.4
v 1.6 0.5 -0.6
v 1.6 0.5 -1.3
v 1.6 0.5 -1.5
v 1.6 0.5 -1.6
v 1.6 0.5 -1.8
v 1.6 0.5 -1.9
v 1.6 0.6 0.5
v 1.6 0.6 0.3
v 1.6 0.6 -0.4
v 1.6 0.6 -0.6
v 1.6 0.7 0.3
v 1.6 0.7 -0.4
v 1.6 0.8 0.3
v 1.6 0.8 -0.4
v 1.7 0.2 1.7
v 1.7 0.2 1.6
v 1.7 0.2 1.5
v 1.7 0.2 1.3
v 1.7 0.2 -1.4
v 1.7 0.2 -1.6
v 1.7 0.2 -1.7
v 1.7 0.2 -1.8
v 1.7 0.3 2
v 1.7 0.3 1.9
v 1.7 0.3 1.8
v 1.7 0.3 1.7
v 1.7 0.3 1.6
v 1.7 0.3 1.5
v 1.7 0.3 1.4
v 1.7 0.3 -1.5
v 1.7 0.3 -1.6
v 1.7 0.3 -1.7
v 1.7 0.3 -1.8
v 1.7 0.3 -1.9
v 1.7 0.3 -2
v 1.7 0.3 -2.1
v 1.7 0.4 2
v 1.7 0.4 1.9
v 1.7 0.4 1.8
v 1.7 0.4 1.4
v 1.7 0.4 1.3
v 1.7 0.4 1.2
v 1.7 0.4 1.1
v 1.7 0.4 -1.2
v 1.7 0.4 -1.3
v 1.7 0.4 -1.4
v 1.7 0.4 -1.5
v 1.7 0.4 -1.9
v 1.7 0.4 -2
v 1.7 0.4 -2.1
v 1.7 0.5 2
v 1.7 0.5 1.9
v 1.7 0.5 1.2
v 1.7 0.5 1.1
v 1.7 0.5 -1.2
v 1.7 0.5 -1.3
v 1.7 0.5 -2
v 1.7 0.5 -2.1
v 1.7 0.6 0.3
v 1.7 0.6 -0.4
v 1.7 0.7 0.3
v 1.7 0.7 -0.4
v 1.8 0.2 1.9
v 1.8 0.2 1.8
v 1.8 0.2 -1.9
v 1.8 0.2 -2
v 1.8 0.3 1.9
v 1.8 0.3 1.8
v 1.8 0.3 1.3
v 1.8 0.3 1.2
v 1.8 0.3 -1.3
v 1.8 0.3 -1.4
v 1.8 0.3 -1.8
v 1.8 0.3 -1.9
v 1.8 0.3 -2
v 1.8 0.4 1.9
v 1.8 0.4 1.8
v 1.8 0.4 1.3
v 1.8 0.4 1.2
v 1.8 0.4 1.1
v 1.8 0.4 0.8
v 1.8 0.4 -0.9
v 1.8 0.4 -1.2
v 1.8 0.4 -1.3
v 1.8 0.4 -1.4
v 1.8 0.4 -1.8
v 1.8 0.4 -1.9
v 1.8 0.4 -2
v 1.8 0.5 1.9
v 1.8 0.5 1.8
v 1.8 0.5 1.1
v 1.8 0.5 0.8
v 1.8 0.5 0.5
v 1.8 0.5 0.3
v 1.8 0.5 -0.4
v 1.8 0.5 -0.6
v 1.8 0.5 -0.9
v 1.8 0.5 -1.2
v 1.8 0.5 -1.9
v 1.8 0.5 -2
v 1.8 0.6 0.8
v 1.8 0.6 0.5
v 1.8 0.6 0.3
v 1.8 0.6 -0.4
v 1.8 0.6 -0.6
v 1.8 0.6 -0.9
v 1.9 0.2 1.8
v 1.9 0.2 1.7
v 1.9 0.2 1.3
v 1.9 0.2 1.2
v 1.9 0.2 -1.3
v 1.9 0.2 -1.4
v 1.9 0.2 -1.8
v 1.9 0.2 -1.9
v 1.9 0.3 1.8
v 1.9 0.3 1.7
v 1.9 0.3 1.3
v 1.9 0.3 1.2
v 1.9 0.3 -1.3
v 1.9 0.3 -1.4
v 1.9 0.3 -1.8
v 1.9 0.3 -1.9
v 1.9 0.4 1.8
v 1.9 0.4 1.7
v 1.9 0.4 0.5
v 1.9 0.4 -0.6
v 1.9 0.4 -1.8
v 1.9 0.4 -1.9
v 1.9 0.5 1.8
v 1.9 0.5 1.7
v 1.9 0.5 0.5
v 1.9 0.5 -0.6
v 1.9 0.5 -1.8
v 1.9 0.5 -1.9
v 2 0.1 1.7
v 2 0.1 1.6
v 2 0.1 1.5
v 2 0.1 -1.6
v 2 0.1 -1.8
v 2 0.2 1.7
v 2 0.2 1.6
v 2 0.2 1.5
v 2 0.2 -1.6
v 2 0.2 -1.8
v 2 0.3 1.7
v 2 0.3 1.6
v 2 0.3 1.2
v 2 0.3 0.8
v 2 0.3 -0.9
v 2 0.3 -1.3
v 2 0.3 -1.7
v 2 0.3 -1.8
v 2 0.4 1.7
v 2 0.4 1.6
v 2 0.4 1.2
v 2 0.4 0.8
v 2 0.4 0.5
v 2 0.4 -0.6
v 2 0.4 -0.9
v 2 0.4 -1.3
v 2 0.4 -1.7
v 2 0.4 -1.8
v 2 0.5 0.8
v 2 0.5 0.5
v 2 0.5 -0.6
v 2 0.5 -0.7
v 2 0.5 -0.9
v 2.1 0 1.6
v 2.1 0 1.5
v 2.1 0 -1.6
v 2.1 0 -1.7
v 2.1 0.1 1.6
v 2.1 0.1 1.5
v 2.1 0.1 1.3
v 2.1 0.1 -1.4
v 2.1 0.1 -1.6
v 2.1 0.1 -1.7
v 2.1 0.2 1.6
v 2.1 0.2 1.5
v 2.1 0.2 1.3
v 2.1 0.2 1.2
v 2.1 0.2 1.1
v 2.1 0.2 -1.2
v 2.1 0.2 -1.3
v 2.1 0.2 -1.4
v 2.1 0.2 -1.6
v 2.1 0.2 -1.7
v 2.1 0.3 1.6
v 2.1 0.3 1.5
v 2.1 0.3 1.2
v 2.1 0.3 1.1
v 2.1 0.3 0.5
v 2.1 0.3 -0.6
v 2.1 0.3 -1.2
v 2.1 0.3 -1.3
v 2.1 0.3 -1.6
v 2.1 0.3 -1.7
v 2.1 0.4 0.5
v 2.1 0.4 -0.6
v 2.2 0 1.5
v 2.2 0 1.3
v 2.2 0 -1.4
v 2.2 0 -1.6
v 2.2 0.1 1.5
v 2.2 0.1 1.3
v 2.2 0.1 1.2
v 2.2 0.1 -1.3
v 2.2 0.1 -1.4
v 2.2 0.1 -1.6
v 2.2 0.2 1.5
v 2.2 0.2 1.3
v 2.2 0.2 1.2
v 2.2 0.2 -1.3
v 2.2 0.2 -1.4
v 2.2 0.2 -1.6
v 2.2 0.3 1.5
v 2.2 0.3 1.3
v 2.2 0.3 -1.4
v 2.2 0.3 -1.6
v 2.3 0 1.3
v 2.3 0 1.2
v 2.3 0 -1.3
v 2.3 0 -1.4
v 2.3 0.1 1.3
v 2.3 0.1 1.2
v 2.3 0.1 1.1
v 2.3 0.1 -1.2
v 2.3 0.1 -1.3
v 2.3 0.1 -1.4
v 2.3 0.2 1.3
v 2.3 0.2 1.2
v 2.3 0.2 1.1
v 2.3 0.2 -1.2
v 2.3 0.2 -1.3
v 2.3 0.2 -1.4
v 2.3 0.3 1.3
v 2.3 0.3 1.2
v 2.3 0.3 0.8
v 2.3 0.3 0.5
v 2.3 0.3 -0.6
v 2.3 0.3 -0.9
v 2.3 0.3 -1.3
v 2.3 0.3 -1.4
v 2.3 0.4 0.8
v 2.3 0.4 0.6
v 2.3 0.4 0.5
v 2.3 0.4 -0.6
v 2.3 0.4 -0.7
v 2.3 0.4 -0.9
v 2.4 0.1 1.1
v 2.4 0.1 0.8
v 2.4 0.1 -0.9
v 2.4 0.1 -1.2
v 2.4 0.2 0.5
v 2.4 0.2 -0.6
v 2.4 0.3 1.1
v 2.4 0.3 0.8
v 2.4 0.3 0.5
v 2.4 0.3 -0.6
v 2.4 0.3 -0.9
v 2.4 0.3 -1.2
v 2.5 0.2 0.8
v 2.5 0.2 0.5
v 2.5 0.2 -0.6
v 2.5 0.2 -0.9
v 2.5 0.3 0.8
v 2.5 0.3 0.6
v 2.5 0.3 0.5
v 2.5 0.3 -0.6
v 2.5 0.3 -0.7
v 2.5 0.3 -0.9
v 2.5 0.4 0.8
v 2.5 0.4 0.6
v 2.5 0.4 0.5
v 2.5 0.4 -0.6
v 2.5 0.4 -0.7
v 2.5 0.4 -0.9
v 2.5 0.5 0.8
v 2.5 0.5 0.5
v 2.5 0.5 -0.6
v 2.5 0.5 -0.9
v 2.6 0 0.0999999
v 2.6 0 0
v 2.6 0 -0.1
v 2.6 0 -0.2
v 2.6 0.1 0.5
v 2.6 0.1 0.0999999
v 2.6 0.1 0
v 2.6 0.1 -0.1
v 2.6 0.1 -0.2
v 2.6 0.1 -0.6
v 2.6 0.2 0.5
v 2.6 0.2 -0.6
v 2.6 0.3 0.4
v 2.6 0.3 0.0999999
v 2.6 0.3 -0.2
v 2.6 0.3 -0.5
v 2.6 0.4 0.4
v 2.6 0.4 0.0999999
v 2.6 0.4 -0.2
v 2.6 0.4 -0.5
v -2.7 0 0.0999999
v -2.7 0 0
v -2.7 0 -0.1
v -2.7 0 -0.2
v -2.7 0.1 0.5
v -2.7 0.1 0.0999999
v -2.7 0.1 0
v -2.7 0.1 -0.1
v -2.7 0.1 -0.2
v -2.7 0.1 -0.6
v -2.7 0.2 0.5
v -2.7 0.2 0.0999999
v -2.7 0.2 -0.2
v -2.7 0.2 -0.6
v -2.7 0.3 0.2
v -2.7 0.3 0.0999999
v -2.7 0.3 -0.2
v -2.7 0.3 -0.4
v -2.7 0.4 0.2
v -2.7 0.4 0.0999999
v -2.7 0.4 -0.2
v -2.7 0.4 -0.4
v -2.6 0.1 0.0999999
v -2.6 0.1 -0.2
v -2.6 0.2 0.8
v -2.6 0.2 0.5
v -2.6 0.2 0.0999999
v -2.6 0.2 -0.2
v -2.6 0.2 -0.6
v -2.6 0.2 -0.9
v -2.6 0.3 0.8
v -2.6 0.3 0.5
v -2.6 0.3 0.4
v -2.6 0.3 0.2
v -2.6 0.3 -0.6
v -2.6 0.3 -0.9
v -2.6 0.4 0.8
v -2.6 0.4 0.4
v -2.6 0.4 0.2
v -2.6 0.4 -0.4
v -2.6 0.4 -0.9
v -2.6 0.5 0.8
v -2.6 0.5 0.4
v -2.6 0.5 -0.4
v -2.6 0.5 -0.9
v -2.5 0.1 1.1
v -2.5 0.1 0.8
v -2.5 0.1 -0.9
v -2.5 0.1 -1.2
v -2.5 0.2 0.5
v -2.5 0.2 0.4
v -2.5 0.2 -0.5
v -2.5 0.2 -0.6
v -2.5 0.3 1.1
v -2.5 0.3 0.8
v -2.5 0.3 0.5
v -2.5 0.3 0.4
v -2.5 0.3 -0.5
v -2.5 0.3 -0.6
v -2.5 0.3 -0.9
v -2.5 0.3 -1.2
v -2.5 0.4 1.1
v -2.5 0.4 0.8
v -2.5 0.5 1.1
v -2.5 0.5 0.8
v -2.4 0 1.3
v -2.4 0 1.2
v -2.4 0 -1.3
v -2.4 0 -1.4
v -2.4 0.1 1.3
v -2.4 0.1 1.2
v -2.4 0.1 1.1
v -2.4 0.1 -1.2
v -2.4 0.1 -1.3
v -2.4 0.1 -1.4
v -2.4 0.2 1.3
v -2.4 0.2 1.2
v -2.4 0.2 1.1
v -2.4 0.2 0.4
v -2.4 0.2 0.3
v -2.4 0.2 -0.4
v -2.4 0.2 -0.5
v -2.4 0.2 -1.2
v -2.4 0.2 -1.3
v -2.4 0.2 -1.4
v -2.4 0.3 1.3
v -2.4 0.3 1.2
v -2.4 0.3 0.8
v -2.4 0.3 0.5
v -2.4 0.3 0.4
v -2.4 0.3 0.3
v -2.4 0.3 -0.4
v -2.4 0.3 -0.5
v -2.4 0.3 -0.6
v -2.4 0.3 -0.9
v -2.4 0.3 -1.3
v -2.4 0.3 -1.4
v -2.4 0.4 1.2
v -2.4 0.4 1.1
v -2.4 0.4 0.8
v -2.4 0.4 0.7
v -2.4 0.4 0.5
v -2.4 0.4 -0.6
v -2.4 0.4 -0.9
v -2.4 0.5 1.2
v -2.4 0.5 1.1
v -2.3 0 1.5
v -2.3 0 1.3
v -2.3 0 -1.4
v -2.3 0 -1.6
v -2.3 0.1 1.5
v -2.3 0.1 1.3
v -2.3 0.1 1.2
v -2.3 0.1 -1.3
v -2.3 0.1 -1.4
v -2.3 0.1 -1.6
v -2.3 0.2 1.5
v -2.3 0.2 1.3
v -2.3 0.2 1.2
v -2.3 0.2 0.3
v -2.3 0.2 -0.4
v -2.3 0.2 -1.3
v -2.3 0.2 -1.4
v -2.3 0.2 -1.6
v -2.3 0.3 1.5
v -2.3 0.3 1.3
v -2.3 0.3 0.3
v -2.3 0.3 -0.4
v -2.3 0.3 -1.4
v -2.3 0.3 -1.6
v -2.2 0 1.6
v -2.2 0 1.5
v -2.2 0 -1.6
v -2.2 0 -1.7
v -2.2 0.1 1.6
v -2.2 0.1 1.5
v -2.2 0.1 1.3
v -2.2 0.1 -1.4
v -2.2 0.1 -1.6
v -2.2 0.1 -1.7
v -2.2 0.2 1.6
v -2.2 0.2 1.5
v -2.2 0.2 1.3
v -2.2 0.2 1.2
v -2.2 0.2 1.1
v -2.2 0.2 -1.2
v -2.2 0.2 -1.3
v -2.2 0.2 -1.4
v -2.2 0.2 -1.6
v -2.2 0.2 -1.7
v -2.2 0.3 1.6
v -2.2 0.3 1.5
v -2.2 0.3 1.2
v -2.2 0.3 1.1
v -2.2 0.3 0.5
v -2.2 0.3 0.2
v -2.2 0.3 -0.3
v -2.2 0.3 -0.6
v -2.2 0.3 -1.2
v -2.2 0.3 -1.3
v -2.2 0.3 -1.6
v -2.2 0.3 -1.7
v -2.2 0.4 0.5
v -2.2 0.4 0.2
v -2.2 0.4 -0.3
v -2.2 0.4 -0.6
v -2.1 0.1 1.7
v -2.1 0.1 1.6
v -2.1 0.1 1.5
v -2.1 0.1 -1.6
v -2.1 0.1 -1.7
v -2.1 0.1 -1.8
v -2.1 0.2 1.7
v -2.1 0.2 1.6
v -2.1 0.2 1.5
v -2.1 0.2 -1.6
v -2.1 0.2 -1.7
v -2.1 0.2 -1.8
v -2.1 0.3 1.7
v -2.1 0.3 1.6
v -2.1 0.3 1.2
v -2.1 0.3 0.8
v -2.1 0.3 0.2
v -2.1 0.3 -0.3
v -2.1 0.3 -0.9
v -2.1 0.3 -1.3
v -2.1 0.3 -1.7
v -2.1 0.3 -1.8
v -2.1 0.4 1.7
v -2.1 0.4 1.6
v -2.1 0.4 1.2
v -2.1 0.4 0.8
v -2.1 0.4 0.6
v -2.1 0.4 0.5
v -2.1 0.4 0.2
v -2.1 0.4 -0.3
v -2.1 0.4 -0.6
v -2.1 0.4 -0.9
v -2.1 0.4 -1.3
v -2.1 0.4 -1.7
v -2.1 0.4 -1.8
v -2.1 0.5 0.8
v -2.1 0.5 0.6
v -2.1 0.5 0.5
v -2.1 0.5 -0.6
v -2.1 0.5 -0.9
v -2 0.2 1.8
v -2 0.2 1.7
v -2 0.2 1.3
v -2 0.2 1.2
v -2 0.2 -1.3
v -2 0.2 -1.4
v -2 0.2 -1.8
v -2 0.2 -1.9
v -2 0.3 1.8
v -2 0.3 1.7
v -2 0.3 1.3
v -2 0.3 1.2
v -2 0.3 -1.3
v -2 0.3 -1.4
v -2 0.3 -1.8
v -2 0.3 -1.9
v -2 0.4 1.8
v -2 0.4 1.7
v -2 0.4 0.5
v -2 0.4 0.0999999
v -2 0.4 -0.2
v -2 0.4 -0.6
v -2 0.4 -1.8
v -2 0.4 -1.9
v -2 0.5 1.8
v -2 0.5 1.7
v -2 0.5 0.5
v -2 0.5 0.0999999
v -2 0.5 -0.2
v -2 0.5 -0.6
v -2 0.5 -1.8
v -2 0.5 -1.9
v -1.9 0.2 1.9
v -1.9 0.2 1.8
v -1.9 0.2 -1.9
v -1.9 0.2 -2
v -1.9 0.3 1.9
v -1.9 0.3 1.8
v -1.9 0.3 1.7
v -1.9 0.3 1.3
v -1.9 0.3 1.2
v -1.9 0.3 -1.3
v -1.9 0.3 -1.4
v -1.9 0.3 -1.9
v -1.9 0.3 -2
v -1.9 0.4 1.9
v -1.9 0.4 1.8
v -1.9 0.4 1.7
v -1.9 0.4 1.3
v -1.9 0.4 1.2
v -1.9 0.4 1.1
v -1.9 0.4 0.8
v -1.9 0.4 0.0999999
v -1.9 0.4 -0.2
v -1.9 0.4 -0.9
v -1.9 0.4 -1.2
v -1.9 0.4 -1.3
v -1.9 0.4 -1.4
v -1.9 0.4 -1.9
v -1.9 0.4 -2
v -1.9 0.5 1.9
v -1.9 0.5 1.8
v -1.9 0.5 1.1
v -1.9 0.5 0.8
v -1.9 0.5 0.6
v -1.9 0.5 0.3
v -1.9 0.5 0.0999999
v -1.9 0.5 -0.2
v -1.9 0.5 -0.4
v -1.9 0.5 -0.6
v -1.9 0.5 -0.9
v -1.9 0.5 -1.2
v -1.9 0.5 -1.9
v -1.9 0.5 -2
v -1.9 0.6 0.8
v -1.9 0.6 0.6
v -1.9 0.6 0.3
v -1.9 0.6 0.0999999
v -1.9 0.6 -0.2
v -1.9 0.6 -0.4
v -1.9 0.6 -0.6
v -1.9 0.6 -0.9
v -1.8 0.2 1.5
v -1.8 0.2 1.3
v -1.8 0.2 -1.4
v -1.8 0.2 -1.6
v -1.8 0.2 -1.7
v -1.8 0.2 -1.8
v -1.8 0.3 2
v -1.8 0.3 1.9
v -1.8 0.3 1.8
v -1.8 0.3 1.5
v -1.8 0.3 1.4
v -1.8 0.3 -1.5
v -1.8 0.3 -1.6
v -1.8 0.3 -1.7
v -1.8 0.3 -1.8
v -1.8 0.3 -2
v -1.8 0.3 -2.1
v -1.8 0.4 2
v -1.8 0.4 1.9
v -1.8 0.4 1.8
v -1.8 0.4 1.4
v -1.8 0.4 1.3
v -1.8 0.4 1.2
v -1.8 0.4 1.1
v -1.8 0.4 -1.2
v -1.8 0.4 -1.3
v -1.8 0.4 -1.4
v -1.8 0.4 -1.5
v -1.8 0.4 -1.8
v -1.8 0.4 -1.9
v -1.8 0.4 -2
v -1.8 0.4 -2.1
v -1.8 0.5 2
v -1.8 0.5 1.9
v -1.8 0.5 1.2
v -1.8 0.5 1.1
v -1.8 0.5 0.0999999
v -1.8 0.5 -0.2
v -1.8 0.5 -1.2
v -1.8 0.5 -1.3
v -1.8 0.5 -2
v -1.8 0.5 -2.1
v -1.8 0.6 0.3
v -1.8 0.6 0.0999999
v -1.8 0.6 -0.2
v -1.8 0.6 -0.4
v -1.8 0.7 0.3
v -1.8 0.7 0.0999999
v -1.8 0.7 -0.2
v -1.8 0.7 -0.4
v -1.7 0.2 2.1
v -1.7 0.2 2
v -1.7 0.2 1.6
v -1.7 0.2 1.5
v -1.7 0.2 -1.6
v -1.7 0.2 -1.7
v -1.7 0.2 -2.1
v -1.7 0.2 -2.2
v -1.7 0.3 2.1
v -1.7 0.3 2
v -1.7 0.3 1.8
v -1.7 0.3 1.7
v -1.7 0.3 1.5
v -1.7 0.3 1.4
v -1.7 0.3 -1.5
v -1.7 0.3 -1.6
v -1.7 0.3 -2.1
v -1.7 0.3 -2.2
v -1.7 0.4 2.1
v -1.7 0.4 2
v -1.7 0.4 1.6
v -1.7 0.4 1.5
v -1.7 0.4 1.4
v -1.7 0.4 1.2
v -1.7 0.4 -1.3
v -1.7 0.4 -1.5
v -1.7 0.4 -1.6
v -1.7 0.4 -1.7
v -1.7 0.4 -1.8
v -1.7 0.4 -1.9
v -1.7 0.4 -2.1
v -1.7 0.4 -2.2
v -1.7 0.5 1.8
v -1.7 0.5 1.7
v -1.7 0.5 1.5
v -1.7 0.5 1.2
v -1.7 0.5 0.5
v -1.7 0.5 0.3
v -1.7 0.5 -0.4
v -1.7 0.5 -0.6
v -1.7 0.5 -1.3
v -1.7 0.5 -1.6
v -1.7 0.5 -1.8
v -1.7 0.5 -1.9
v -1.7 0.6 0.5
v -1.7 0.6 0.3
v -1.7 0.6 0.0999999
v -1.7 0.6 -0.2
v -1.7 0.6 -0.4
v -1.7 0.6 -0.6
v -1.7 0.7 0.3
v -1.7 0.7 0.0999999
v -1.7 0.7 -0.2
v -1.7 0.7 -0.4
v -1.7 0.8 0.3
v -1.7 0.8 0.0999999
v -1.7 0.8 -0.2
v -1.7 0.8 -0.4
v -1.6 0 2.2
v -1.6 0 2.1
v -1.6 0 -2.2
v -1.6 0 -2.3
v -1.6 0.1 2.2
v -1.6 0.1 2.1
v -1.6 0.1 2
v -1.6 0.1 -2.1
v -1.6 0.1 -2.2
v -1.6 0.1 -2.3
v -1.6 0.2 2.2
v -1.6 0.2 2.1
v -1.6 0.2 2
v -1.6 0.2 1.7
v -1.6 0.2 1.6
v -1.6 0.2 -1.7
v -1.6 0.2 -1.8
v -1.6 0.2 -2.1
v -1.6 0.2 -2.2
v -1.6 0.2 -2.3
v -1.6 0.3 2.2
v -1.6 0.3 2.1
v -1.6 0.3 1.7
v -1.6 0.3 1.6
v -1.6 0.3 -1.7
v -1.6 0.3 -1.8
v -1.6 0.3 -2.2
v -1.6 0.3 -2.3
v -1.6 0.4 1.6
v -1.6 0.4 1.5
v -1.6 0.4 -1.6
v -1.6 0.4 -1.7
v -1.6 0.5 1.6
v -1.6 0.5 1.5
v -1.6 0.5 0.6
v -1.6 0.5 0.5
v -1.6 0.5 -0.6
v -1.6 0.5 -0.7
v -1.6 0.5 -1.6
v -1.6 0.5 -1.7
v -1.6 0.6 0.8
v -1.6 0.6 0.7
v -1.6 0.6 0.6
v -1.6 0.6 0.5
v -1.6 0.6 0.4
v -1.6 0.6 0.3
v -1.6 0.6 -0.4
v -1.6 0.6 -0.5
v -1.6 0.6 -0.6
v -1.6 0.6 -0.7
v -1.6 0.6 -0.8
v -1.6 0.6 -0.9
v -1.6 0.7 0.8
v -1.6 0.7 0.7
v -1.6 0.7 0.4
v -1.6 0.7 0.3
v -1.6 0.7 0.0999999
v -1.6 0.7 -0.2
v -1.6 0.7 -0.4
v -1.6 0.7 -0.5
v -1.6 0.7 -0.8
v -1.6 0.7 -0.9
v -1.6 0.8 0.3
v -1.6 0.8 0.0999999
v -1.6 0.8 -0.2
v -1.6 0.8 -0.4
v -1.6 0.9 0.3
v -1.6 0.9 0.0999999
v -1.6 0.9 -0.2
v -1.6 0.9 -0.4
v -1.5 0.3 1.7
v -1.5 0.3 1.6
v -1.5 0.3 -1.7
v -1.5 0.3 -1.8
v -1.5 0.4 1.7
v -1.5 0.4 1.6
v -1.5 0.4 -1.7
v -1.5 0.4 -1.8
v -1.5 0.5 1.4
v -1.5 0.5 1.2
v -1.5 0.5 0.7
v -1.5 0.5 0.6
v -1.5 0.5 -0.7
v -1.5 0.5 -0.8
v -1.5 0.5 -1.3
v -1.5 0.5 -1.5
v -1.5 0.6 1.4
v -1.5 0.6 1.2
v -1.5 0.6 0.7
v -1.5 0.6 0.6
v -1.5 0.6 0.5
v -1.5 0.6 0.4
v -1.5 0.6 -0.5
v -1.5 0.6 -0.7
v -1.5 0.6 -0.8
v -1.5 0.6 -1.3
v -1.5 0.6 -1.5
v -1.5 0.7 0.6
v -1.5 0.7 0.5
v -1.5 0.7 0.4
v -1.5 0.7 0.3
v -1.5 0.7 -0.4
v -1.5 0.7 -0.5
v -1.5 0.7 -0.6
v -1.5 0.7 -0.7
v -1.5 0.8 0.5
v -1.5 0.8 0.4
v -1.5 0.8 0.3
v -1.5 0.8 0.0999999
v -1.5 0.8 -0.2
v -1.5 0.8 -0.4
v -1.5 0.8 -0.6
v -1.5 0.9 0.3
v -1.5 0.9 0.0999999
v -1.5 0.9 -0.2
v -1.5 0.9 -0.4
v -1.5 1 0.3
v -1.5 1 0.0999999
v -1.5 1 -0.2
v -1.5 1 -0.4
v -1.4 0 2.3
v -1.4 0 2.2
v -1.4 0 -2.3
v -1.4 0 -2.4
v -1.4 0.1 2.3
v -1.4 0.1 2.2
v -1.4 0.1 2.1
v -1.4 0.1 -2.2
v -1.4 0.1 -2.3
v -1.4 0.1 -2.4
v -1.4 0.2 2.3
v -1.4 0.2 2.2
v -1.4 0.2 2.1
v -1.4 0.2 1.9
v -1.4 0.2 1.7
v -1.4 0.2 -1.8
v -1.4 0.2 -2
v -1.4 0.2 -2.2
v -1.4 0.2 -2.3
v -1.4 0.2 -2.4
v -1.4 0.3 2.3
v -1.4 0.3 2.2
v -1.4 0.3 1.9
v -1.4 0.3 1.8
v -1.4 0.3 -1.9
v -1.4 0.3 -2
v -1.4 0.3 -2.3
v -1.4 0.3 -2.4
v -1.4 0.4 1.8
v -1.4 0.4 1.7
v -1.4 0.4 -1.8
v -1.4 0.4 -1.9
v -1.4 0.5 0.8
v -1.4 0.5 0.7
v -1.4 0.5 -0.8
v -1.4 0.5 -0.9
v -1.4 0.6 1.5
v -1.4 0.6 1.4
v -1.4 0.6 0.8
v -1.4 0.6 0.7
v -1.4 0.6 0.6
v -1.4 0.6 -0.7
v -1.4 0.6 -0.8
v -1.4 0.6 -0.9
v -1.4 0.6 -1.5
v -1.4 0.6 -1.6
v -1.4 0.7 1.5
v -1.4 0.7 1.4
v -1.4 0.7 0.7
v -1.4 0.7 0.6
v -1.4 0.7 0.5
v -1.4 0.7 -0.6
v -1.4 0.7 -0.7
v -1.4 0.7 -0.8
v -1.4 0.7 -1.5
v -1.4 0.7 -1.6
v -1.4 0.8 0.6
v -1.4 0.8 0.5
v -1.4 0.8 0.4
v -1.4 0.8 0.3
v -1.4 0.8 -0.4
v -1.4 0.8 -0.6
v -1.4 0.8 -0.7
v -1.4 0.9 0.5
v -1.4 0.9 0.4
v -1.4 0.9 0.3
v -1.4 0.9 0.0999999
v -1.4 0.9 -0.2
v -1.4 0.9 -0.4
v -1.4 0.9 -0.6
v -1.4 1 0.3
v -1.4 1 0.0999999
v -1.4 1 -0.2
v -1.4 1 -0.4
v -1.4 1.1 0.3
v -1.4 1.1 0.0999999
v -1.4 1.1 -0.2
v -1.4 1.1 -0.4
v -1.3 0 2.4
v -1.3 0 2.3
v -1.3 0 -2.4
v -1.3 0 -2.5
v -1.3 0.1 2.4
v -1.3 0.1 2.3
v -1.3 0.1 2.2
v -1.3 0.1 -2.3
v -1.3 0.1 -2.4
v -1.3 0.1 -2.5
v -1.3 0.2 2.3
v -1.3 0.2 2.2
v -1.3 0.2 2.1
v -1.3 0.2 1.9
v -1.3 0.2 -2
v -1.3 0.2 -2.2
v -1.3 0.2 -2.3
v -1.3 0.2 -2.4
v -1.3 0.3 2.1
v -1.3 0.3 2
v -1.3 0.3 1.9
v -1.3 0.3 1.8
v -1.3 0.3 -1.9
v -1.3 0.3 -2
v -1.3 0.3 -2.1
v -1.3 0.3 -2.2
v -1.3 0.4 2
v -1.3 0.4 1.8
v -1.3 0.4 1.7
v -1.3 0.4 1.6
v -1.3 0.4 -1.7
v -1.3 0.4 -1.8
v -1.3 0.4 -1.9
v -1.3 0.4 -2.1
v -1.3 0.5 1.7
v -1.3 0.5 1.6
v -1.3 0.5 1.2
v -1.3 0.5 1.1
v -1.3 0.5 0.9
v -1.3 0.5 0.8
v -1.3 0.5 -0.9
v -1.3 0.5 -1
v -1.3 0.5 -1.2
v -1.3 0.5 -1.3
v -1.3 0.5 -1.7
v -1.3 0.5 -1.8
v -1.3 0.6 1.4
v -1.3 0.6 1.3
v -1.3 0.6 1.2
v -1.3 0.6 1.1
v -1.3 0.6 0.9
v -1.3 0.6 0.8
v -1.3 0.6 0.7
v -1.3 0.6 -0.8
v -1.3 0.6 -0.9
v -1.3 0.6 -1
v -1.3 0.6 -1.2
v -1.3 0.6 -1.3
v -1.3 0.6 -1.4
v -1.3 0.6 -1.5
v -1.3 0.7 1.4
v -1.3 0.7 1.3
v -1.3 0.7 0.8
v -1.3 0.7 0.7
v -1.3 0.7 0.6
v -1.3 0.7 -0.7
v -1.3 0.7 -0.8
v -1.3 0.7 -0.9
v -1.3 0.7 -1.4
v -1.3 0.7 -1.5
v -1.3 0.8 0.7
v -1.3 0.8 0.6
v -1.3 0.8 0.5
v -1.3 0.8 -0.6
v -1.3 0.8 -0.7
v -1.3 0.8 -0.8
v -1.3 0.9 0.6
v -1.3 0.9 0.5
v -1.3 0.9 0.4
v -1.3 0.9 0.3
v -1.3 0.9 -0.4
v -1.3 0.9 -0.6
v -1.3 0.9 -0.7
v -1.3 1 0.5
v -1.3 1 0.4
v -1.3 1 0.3
v -1.3 1 0.0999999
v -1.3 1 -0.2
v -1.3 1 -0.4
v -1.3 1 -0.6
v -1.3 1.1 0.2
v -1.3 1.1 0.0999999
v -1.3 1.1 -0.2
v -1.3 1.1 -0.3
v -1.3 1.2 0.2
v -1.3 1.2 -0.3
v -1.2 0.1 2.4
v -1.2 0.1 2.3
v -1.2 0.1 -2.4
v -1.2 0.1 -2.5
v -1.2 0.2 2.3
v -1.2 0.2 2.1
v -1.2 0.2 -2.2
v -1.2 0.2 -2.4
v -1.2 0.3 2.4
v -1.2 0.3 2.3
v -1.2 0.3 2.1
v -1.2 0.3 -2.2
v -1.2 0.3 -2.4
v -1.2 0.3 -2.5
v -1.2 0.4 2.4
v -1.2 0.4 2.3
v -1.2 0.4 1.8
v -1.2 0.4 1.7
v -1.2 0.4 -1.8
v -1.2 0.4 -1.9
v -1.2 0.5 2.4
v -1.2 0.5 2.3
v -1.2 0.5 1.8
v -1.2 0.5 1.7
v -1.2 0.5 1
v -1.2 0.5 0.9
v -1.2 0.5 -1
v -1.2 0.5 -1.1
v -1.2 0.5 -1.8
v -1.2 0.5 -1.9
v -1.2 0.6 1.3
v -1.2 0.6 1.2
v -1.2 0.6 1
v -1.2 0.6 0.9
v -1.2 0.6 0.8
v -1.2 0.6 -0.9
v -1.2 0.6 -1
v -1.2 0.6 -1.1
v -1.2 0.6 -1.3
v -1.2 0.6 -1.4
v -1.2 0.7 1.3
v -1.2 0.7 1.2
v -1.2 0.7 0.9
v -1.2 0.7 0.8
v -1.2 0.7 0.7
v -1.2 0.7 -0.8
v -1.2 0.7 -0.9
v -1.2 0.7 -1
v -1.2 0.7 -1.3
v -1.2 0.7 -1.4
v -1.2 0.8 0.8
v -1.2 0.8 0.7
v -1.2 0.8 0.6
v -1.2 0.8 -0.7
v -1.2 0.8 -0.8
v -1.2 0.8 -0.9
v -1.2 0.9 0.7
v -1.2 0.9 0.6
v -1.2 0.9 0.5
v -1.2 0.9 -0.6
v -1.2 0.9 -0.7
v -1.2 0.9 -0.8
v -1.2 1 0.6
v -1.2 1 0.5
v -1.2 1 0.4
v -1.2 1 0.3
v -1.2 1 -0.4
v -1.2 1 -0.6
v -1.2 1 -0.7
v -1.2 1.1 0.5
v -1.2 1.1 0.4
v -1.2 1.1 0.3
v -1.2 1.1 0.2
v -1.2 1.1 -0.3
v -1.2 1.1 -0.4
v -1.2 1.1 -0.6
v -1.2 1.2 0.3
v -1.2 1.2 0.2
v -1.2 1.2 -0.3
v -1.2 1.2 -0.4
v -1.2 1.4 0.2
v -1.2 1.4 -0.3
v -1.1 0.5 1.1
v -1.1 0.5 1
v -1.1 0.5 -1.1
v -1.1 0.5 -1.2
v -1.1 0.6 1.1
v -1.1 0.6 1
v -1.1 0.6 0.9
v -1.1 0.6 -1
v -1.1 0.6 -1.1
v -1.1 0.6 -1.2
v -1.1 0.7 1
v -1.1 0.7 0.9
v -1.1 0.7 0.8
v -1.1 0.7 -0.9
v -1.1 0.7 -1
v -1.1 0.7 -1.1
v -1.1 0.8 0.9
v -1.1 0.8 0.8
v -1.1 0.8 0.7
v -1.1 0.8 -0.8
v -1.1 0.8 -0.9
v -1.1 0.8 -1
v -1.1 0.9 0.8
v -1.1 0.9 0.7
v -1.1 0.9 0.6
v -1.1 0.9 -0.7
v -1.1 0.9 -0.8
v -1.1 0.9 -0.9
v -1.1 1 0.7
v -1.1 1 0.6
v -1.1 1 0.5
v -1.1 1 -0.6
v -1.1 1 -0.7
v -1.1 1 -0.8
v -1.1 1.1 0.6
v -1.1 1.1 0.5
v -1.1 1.1 0.4
v -1.1 1.1 0.3
v -1.1 1.1 -0.4
v -1.1 1.1 -0.6
v -1.1 1.1 -0.7
v -1.1 1.2 0.5
v -1.1 1.2 0.4
v -1.1 1.2 0.3
v -1.1 1.2 0.2
v -1.1 1.2 -0.3
v -1.1 1.2 -0.4
v -1.1 1.2 -0.5
v -1.1 1.2 -0.6
v -1.1 1.4 0.4
v -1.1 1.4 0.3
v -1.1 1.4 0.2
v -1.1 1.4 -0.3
v -1.1 1.4 -0.4
v -1.1 1.4 -0.5
v -1.1 1.5 0.3
v -1.1 1.5 0.2
v -1.1 1.5 -0.3
v -1.1 1.5 -0.4
v -1.1 1.6 0.2
v -1.1 1.6 -0.3
v -1 0.5 1.2
v -1 0.5 1.1
v -1 0.5 -1.2
v -1 0.5 -1.3
v -1 0.6 1.2
v -1 0.6 1.1
v -1 0.6 1
v -1 0.6 -1.1
v -1 0.6 -1.2
v -1 0.6 -1.3
v -1 0.7 1.1
v -1 0.7 1
v -1 0.7 0.9
v -1 0.7 -1
v -1 0.7 -1.1
v -1 0.7 -1.2
v -1 0.8 1
v -1 0.8 0.9
v -1 0.8 0.8
v -1 0.8 -0.9
v -1 0.8 -1
v -1 0.8 -1.1
v -1 0.9 0.9
v -1 0.9 0.8
v -1 0.9 0.7
v -1 0.9 -0.8
v -1 0.9 -0.9
v -1 0.9 -1
v -1 1 0.8
v -1 1 0.7
v -1 1 0.6
v -1 1 -0.7
v -1 1 -0.8
v -1 1 -0.9
v -1 1.1 0.7
v -1 1.1 0.6
v -1 1.1 0.5
v -1 1.1 -0.6
v -1 1.1 -0.7
v -1 1.1 -0.8
v -1 1.2 0.6
v -1 1.2 0.5
v -1 1.2 0.4
v -1 1.2 -0.5
v -1 1.2 -0.6
v -1 1.2 -0.7
v -1 1.4 0.4
v -1 1.4 0.3
v -1 1.4 -0.4
v -1 1.4 -0.5
v -1 1.5 0.5
v -1 1.5 0.4
v -1 1.5 0.3
v -1 1.5 0.2
v -1 1.5 -0.3
v -1 1.5 -0.4
v -1 1.5 -0.5
v -1 1.5 -0.6
v -1 1.6 0.4
v -1 1.6 0.3
v -1 1.6 0.2
v -1 1.6 -0.3
v -1 1.6 -0.4
v -1 1.6 -0.5
v -1 1.7 0.3
v -1 1.7 0.2
v -1 1.7 -0.3
v -1 1.7 -0.4
v -1 1.8 0
v -1 1.8 -0.1
v -1 1.9 0
v -1 1.9 -0.1
v -0.9 0.1 2.5
v -0.9 0.1 2.4
v -0.9 0.1 -2.5
v -0.9 0.1 -2.6
v -0.9 0.2 2.5
v -0.9 0.2 -2.6
v -0.9 0.3 2.5
v -0.9 0.3 2.4
v -0.9 0.3 2.3
v -0.9 0.3 2
v -0.9 0.3 -2.1
v -0.9 0.3 -2.4
v -0.9 0.3 -2.5
v -0.9 0.3 -2.6
v -0.9 0.4 2.5
v -0.9 0.4 2.4
v -0.9 0.4 2.3
v -0.9 0.4 2
v -0.9 0.4 1.8
v -0.9 0.4 -1.9
v -0.9 0.4 -2.1
v -0.9 0.4 -2.4
v -0.9 0.5 2.5
v -0.9 0.5 2.4
v -0.9 0.5 2
v -0.9 0.5 1.8
v -0.9 0.5 1.5
v -0.9 0.5 1.3
v -0.9 0.5 1.2
v -0.9 0.5 -1.3
v -0.9 0.5 -1.4
v -0.9 0.5 -1.6
v -0.9 0.5 -1.9
v -0.9 0.5 -2.1
v -0.9 0.6 1.8
v -0.9 0.6 1.5
v -0.9 0.6 1.3
v -0.9 0.6 1.2
v -0.9 0.6 1.1
v -0.9 0.6 -1.2
v -0.9 0.6 -1.3
v -0.9 0.6 -1.4
v -0.9 0.6 -1.6
v -0.9 0.6 -1.9
v -0.9 0.7 1.2
v -0.9 0.7 1.1
v -0.9 0.7 1
v -0.9 0.7 -1.1
v -0.9 0.7 -1.2
v -0.9 0.7 -1.3
v -0.9 0.8 1.1
v -0.9 0.8 1
v -0.9 0.8 0.9
v -0.9 0.8 -1
v -0.9 0.8 -1.1
v -0.9 0.8 -1.2
v -0.9 0.9 1
v -0.9 0.9 0.9
v -0.9 0.9 0.8
v -0.9 0.9 -0.9
v -0.9 0.9 -1
v -0.9 0.9 -1.1
v -0.9 1 0.9
v -0.9 1 0.8
v -0.9 1 0.7
v -0.9 1 -0.8
v -0.9 1 -0.9
v -0.9 1 -1
v -0.9 1.1 0.8
v -0.9 1.1 0.7
v -0.9 1.1 0.6
v -0.9 1.1 -0.7
v -0.9 1.1 -0.8
v -0.9 1.1 -0.9
v -0.9 1.2 0.7
v -0.9 1.2 0.6
v -0.9 1.2 0.5
v -0.9 1.2 -0.6
v -0.9 1.2 -0.7
v -0.9 1.2 -0.8
v -0.9 1.5 0.6
v -0.9 1.5 0.5
v -0.9 1.5 0.4
v -0.9 1.5 -0.5
v -0.9 1.5 -0.6
v -0.9 1.5 -0.7
v -0.9 1.6 0.4
v -0.9 1.6 0.2
v -0.9 1.6 0
v -0.9 1.6 -0.1
v -0.9 1.6 -0.2
v -0.9 1.6 -0.5
v -0.9 1.7 0.5
v -0.9 1.7 0.4
v -0.9 1.7 0.3
v -0.9 1.7 0.2
v -0.9 1.7 0
v -0.9 1.7 -0.1
v -0.9 1.7 -0.2
v -0.9 1.7 -0.4
v -0.9 1.7 -0.5
v -0.9 1.7 -0.6
v -0.9 1.8 0.3
v -0.9 1.8 -0.1
v -0.9 1.8 -0.4
v -0.8 0.5 1.4
v -0.8 0.5 1.3
v -0.8 0.5 -1.4
v -0.8 0.5 -1.5
v -0.8 0.6 1.4
v -0.8 0.6 1.3
v -0.8 0.6 1.2
v -0.8 0.6 -1.3
v -0.8 0.6 -1.4
v -0.8 0.6 -1.5
v -0.8 0.7 1.3
v -0.8 0.7 1.2
v -0.8 0.7 1.1
v -0.8 0.7 -1.2
v -0.8 0.7 -1.3
v -0.8 0.7 -1.4
v -0.8 0.8 1.2
v -0.8 0.8 1.1
v -0.8 0.8 1
v -0.8 0.8 -1.1
v -0.8 0.8 -1.2
v -0.8 0.8 -1.3
v -0.8 0.9 1.1
v -0.8 0.9 1
v -0.8 0.9 0.9
v -0.8 0.9 -1
v -0.8 0.9 -1.1
v -0.8 0.9 -1.2
v -0.8 1 1
v -0.8 1 0.9
v -0.8 1 0.8
v -0.8 1 -0.9
v -0.8 1 -1
v -0.8 1 -1.1
v -0.8 1.1 0.9
v -0.8 1.1 0.8
v -0.8 1.1 0.7
v -0.8 1.1 -0.8
v -0.8 1.1 -0.9
v -0.8 1.1 -1
v -0.8 1.2 0.8
v -0.8 1.2 0.7
v -0.8 1.2 0.6
v -0.8 1.2 -0.7
v -0.8 1.2 -0.8
v -0.8 1.2 -0.9
v -0.8 1.5 0.7
v -0.8 1.5 0.6
v -0.8 1.5 0.5
v -0.8 1.5 -0.6
v -0.8 1.5 -0.7
v -0.8 1.5 -0.8
v -0.8 1.6 0.5
v -0.8 1.6 0.4
v -0.8 1.6 0.2
v -0.8 1.6 -0.2
v -0.8 1.6 -0.5
v -0.8 1.6 -0.6
v -0.8 1.7 0.6
v -0.8 1.7 0.5
v -0.8 1.7 0.4
v -0.8 1.7 0.3
v -0.8 1.7 0.2
v -0.8 1.7 -0.2
v -0.8 1.7 -0.4
v -0.8 1.7 -0.5
v -0.8 1.7 -0.6
v -0.8 1.7 -0.7
v -0.8 1.8 0.5
v -0.8 1.8 0.3
v -0.8 1.8 -0.1
v -0.8 1.8 -0.4
v -0.8 1.8 -0.6
v -0.8 1.9 0.3
v -0.8 1.9 -0.1
v -0.8 1.9 -0.4
v -0.7 0.5 1.5
v -0.7 0.5 1.4
v -0.7 0.5 -1.5
v -0.7 0.5 -1.6
v -0.7 0.6 1.5
v -0.7 0.6 1.4
v -0.7 0.6 1.3
v -0.7 0.6 -1.4
v -0.7 0.6 -1.5
v -0.7 0.6 -1.6
v -0.7 0.7 1.4
v -0.7 0.7 1.3
v -0.7 0.7 1.2
v -0.7 0.7 -1.3
v -0.7 0.7 -1.4
v -0.7 0.7 -1.5
v -0.7 0.8 1.3
v -0.7 0.8 1.2
v -0.7 0.8 1.1
v -0.7 0.8 -1.2
v -0.7 0.8 -1.3
v -0.7 0.8 -1.4
v -0.7 0.9 1.2
v -0.7 0.9 1.1
v -0.7 0.9 1
v -0.7 0.9 -1.1
v -0.7 0.9 -1.2
v -0.7 0.9 -1.3
v -0.7 1 1.1
v -0.7 1 1
v -0.7 1 0.9
v -0.7 1 -1
v -0.7 1 -1.1
v -0.7 1 -1.2
v -0.7 1.1 1
v -0.7 1.1 0.9
v -0.7 1.1 0.8
v -0.7 1.1 -0.9
v -0.7 1.1 -1
v -0.7 1.1 -1.1
v -0.7 1.2 0.9
v -0.7 1.2 0.8
v -0.7 1.2 0.7
v -0.7 1.2 -0.8
v -0.7 1.2 -0.9
v -0.7 1.2 -1
v -0.7 1.5 0.8
v -0.7 1.5 0.7
v -0.7 1.5 0.6
v -0.7 1.5 -0.7
v -0.7 1.5 -0.8
v -0.7 1.5 -0.9
v -0.7 1.6 0.6
v -0.7 1.6 0.5
v -0.7 1.6 0.4
v -0.7 1.6 -0.5
v -0.7 1.6 -0.6
v -0.7 1.6 -0.7
v -0.7 1.7 0.7
v -0.7 1.7 0.6
v -0.7 1.7 0.5
v -0.7 1.7 0.4
v -0.7 1.7 -0.5
v -0.7 1.7 -0.6
v -0.7 1.7 -0.7
v -0.7 1.7 -0.8
v -0.7 1.8 0.7
v -0.7 1.8 0.6
v -0.7 1.8 0.5
v -0.7 1.8 0.3
v -0.7 1.8 -0.4
v -0.7 1.8 -0.6
v -0.7 1.8 -0.7
v -0.7 1.8 -0.8
v -0.7 1.9 0.7
v -0.7 1.9 0.6
v -0.7 1.9 0.5
v -0.7 1.9 0.4
v -0.7 1.9 0.3
v -0.7 1.9 -0.1
v -0.7 1.9 -0.4
v -0.7 1.9 -0.5
v -0.7 1.9 -0.6
v -0.7 1.9 -0.7
v -0.7 1.9 -0.8
v -0.7 2 0.4
v -0.7 2 -0.1
v -0.7 2 -0.5
v -0.6 0.4 2.4
v -0.6 0.4 2.3
v -0.6 0.4 -2.6
v -0.6 0.4 -2.7
v -0.6 0.5 2.4
v -0.6 0.5 2.3
v -0.6 0.5 1.6
v -0.6 0.5 1.5
v -0.6 0.5 -1.6
v -0.6 0.5 -1.7
v -0.6 0.5 -2.6
v -0.6 0.5 -2.7
v -0.6 0.6 2
v -0.6 0.6 1.8
v -0.6 0.6 1.6
v -0.6 0.6 1.5
v -0.6 0.6 -1.6
v -0.6 0.6 -1.7
v -0.6 0.6 -2
v -0.6 0.6 -2.1
v -0.6 0.7 2
v -0.6 0.7 1.8
v -0.6 0.7 1.4
v -0.6 0.7 1.3
v -0.6 0.7 -1.4
v -0.6 0.7 -1.5
v -0.6 0.7 -2
v -0.6 0.7 -2.1
v -0.6 0.8 1.4
v -0.6 0.8 1.3
v -0.6 0.8 1.2
v -0.6 0.8 -1.3
v -0.6 0.8 -1.4
v -0.6 0.8 -1.5
v -0.6 0.9 1.3
v -0.6 0.9 1.2
v -0.6 0.9 1.1
v -0.6 0.9 -1.2
v -0.6 0.9 -1.3
v -0.6 0.9 -1.4
v -0.6 1 1.2
v -0.6 1 1.1
v -0.6 1 1
v -0.6 1 -1.1
v -0.6 1 -1.2
v -0.6 1 -1.3
v -0.6 1.1 1.1
v -0.6 1.1 1
v -0.6 1.1 0.9
v -0.6 1.1 -1
v -0.6 1.1 -1.1
v -0.6 1.1 -1.2
v -0.6 1.2 1
v -0.6 1.2 0.9
v -0.6 1.2 0.8
v -0.6 1.2 -0.9
v -0.6 1.2 -1
v -0.6 1.2 -1.1
v -0.6 1.5 0.9
v -0.6 1.5 0.8
v -0.6 1.5 0.7
v -0.6 1.5 -0.8
v -0.6 1.5 -0.9
v -0.6 1.5 -1
v -0.6 1.6 0.7
v -0.6 1.6 0.6
v -0.6 1.6 0.5
v -0.6 1.6 -0.6
v -0.6 1.6 -0.7
v -0.6 1.6 -0.8
v -0.6 1.7 0.8
v -0.6 1.7 0.7
v -0.6 1.7 0.6
v -0.6 1.7 0.5
v -0.6 1.7 -0.6
v -0.6 1.7 -0.7
v -0.6 1.7 -0.8
v -0.6 1.7 -0.9
v -0.6 1.8 0.7
v -0.6 1.8 0.6
v -0.6 1.8 0.5
v -0.6 1.8 -0.6
v -0.6 1.8 -0.7
v -0.6 1.8 -0.8
v -0.6 1.9 0.6
v -0.6 1.9 0.5
v -0.6 1.9 0.4
v -0.6 1.9 -0.5
v -0.6 1.9 -0.6
v -0.6 1.9 -0.7
v -0.6 2 0.5
v -0.6 2 0.4
v -0.6 2 -0.1
v -0.6 2 -0.5
v -0.6 2 -0.6
v -0.6 2.1 0.4
v -0.6 2.1 -0.1
v -0.6 2.1 -0.5
v -0.5 0.3 2.5
v -0.5 0.3 2.4
v -0.5 0.3 -2.6
v -0.5 0.3 -2.7
v -0.5 0.4 2.6
v -0.5 0.4 2.5
v -0.5 0.4 2.4
v -0.5 0.4 2.3
v -0.5 0.4 2.2
v -0.5 0.4 -2.4
v -0.5 0.4 -2.5
v -0.5 0.4 -2.6
v -0.5 0.4 -2.7
v -0.5 0.5 2.6
v -0.5 0.5 2.5
v -0.5 0.5 2.3
v -0.5 0.5 2.2
v -0.5 0.5 2.1
v -0.5 0.5 2
v -0.5 0.5 -2.1
v -0.5 0.5 -2.2
v -0.5 0.5 -2.4
v -0.5 0.5 -2.5
v -0.5 0.6 2.1
v -0.5 0.6 2
v -0.5 0.6 1.8
v -0.5 0.6 1.7
v -0.5 0.6 1.5
v -0.5 0.6 1.4
v -0.5 0.6 -1.5
v -0.5 0.6 -1.6
v -0.5 0.6 -1.9
v -0.5 0.6 -2
v -0.5 0.6 -2.1
v -0.5 0.6 -2.2
v -0.5 0.7 1.8
v -0.5 0.7 1.7
v -0.5 0.7 1.5
v -0.5 0.7 1.4
v -0.5 0.7 -1.5
v -0.5 0.7 -1.6
v -0.5 0.7 -1.9
v -0.5 0.7 -2
v -0.5 1.2 1
v -0.5 1.2 0.9
v -0.5 1.2 -1
v -0.5 1.2 -1.1
v -0.5 1.4 1
v -0.5 1.4 0.9
v -0.5 1.4 -1
v -0.5 1.4 -1.1
v -0.5 1.5 0.9
v -0.5 1.5 0.8
v -0.5 1.5 -0.9
v -0.5 1.5 -1
v -0.5 1.6 0.9
v -0.5 1.6 0.8
v -0.5 1.6 0.7
v -0.5 1.6 0.6
v -0.5 1.6 -0.7
v -0.5 1.6 -0.8
v -0.5 1.6 -0.9
v -0.5 1.6 -1
v -0.5 1.7 0.7
v -0.5 1.7 0.6
v -0.5 1.7 -0.7
v -0.5 1.7 -0.8
v -0.5 1.9 0.6
v -0.5 1.9 0.5
v -0.5 1.9 -0.6
v -0.5 1.9 -0.7
v -0.5 2 0.6
v -0.5 2 0.5
v -0.5 2 0.4
v -0.5 2 -0.5
v -0.5 2 -0.6
v -0.5 2 -0.7
v -0.5 2.1 0.5
v -0.5 2.1 0.4
v -0.5 2.1 0.3
v -0.5 2.1 -0.1
v -0.5 2.1 -0.4
v -0.5 2.1 -0.5
v -0.5 2.1 -0.6
v -0.5 2.2 0.3
v -0.5 2.2 -0.1
v -0.5 2.2 -0.4
v -0.4 0.3 -2.5
v -0.4 0.3 -2.6
v -0.4 0.4 2.2
v -0.4 0.4 2.1
v -0.4 0.4 -2.3
v -0.4 0.4 -2.4
v -0.4 0.4 -2.5
v -0.4 0.4 -2.6
v -0.4 0.5 2.2
v -0.4 0.5 2.1
v -0.4 0.5 2
v -0.4 0.5 1.9
v -0.4 0.5 1.8
v -0.4 0.5 1.6
v -0.4 0.5 -1.7
v -0.4 0.5 -1.9
v -0.4 0.5 -2
v -0.4 0.5 -2.1
v -0.4 0.5 -2.3
v -0.4 0.5 -2.4
v -0.4 0.6 2
v -0.4 0.6 1.9
v -0.4 0.6 1.8
v -0.4 0.6 1.7
v -0.4 0.6 1.6
v -0.4 0.6 1.5
v -0.4 0.6 -1.6
v -0.4 0.6 -1.7
v -0.4 0.6 -1.8
v -0.4 0.6 -1.9
v -0.4 0.6 -2
v -0.4 0.6 -2.1
v -0.4 0.7 1.7
v -0.4 0.7 1.6
v -0.4 0.7 1.5
v -0.4 0.7 1.4
v -0.4 0.7 -1.5
v -0.4 0.7 -1.6
v -0.4 0.7 -1.7
v -0.4 0.7 -1.8
v -0.4 0.8 1.6
v -0.4 0.8 1.5
v -0.4 0.8 1.4
v -0.4 0.8 1.3
v -0.4 0.8 -1.4
v -0.4 0.8 -1.5
v -0.4 0.8 -1.6
v -0.4 0.8 -1.7
v -0.4 0.9 1.5
v -0.4 0.9 1.4
v -0.4 0.9 1.3
v -0.4 0.9 1.2
v -0.4 0.9 -1.3
v -0.4 0.9 -1.4
v -0.4 0.9 -1.5
v -0.4 0.9 -1.6
v -0.4 1 1.4
v -0.4 1 1.3
v -0.4 1 1.2
v -0.4 1 1.1
v -0.4 1 -1.2
v -0.4 1 -1.3
v -0.4 1 -1.4
v -0.4 1 -1.5
v -0.4 1.1 1.3
v -0.4 1.1 1.1
v -0.4 1.1 1
v -0.4 1.1 -1.1
v -0.4 1.1 -1.2
v -0.4 1.1 -1.4
v -0.4 1.2 1.1
v -0.4 1.2 1
v -0.4 1.2 -1.1
v -0.4 1.2 -1.2
v -0.4 1.4 1
v -0.4 1.4 0.9
v -0.4 1.4 -1
v -0.4 1.4 -1.1
v -0.4 1.5 1
v -0.4 1.5 0.9
v -0.4 1.5 -1
v -0.4 1.5 -1.1
v -0.4 1.6 0.9
v -0.4 1.6 0.8
v -0.4 1.6 -0.9
v -0.4 1.6 -1
v -0.4 1.7 0.9
v -0.4 1.7 0.8
v -0.4 1.7 0.7
v -0.4 1.7 -0.8
v -0.4 1.7 -0.9
v -0.4 1.7 -1
v -0.4 1.8 0.8
v -0.4 1.8 0.7
v -0.4 1.8 0.6
v -0.4 1.8 -0.7
v -0.4 1.8 -0.8
v -0.4 1.8 -0.9
v -0.4 1.9 0.7
v -0.4 1.9 0.6
v -0.4 1.9 -0.7
v -0.4 1.9 -0.8
v -0.4 2.1 0.4
v -0.4 2.1 0.3
v -0.4 2.1 -0.4
v -0.4 2.1 -0.5
v -0.4 2.2 0.4
v -0.4 2.2 0.3
v -0.4 2.2 -0.1
v -0.4 2.2 -0.4
v -0.4 2.2 -0.5
v -0.4 2.3 0.3
v -0.4 2.3 -0.1
v -0.4 2.3 -0.4
v -0.3 0.3 2.6
v -0.3 0.3 2.5
v -0.3 0.4 2.6
v -0.3 0.4 2.5
v -0.3 0.4 -2.2
v -0.3 0.4 -2.3
v -0.3 0.5 -2.2
v -0.3 0.5 -2.3
v -0.3 1.1 1.2
v -0.3 1.1 1.1
v -0.3 1.1 -1.2
v -0.3 1.1 -1.3
v -0.3 1.2 1.2
v -0.3 1.2 1.1
v -0.3 1.2 1
v -0.3 1.2 -1.1
v -0.3 1.2 -1.2
v -0.3 1.2 -1.3
v -0.3 1.4 1.1
v -0.3 1.4 1
v -0.3 1.4 -1.1
v -0.3 1.4 -1.2
v -0.3 1.5 1
v -0.3 1.5 0.9
v -0.3 1.5 -1
v -0.3 1.5 -1.1
v -0.3 1.6 1
v -0.3 1.6 0.9
v -0.3 1.6 0.8
v -0.3 1.6 0.7
v -0.3 1.6 -0.8
v -0.3 1.6 -0.9
v -0.3 1.6 -1
v -0.3 1.6 -1.1
v -0.3 1.7 0.8
v -0.3 1.7 0.7
v -0.3 1.7 -0.8
v -0.3 1.7 -0.9
v -0.3 2.3 0.2
v -0.3 2.3 -0.1
v -0.3 2.3 -0.3
v -0.3 2.5 0.2
v -0.3 2.5 -0.1
v -0.3 2.5 -0.3
v -0.2 0.3 2.7
v -0.2 0.3 2.6
v -0.2 0.3 -2.7
v -0.2 0.3 -2.8
v -0.2 0.4 2.7
v -0.2 0.4 2.6
v -0.2 0.4 -2.7
v -0.2 0.4 -2.8
v -0.2 2.5 0.0999999
v -0.2 2.5 -0.1
v -0.2 2.5 -0.2
v -0.2 2.6 0.0999999
v -0.2 2.6 0
v -0.2 2.6 -0.1
v -0.2 2.6 -0.2
v -0.2 2.7 0
v -0.2 2.7 -0.1
v -0.0999999 0 2.7
v -0.0999999 0 2.6
v -0.0999999 0 -2.7
v -0.0999999 0 -2.8
v -0.0999999 0.1 2.7
v -0.0999999 0.1 2.6
v -0.0999999 0.1 -2.7
v -0.0999999 0.1 -2.8
v -0.0999999 2.6 0.0999999
v -0.0999999 2.6 0
v -0.0999999 2.6 -0.1
v -0.0999999 2.6 -0.2
v -0.0999999 2.7 0.0999999
v -0.0999999 2.7 0
v -0.0999999 2.7 -0.1
v -0.0999999 2.7 -0.2
v 2.38419e-07 0.3 2.5
v 2.38419e-07 0.3 2.4
v 2.38419e-07 0.4 2.5
v 2.38419e-07 0.4 2.4
v 2.38419e-07 0.4 2.2
v 2.38419e-07 0.4 2.1
v 2.38419e-07 0.5 2.2
v 2.38419e-07 0.5 2.1
v 2.38419e-07 0.5 2
v 2.38419e-07 0.5 1.9
v 2.38419e-07 0.6 2
v 2.38419e-07 0.6 1.9
v 2.38419e-07 0.6 1.8
v 2.38419e-07 0.7 1.9
v 2.38419e-07 0.7 1.8
v 2.38419e-07 1.1 1.4
v 2.38419e-07 1.1 1.3
v 2.38419e-07 1.2 1.4
v 2.38419e-07 1.2 1.3
v 2.38419e-07 1.2 1.2
v 2.38419e-07 1.4 1.3
v 2.38419e-07 1.4 1.2
v 2.38419e-07 1.4 1.1
v 2.38419e-07 1.5 0
v 2.38419e-07 1.5 -0.1
v 2.38419e-07 1.6 1.2
v 2.38419e-07 1.6 1.1
v 2.38419e-07 1.6 1
v 2.38419e-07 1.6 0.8
v 2.38419e-07 1.6 0
v 2.38419e-07 1.6 -0.1
v 2.38419e-07 1.6 -0.9
v 2.38419e-07 1.7 1.1
v 2.38419e-07 1.7 1
v 2.38419e-07 1.7 0.8
v 2.38419e-07 1.7 0
v 2.38419e-07 1.7 -0.1
v 2.38419e-07 1.7 -0.9
v 2.38419e-07 1.8 1
v 2.38419e-07 1.8 0.9
v 2.38419e-07 1.8 -1
v 2.38419e-07 1.8 -1.1
v 2.38419e-07 1.9 1
v 2.38419e-07 1.9 0.9
v 2.38419e-07 1.9 -1
v 2.38419e-07 1.9 -1.1
v 2.38419e-07 2.6 0
v 2.38419e-07 2.6 -0.1
v 2.38419e-07 2.7 0
v 2.38419e-07 2.7 -0.1
v 2.38419e-07 2.8 0.0999999
v 2.38419e-07 2.8 0
v 2.38419e-07 2.8 -0.1
v 2.38419e-07 2.8 -0.2
v 2.38419e-07 3.1 0.0999999
v 2.38419e-07 3.1 0
v 2.38419e-07 3.1 -0.1
v 2.38419e-07 3.1 -0.2
v 2.38419e-07 3.4 0
v 2.38419e-07 3.4 -0.1
v 0.1 0 2.7
v 0.1 0 2.6
v 0.1 0 -2.7
v 0.1 0 -2.8
v 0.1 0.1 2.7
v 0.1 0.1 2.6
v 0.1 0.1 2.5
v 0.1 0.1 -2.7
v 0.1 0.1 -2.8
v 0.1 0.2 2.6
v 0.1 0.2 2.5
v 0.1 0.4 1.9
v 0.1 0.4 1.8
v 0.1 0.5 1.9
v 0.1 0.5 1.8
v 0.1 0.5 1.7
v 0.1 0.6 1.8
v 0.1 0.6 1.7
v 0.1 0.6 1.6
v 0.1 0.7 1.7
v 0.1 0.7 1.6
v 0.1 0.7 1.5
v 0.1 0.8 1.6
v 0.1 0.8 1.5
v 0.1 0.8 1.4
v 0.1 0.9 1.5
v 0.1 0.9 1.4
v 0.1 0.9 1.3
v 0.1 1 1.4
v 0.1 1 1.3
v 0.1 1 1.2
v 0.1 1.1 1.3
v 0.1 1.1 1.2
v 0.1 2.7 0.0999999
v 0.1 2.7 -0.1
v 0.1 2.7 -0.2
v 0.1 2.8 0.0999999
v 0.1 2.8 0
v 0.1 2.8 -0.1
v 0.1 2.8 -0.2
v 0.1 3.1 0
v 0.1 3.1 -0.1
v 0.2 0.3 2.1
v 0.2 0.3 2
v 0.2 0.4 2.1
v 0.2 0.4 2
v 0.2 1.6 0.9
v 0.2 1.6 0.8
v 0.2 1.6 -0.9
v 0.2 1.6 -1
v 0.2 1.7 0.9
v 0.2 1.7 0.8
v 0.2 1.7 -0.9
v 0.2 1.7 -1
v 0.2 2.4 0.3
v 0.2 2.4 0.2
v 0.2 2.4 -0.3
v 0.2 2.4 -0.4
v 0.2 2.5 0.3
v 0.2 2.5 0.2
v 0.2 2.5 -0.1
v 0.2 2.5 -0.3
v 0.2 2.5 -0.4
v 0.2 2.7 0.2
v 0.2 2.7 -0.1
v 0.2 2.7 -0.3
v 0.3 0.2 2.3
v 0.3 0.2 2.2
v 0.3 0.3 2.3
v 0.3 0.3 2.2
v 0.3 0.6 1.8
v 0.3 0.6 1.7
v 0.3 0.7 1.8
v 0.3 0.7 1.7
v 0.3 0.7 1.6
v 0.3 0.7 -1.7
v 0.3 0.7 -1.8
v 0.3 0.8 1.7
v 0.3 0.8 1.6
v 0.3 0.8 1.5
v 0.3 0.8 -1.6
v 0.3 0.8 -1.7
v 0.3 0.8 -1.8
v 0.3 0.9 1.6
v 0.3 0.9 1.5
v 0.3 0.9 1.4
v 0.3 0.9 -1.5
v 0.3 0.9 -1.6
v 0.3 0.9 -1.7
v 0.3 1 1.5
v 0.3 1 1.4
v 0.3 1 1.3
v 0.3 1 -1.4
v 0.3 1 -1.5
v 0.3 1 -1.6
v 0.3 1.1 1.4
v 0.3 1.1 1.3
v 0.3 1.1 1.2
v 0.3 1.1 -1.3
v 0.3 1.1 -1.4
v 0.3 1.1 -1.5
v 0.3 1.2 1.3
v 0.3 1.2 1.2
v 0.3 1.2 1.1
v 0.3 1.2 -1.2
v 0.3 1.2 -1.3
v 0.3 1.2 -1.4
v 0.3 1.4 1.2
v 0.3 1.4 1.1
v 0.3 1.4 1
v 0.3 1.4 -1.1
v 0.3 1.4 -1.2
v 0.3 1.4 -1.3
v 0.3 1.6 1.1
v 0.3 1.6 1
v 0.3 1.6 0.9
v 0.3 1.6 -1
v 0.3 1.6 -1.1
v 0.3 1.6 -1.2
v 0.3 1.8 1
v 0.3 1.8 0.9
v 0.3 1.8 0.8
v 0.3 1.8 0.7
v 0.3 1.8 -0.8
v 0.3 1.8 -0.9
v 0.3 1.8 -1
v 0.3 1.8 -1.1
v 0.3 1.9 0.8
v 0.3 1.9 0.7
v 0.3 1.9 -0.8
v 0.3 1.9 -0.9
v 0.3 2.2 0.4
v 0.3 2.2 0.3
v 0.3 2.2 -0.4
v 0.3 2.2 -0.5
v 0.3 2.3 0.4
v 0.3 2.3 0.3
v 0.3 2.3 -0.1
v 0.3 2.3 -0.4
v 0.3 2.3 -0.5
v 0.3 2.4 0.3
v 0.3 2.4 0.2
v 0.3 2.4 -0.3
v 0.3 2.4 -0.4
v 0.3 2.5 0.2
v 0.3 2.5 -0.1
v 0.3 2.5 -0.3
v 0.4 0.2 2.4
v 0.4 0.2 2.3
v 0.4 0.3 2.4
v 0.4 0.3 2.3
v 0.4 1.6 0.8
v 0.4 1.6 0.7
v 0.4 1.6 -0.8
v 0.4 1.6 -0.9
v 0.4 1.7 0.8
v 0.4 1.7 0.7
v 0.4 1.7 -0.8
v 0.4 1.7 -0.9
v 0.4 1.9 0.7
v 0.4 1.9 0.6
v 0.4 1.9 -0.7
v 0.4 1.9 -0.8
v 0.4 2 0.7
v 0.4 2 0.6
v 0.4 2 0.5
v 0.4 2 -0.6
v 0.4 2 -0.7
v 0.4 2 -0.8
v 0.4 2.1 0.6
v 0.4 2.1 0.5
v 0.4 2.1 0.4
v 0.4 2.1 -0.5
v 0.4 2.1 -0.6
v 0.4 2.1 -0.7
v 0.4 2.2 0.5
v 0.4 2.2 0.4
v 0.4 2.2 0.3
v 0.4 2.2 -0.1
v 0.4 2.2 -0.4
v 0.4 2.2 -0.5
v 0.4 2.2 -0.6
v 0.4 2.3 0.3
v 0.4 2.3 -0.1
v 0.4 2.3 -0.4
v 0.5 0.1 2.7
v 0.5 0.1 2.6
v 0.5 0.1 -2.7
v 0.5 0.1 -2.8
v 0.5 0.2 2.6
v 0.5 0.2 2.5
v 0.5 0.2 2.4
v 0.5 0.2 -2.5
v 0.5 0.2 -2.6
v 0.5 0.2 -2.7
v 0.5 0.3 2.5
v 0.5 0.3 2.4
v 0.5 0.3 2.3
v 0.5 0.3 2.1
v 0.5 0.3 -2.2
v 0.5 0.3 -2.4
v 0.5 0.3 -2.5
v 0.5 0.3 -2.6
v 0.5 0.4 2.7
v 0.5 0.4 2.6
v 0.5 0.4 2.3
v 0.5 0.4 2.1
v 0.5 0.4 2
v 0.5 0.4 1.9
v 0.5 0.4 -2
v 0.5 0.4 -2.1
v 0.5 0.4 -2.2
v 0.5 0.4 -2.4
v 0.5 0.4 -2.7
v 0.5 0.4 -2.8
v 0.5 0.5 2
v 0.5 0.5 1.9
v 0.5 0.5 1.8
v 0.5 0.5 1.7
v 0.5 0.5 -1.8
v 0.5 0.5 -1.9
v 0.5 0.5 -2
v 0.5 0.5 -2.1
v 0.5 0.6 1.8
v 0.5 0.6 1.7
v 0.5 0.6 -1.8
v 0.5 0.6 -1.9
v 0.5 0.7 1.6
v 0.5 0.7 1.5
v 0.5 0.7 -1.6
v 0.5 0.7 -1.7
v 0.5 0.8 1.6
v 0.5 0.8 1.5
v 0.5 0.8 1.4
v 0.5 0.8 -1.5
v 0.5 0.8 -1.6
v 0.5 0.8 -1.7
v 0.5 0.9 1.5
v 0.5 0.9 1.4
v 0.5 0.9 1.3
v 0.5 0.9 -1.4
v 0.5 0.9 -1.5
v 0.5 0.9 -1.6
v 0.5 1 1.4
v 0.5 1 1.3
v 0.5 1 1.2
v 0.5 1 -1.3
v 0.5 1 -1.4
v 0.5 1 -1.5
v 0.5 1.1 1.3
v 0.5 1.1 1.2
v 0.5 1.1 1.1
v 0.5 1.1 -1.2
v 0.5 1.1 -1.3
v 0.5 1.1 -1.4
v 0.5 1.2 1.2
v 0.5 1.2 1.1
v 0.5 1.2 1
v 0.5 1.2 -1.1
v 0.5 1.2 -1.2
v 0.5 1.2 -1.3
v 0.5 1.4 1.1
v 0.5 1.4 1
v 0.5 1.4 0.9
v 0.5 1.4 -1
v 0.5 1.4 -1.1
v 0.5 1.4 -1.2
v 0.5 1.6 1
v 0.5 1.6 0.9
v 0.5 1.6 0.8
v 0.5 1.6 0.7
v 0.5 1.6 0.6
v 0.5 1.6 -0.7
v 0.5 1.6 -0.8
v 0.5 1.6 -0.9
v 0.5 1.6 -1
v 0.5 1.6 -1.1
v 0.5 1.7 0.7
v 0.5 1.7 0.6
v 0.5 1.7 -0.7
v 0.5 1.7 -0.8
v 0.5 1.8 0.9
v 0.5 1.8 0.8
v 0.5 1.8 0.7
v 0.5 1.8 0.6
v 0.5 1.8 -0.7
v 0.5 1.8 -0.8
v 0.5 1.8 -0.9
v 0.5 1.8 -1
v 0.5 1.9 0.7
v 0.5 1.9 0.6
v 0.5 1.9 0.5
v 0.5 1.9 -0.6
v 0.5 1.9 -0.7
v 0.5 1.9 -0.8
v 0.5 2 0.6
v 0.5 2 0.5
v 0.5 2 0.4
v 0.5 2 -0.5
v 0.5 2 -0.6
v 0.5 2 -0.7
v 0.5 2.1 0.5
v 0.5 2.1 0.4
v 0.5 2.1 -0.1
v 0.5 2.1 -0.5
v 0.5 2.1 -0.6
v 0.5 2.2 0.4
v 0.5 2.2 -0.1
v 0.5 2.2 -0.5
v 0.6 0.5 1.7
v 0.6 0.5 1.6
v 0.6 0.5 -1.7
v 0.6 0.5 -1.8
v 0.6 0.6 1.7
v 0.6 0.6 1.6
v 0.6 0.6 -1.7
v 0.6 0.6 -1.8
v 0.6 0.7 1.5
v 0.6 0.7 1.4
v 0.6 0.7 -1.5
v 0.6 0.7 -1.6
v 0.6 0.8 1.5
v 0.6 0.8 1.4
v 0.6 0.8 1.3
v 0.6 0.8 -1.4
v 0.6 0.8 -1.5
v 0.6 0.8 -1.6
v 0.6 0.9 1.4
v 0.6 0.9 1.3
v 0.6 0.9 1.2
v 0.6 0.9 -1.3
v 0.6 0.9 -1.4
v 0.6 0.9 -1.5
v 0.6 1 1.3
v 0.6 1 1.2
v 0.6 1 1.1
v 0.6 1 -1.2
v 0.6 1 -1.3
v 0.6 1 -1.4
v 0.6 1.1 1.2
v 0.6 1.1 1.1
v 0.6 1.1 1
v 0.6 1.1 -1.1
v 0.6 1.1 -1.2
v 0.6 1.1 -1.3
v 0.6 1.2 1.1
v 0.6 1.2 1
v 0.6 1.2 0.9
v 0.6 1.2 -1
v 0.6 1.2 -1.1
v 0.6 1.2 -1.2
v 0.6 1.4 1
v 0.6 1.4 0.9
v 0.6 1.4 0.8
v 0.6 1.4 -0.9
v 0.6 1.4 -1
v 0.6 1.4 -1.1
v 0.6 1.6 0.9
v 0.6 1.6 0.8
v 0.6 1.6 0.7
v 0.6 1.6 0.6
v 0.6 1.6 0.5
v 0.6 1.6 -0.6
v 0.6 1.6 -0.7
v 0.6 1.6 -0.8
v 0.6 1.6 -0.9
v 0.6 1.6 -1
v 0.6 1.7 0.6
v 0.6 1.7 0.5
v 0.6 1.7 -0.6
v 0.6 1.7 -0.7
v 0.6 1.8 0.8
v 0.6 1.8 0.7
v 0.6 1.8 0.6
v 0.6 1.8 0.5
v 0.6 1.8 -0.6
v 0.6 1.8 -0.7
v 0.6 1.8 -0.8
v 0.6 1.8 -0.9
v 0.6 1.9 0.6
v 0.6 1.9 0.5
v 0.6 1.9 0.4
v 0.6 1.9 -0.5
v 0.6 1.9 -0.6
v 0.6 1.9 -0.7
v 0.6 2 0.5
v 0.6 2 0.4
v 0.6 2 -0.1
v 0.6 2 -0.5
v 0.6 2 -0.6
v 0.6 2.1 0.4
v 0.6 2.1 -0.1
v 0.6 2.1 -0.5
v 0.7 0.5 1.6
v 0.7 0.5 1.5
v 0.7 0.5 -1.6
v 0.7 0.5 -1.7
v 0.7 0.6 1.6
v 0.7 0.6 1.5
v 0.7 0.6 1.4
v 0.7 0.6 -1.5
v 0.7 0.6 -1.6
v 0.7 0.6 -1.7
v 0.7 0.7 1.5
v 0.7 0.7 1.4
v 0.7 0.7 1.3
v 0.7 0.7 -1.4
v 0.7 0.7 -1.5
v 0.7 0.7 -1.6
v 0.7 0.8 1.4
v 0.7 0.8 1.3
v 0.7 0.8 1.2
v 0.7 0.8 -1.3
v 0.7 0.8 -1.4
v 0.7 0.8 -1.5
v 0.7 0.9 1.3
v 0.7 0.9 1.2
v 0.7 0.9 1.1
v 0.7 0.9 -1.2
v 0.7 0.9 -1.3
v 0.7 0.9 -1.4
v 0.7 1 1.2
v 0.7 1 1.1
v 0.7 1 1
v 0.7 1 -1.1
v 0.7 1 -1.2
v 0.7 1 -1.3
v 0.7 1.1 1.1
v 0.7 1.1 1
v 0.7 1.1 0.9
v 0.7 1.1 -1
v 0.7 1.1 -1.1
v 0.7 1.1 -1.2
v 0.7 1.2 1
v 0.7 1.2 0.9
v 0.7 1.2 0.8
v 0.7 1.2 -0.9
v 0.7 1.2 -1
v 0.7 1.2 -1.1
v 0.7 1.4 0.9
v 0.7 1.4 0.8
v 0.7 1.4 0.7
v 0.7 1.4 -0.8
v 0.7 1.4 -0.9
v 0.7 1.4 -1
v 0.7 1.5 0.7
v 0.7 1.6 0.8
v 0.7 1.6 0.7
v 0.7 1.6 0.6
v 0.7 1.6 0.5
v 0.7 1.6 0.4
v 0.7 1.6 -0.5
v 0.7 1.6 -0.6
v 0.7 1.6 -0.7
v 0.7 1.6 -0.8
v 0.7 1.6 -0.9
v 0.7 1.7 0.5
v 0.7 1.7 0.4
v 0.7 1.7 -0.5
v 0.7 1.7 -0.6
v 0.7 1.8 0.6
v 0.7 1.8 0.5
v 0.7 1.8 0.3
v 0.7 1.8 -0.4
v 0.7 1.8 -0.6
v 0.7 1.8 -0.7
v 0.7 1.9 0.7
v 0.7 1.9 0.6
v 0.7 1.9 0.5
v 0.7 1.9 0.4
v 0.7 1.9 0.3
v 0.7 1.9 -0.1
v 0.7 1.9 -0.4
v 0.7 1.9 -0.5
v 0.7 1.9 -0.6
v 0.7 1.9 -0.7
v 0.7 1.9 -0.8
v 0.7 2 0.4
v 0.7 2 -0.1
v 0.7 2 -0.5
v 0.8 0.2 2.6
v 0.8 0.2 2.5
v 0.8 0.2 -2.6
v 0.8 0.2 -2.7
v 0.8 0.4 2.5
v 0.8 0.4 2.4
v 0.8 0.4 2.1
v 0.8 0.4 -2.2
v 0.8 0.4 -2.5
v 0.8 0.4 -2.6
v 0.8 0.5 2.6
v 0.8 0.5 2.5
v 0.8 0.5 2.4
v 0.8 0.5 2.1
v 0.8 0.5 1.9
v 0.8 0.5 -2
v 0.8 0.5 -2.2
v 0.8 0.5 -2.5
v 0.8 0.5 -2.6
v 0.8 0.5 -2.7
v 0.8 0.6 2.1
v 0.8 0.6 2
v 0.8 0.6 1.9
v 0.8 0.6 1.5
v 0.8 0.6 1.4
v 0.8 0.6 1.3
v 0.8 0.6 -1.4
v 0.8 0.6 -1.5
v 0.8 0.6 -1.6
v 0.8 0.6 -2
v 0.8 0.6 -2.1
v 0.8 0.6 -2.2
v 0.8 0.7 2
v 0.8 0.7 1.5
v 0.8 0.7 1.4
v 0.8 0.7 1.3
v 0.8 0.7 1.2
v 0.8 0.7 -1.3
v 0.8 0.7 -1.4
v 0.8 0.7 -1.5
v 0.8 0.7 -1.6
v 0.8 0.7 -2.1
v 0.8 0.8 1.3
v 0.8 0.8 1.2
v 0.8 0.8 1.1
v 0.8 0.8 -1.2
v 0.8 0.8 -1.3
v 0.8 0.8 -1.4
v 0.8 0.9 1.2
v 0.8 0.9 1.1
v 0.8 0.9 1
v 0.8 0.9 -1.1
v 0.8 0.9 -1.2
v 0.8 0.9 -1.3
v 0.8 1 1.1
v 0.8 1 1
v 0.8 1 0.9
v 0.8 1 -1
v 0.8 1 -1.1
v 0.8 1 -1.2
v 0.8 1.1 1
v 0.8 1.1 0.9
v 0.8 1.1 0.8
v 0.8 1.1 -0.9
v 0.8 1.1 -1
v 0.8 1.1 -1.1
v 0.8 1.2 0.9
v 0.8 1.2 0.8
v 0.8 1.2 0.7
v 0.8 1.2 -0.8
v 0.8 1.2 -0.9
v 0.8 1.2 -1
v 0.8 1.4 0.8
v 0.8 1.4 0.7
v 0.8 1.4 0.6
v 0.8 1.4 -0.7
v 0.8 1.4 -0.8
v 0.8 1.4 -0.9
v 0.8 1.5 0.7
v 0.8 1.5 0.6
v 0.8 1.6 0.7
v 0.8 1.6 0.6
v 0.8 1.6 0.5
v 0.8 1.6 0.3
v 0.8 1.6 0.2
v 0.8 1.6 -0.3
v 0.8 1.6 -0.4
v 0.8 1.6 -0.6
v 0.8 1.6 -0.7
v 0.8 1.6 -0.8
v 0.8 1.7 0.3
v 0.8 1.7 0.2
v 0.8 1.7 -0.3
v 0.8 1.7 -0.4
v 0.8 1.8 0.6
v 0.8 1.8 0.5
v 0.8 1.8 0.3
v 0.8 1.8 -0.1
v 0.8 1.8 -0.4
v 0.8 1.8 -0.6
v 0.8 1.8 -0.7
v 0.8 1.9 0.3
v 0.8 1.9 -0.1
v 0.8 1.9 -0.4
v 0.9 0.6 1.3
v 0.9 0.6 1.2
v 0.9 0.6 -1.3
v 0.9 0.6 -1.4
v 0.9 0.7 1.3
v 0.9 0.7 1.2
v 0.9 0.7 1.1
v 0.9 0.7 -1.2
v 0.9 0.7 -1.3
v 0.9 0.7 -1.4
v 0.9 0.8 1.2
v 0.9 0.8 1.1
v 0.9 0.8 1
v 0.9 0.8 -1.1
v 0.9 0.8 -1.2
v 0.9 0.8 -1.3
v 0.9 0.9 1.1
v 0.9 0.9 1
v 0.9 0.9 0.9
v 0.9 0.9 -1
v 0.9 0.9 -1.1
v 0.9 0.9 -1.2
v 0.9 1 1
v 0.9 1 0.9
v 0.9 1 0.8
v 0.9 1 -0.9
v 0.9 1 -1
v 0.9 1 -1.1
v 0.9 1.1 0.9
v 0.9 1.1 0.8
v 0.9 1.1 0.7
v 0.9 1.1 -0.8
v 0.9 1.1 -0.9
v 0.9 1.1 -1
v 0.9 1.2 0.8
v 0.9 1.2 0.7
v 0.9 1.2 0.6
v 0.9 1.2 -0.7
v 0.9 1.2 -0.8
v 0.9 1.2 -0.9
v 0.9 1.4 0.7
v 0.9 1.4 0.6
v 0.9 1.4 0.5
v 0.9 1.4 -0.6
v 0.9 1.4 -0.7
v 0.9 1.4 -0.8
v 0.9 1.6 0.6
v 0.9 1.6 0.5
v 0.9 1.6 0.3
v 0.9 1.6 -0.4
v 0.9 1.6 -0.6
v 0.9 1.6 -0.7
v 0.9 1.7 0.3
v 0.9 1.8 0.5
v 0.9 1.8 0.3
v 0.9 1.8 -0.4
v 0.9 1.8 -0.6
v 1 0.7 1.1
v 1 0.7 1
v 1 0.7 -1.1
v 1 0.7 -1.2
v 1 0.8 1.1
v 1 0.8 1
v 1 0.8 0.9
v 1 0.8 -1
v 1 0.8 -1.1
v 1 0.8 -1.2
v 1 0.9 1
v 1 0.9 0.9
v 1 0.9 0.8
v 1 0.9 -0.9
v 1 0.9 -1
v 1 0.9 -1.1
v 1 1 0.9
v 1 1 0.8
v 1 1 0.7
v 1 1 -0.8
v 1 1 -0.9
v 1 1 -1
v 1 1.1 0.8
v 1 1.1 0.7
v 1 1.1 0.6
v 1 1.1 -0.7
v 1 1.1 -0.8
v 1 1.1 -0.9
v 1 1.2 0.7
v 1 1.2 0.6
v 1 1.2 0.5
v 1 1.2 -0.6
v 1 1.2 -0.7
v 1 1.2 -0.8
v 1 1.4 0.6
v 1 1.4 0.5
v 1 1.4 0.3
v 1 1.4 -0.4
v 1 1.4 -0.6
v 1 1.4 -0.7
v 1 1.5 0.3
v 1 1.6 0.5
v 1 1.6 0.3
v 1 1.6 0.2
v 1 1.6 -0.4
v 1 1.6 -0.6
v 1 1.7 0.3
v 1 1.7 0.2
v 1 1.8 0.3
v 1 1.8 0
v 1 1.8 -0.1
v 1 1.8 -0.4
v 1 1.9 0
v 1 1.9 -0.1
v 1.1 0.1 2.5
v 1.1 0.1 2.4
v 1.1 0.1 -2.5
v 1.1 0.1 -2.6
v 1.1 0.4 2.5
v 1.1 0.4 2.4
v 1.1 0.4 2.1
v 1.1 0.4 2
v 1.1 0.4 -2.1
v 1.1 0.4 -2.2
v 1.1 0.4 -2.5
v 1.1 0.4 -2.6
v 1.1 0.5 2.1
v 1.1 0.5 2
v 1.1 0.5 1.9
v 1.1 0.5 1.8
v 1.1 0.5 1.2
v 1.1 0.5 1.1
v 1.1 0.5 -1.2
v 1.1 0.5 -1.3
v 1.1 0.5 -1.9
v 1.1 0.5 -2
v 1.1 0.5 -2.1
v 1.1 0.5 -2.2
v 1.1 0.6 1.9
v 1.1 0.6 1.8
v 1.1 0.6 1.2
v 1.1 0.6 1.1
v 1.1 0.6 -1.2
v 1.1 0.6 -1.3
v 1.1 0.6 -1.9
v 1.1 0.6 -2
v 1.1 0.7 1
v 1.1 0.7 0.9
v 1.1 0.7 -1
v 1.1 0.7 -1.1
v 1.1 0.8 1
v 1.1 0.8 0.9
v 1.1 0.8 0.8
v 1.1 0.8 -0.9
v 1.1 0.8 -1
v 1.1 0.8 -1.1
v 1.1 0.9 0.9
v 1.1 0.9 0.8
v 1.1 0.9 0.7
v 1.1 0.9 -0.8
v 1.1 0.9 -0.9
v 1.1 0.9 -1
v 1.1 1 0.8
v 1.1 1 0.7
v 1.1 1 0.6
v 1.1 1 -0.7
v 1.1 1 -0.8
v 1.1 1 -0.9
v 1.1 1.1 0.7
v 1.1 1.1 0.6
v 1.1 1.1 0.5
v 1.1 1.1 -0.6
v 1.1 1.1 -0.7
v 1.1 1.1 -0.8
v 1.1 1.2 0.6
v 1.1 1.2 0.5
v 1.1 1.2 0.3
v 1.1 1.2 -0.4
v 1.1 1.2 -0.6
v 1.1 1.2 -0.7
v 1.1 1.4 0.5
v 1.1 1.4 0.3
v 1.1 1.4 0.2
v 1.1 1.4 -0.4
v 1.1 1.4 -0.6
v 1.1 1.5 0.3
v 1.1 1.5 0.2
v 1.1 1.6 0.3
v 1.1 1.6 -0.4
v 1.2 0.2 2.3
v 1.2 0.2 2.2
v 1.2 0.2 -2.3
v 1.2 0.2 -2.4
v 1.2 0.3 2.4
v 1.2 0.3 2.3
v 1.2 0.3 2.2
v 1.2 0.3 2
v 1.2 0.3 -2.1
v 1.2 0.3 -2.3
v 1.2 0.3 -2.4
v 1.2 0.3 -2.5
v 1.2 0.4 2.4
v 1.2 0.4 2.3
v 1.2 0.4 2
v 1.2 0.4 1.8
v 1.2 0.4 -1.9
v 1.2 0.4 -2.1
v 1.2 0.4 -2.4
v 1.2 0.4 -2.5
v 1.2 0.5 2
v 1.2 0.5 1.8
v 1.2 0.5 1.7
v 1.2 0.5 1.4
v 1.2 0.5 1.2
v 1.2 0.5 -1.3
v 1.2 0.5 -1.5
v 1.2 0.5 -1.8
v 1.2 0.5 -1.9
v 1.2 0.5 -2.1
v 1.2 0.6 1.8
v 1.2 0.6 1.7
v 1.2 0.6 1.4
v 1.2 0.6 1.2
v 1.2 0.6 1.1
v 1.2 0.6 1
v 1.2 0.6 0.9
v 1.2 0.6 -1
v 1.2 0.6 -1.1
v 1.2 0.6 -1.2
v 1.2 0.6 -1.3
v 1.2 0.6 -1.5
v 1.2 0.6 -1.8
v 1.2 0.6 -1.9
v 1.2 0.7 1.1
v 1.2 0.7 1
v 1.2 0.7 0.9
v 1.2 0.7 0.8
v 1.2 0.7 -0.9
v 1.2 0.7 -1
v 1.2 0.7 -1.1
v 1.2 0.7 -1.2
v 1.2 0.8 0.9
v 1.2 0.8 0.8
v 1.2 0.8 0.7
v 1.2 0.8 -0.8
v 1.2 0.8 -0.9
v 1.2 0.8 -1
v 1.2 0.9 0.8
v 1.2 0.9 0.7
v 1.2 0.9 0.6
v 1.2 0.9 -0.7
v 1.2 0.9 -0.8
v 1.2 0.9 -0.9
v 1.2 1 0.7
v 1.2 1 0.6
v 1.2 1 0.5
v 1.2 1 -0.6
v 1.2 1 -0.7
v 1.2 1 -0.8
v 1.2 1.1 0.6
v 1.2 1.1 0.5
v 1.2 1.1 0.3
v 1.2 1.1 -0.4
v 1.2 1.1 -0.6
v 1.2 1.1 -0.7
v 1.2 1.2 0.5
v 1.2 1.2 0.3
v 1.2 1.2 -0.4
v 1.2 1.2 -0.6
v 1.2 1.4 0.3
v 1.2 1.4 -0.4
v 1.3 0 2.4
v 1.3 0 2.3
v 1.3 0 -2.4
v 1.3 0 -2.5
v 1.3 0.2 2.2
v 1.3 0.2 2.1
v 1.3 0.2 -2.2
v 1.3 0.2 -2.3
v 1.3 0.3 2.4
v 1.3 0.3 2.3
v 1.3 0.3 2.2
v 1.3 0.3 2.1
v 1.3 0.3 2
v 1.3 0.3 1.9
v 1.3 0.3 -2
v 1.3 0.3 -2.1
v 1.3 0.3 -2.2
v 1.3 0.3 -2.3
v 1.3 0.3 -2.4
v 1.3 0.3 -2.5
v 1.3 0.4 2
v 1.3 0.4 1.9
v 1.3 0.4 -2
v 1.3 0.4 -2.1
v 1.3 0.5 1.7
v 1.3 0.5 1.6
v 1.3 0.5 -1.7
v 1.3 0.5 -1.8
v 1.3 0.6 1.7
v 1.3 0.6 1.6
v 1.3 0.6 1.2
v 1.3 0.6 1.1
v 1.3 0.6 0.9
v 1.3 0.6 0.8
v 1.3 0.6 -0.9
v 1.3 0.6 -1
v 1.3 0.6 -1.2
v 1.3 0.6 -1.3
v 1.3 0.6 -1.7
v 1.3 0.6 -1.8
v 1.3 0.7 1.2
v 1.3 0.7 1.1
v 1.3 0.7 0.9
v 1.3 0.7 0.8
v 1.3 0.7 0.7
v 1.3 0.7 -0.8
v 1.3 0.7 -0.9
v 1.3 0.7 -1
v 1.3 0.7 -1.2
v 1.3 0.7 -1.3
v 1.3 0.8 0.8
v 1.3 0.8 0.7
v 1.3 0.8 0.6
v 1.3 0.8 -0.7
v 1.3 0.8 -0.8
v 1.3 0.8 -0.9
v 1.3 0.9 0.7
v 1.3 0.9 0.6
v 1.3 0.9 0.5
v 1.3 0.9 -0.6
v 1.3 0.9 -0.7
v 1.3 0.9 -0.8
v 1.3 1 0.6
v 1.3 1 0.5
v 1.3 1 0.3
v 1.3 1 -0.4
v 1.3 1 -0.6
v 1.3 1 -0.7
v 1.3 1.1 0.5
v 1.3 1.1 0.3
v 1.3 1.1 -0.4
v 1.3 1.1 -0.6
v 1.3 1.2 0.3
v 1.3 1.2 -0.4
v 1.4 0.4 1.8
v 1.4 0.4 1.7
v 1.4 0.4 -1.8
v 1.4 0.4 -1.9
v 1.4 0.5 1.8
v 1.4 0.5 1.7
v 1.4 0.5 -1.8
v 1.4 0.5 -1.9
v 1.4 0.6 1.3
v 1.4 0.6 1.2
v 1.4 0.6 0.8
v 1.4 0.6 0.7
v 1.4 0.6 -0.8
v 1.4 0.6 -0.9
v 1.4 0.6 -1.3
v 1.4 0.6 -1.4
v 1.4 0.7 1.3
v 1.4 0.7 1.2
v 1.4 0.7 0.8
v 1.4 0.7 0.7
v 1.4 0.7 0.6
v 1.4 0.7 -0.7
v 1.4 0.7 -0.8
v 1.4 0.7 -0.9
v 1.4 0.7 -1.3
v 1.4 0.7 -1.4
v 1.4 0.8 0.7
v 1.4 0.8 0.6
v 1.4 0.8 0.5
v 1.4 0.8 -0.6
v 1.4 0.8 -0.7
v 1.4 0.8 -0.8
v 1.4 0.9 0.6
v 1.4 0.9 0.5
v 1.4 0.9 0.3
v 1.4 0.9 -0.4
v 1.4 0.9 -0.6
v 1.4 0.9 -0.7
v 1.4 1 0.5
v 1.4 1 0.3
v 1.4 1 -0.4
v 1.4 1 -0.6
v 1.4 1.1 0.3
v 1.4 1.1 -0.4
v 1.5 0 2.3
v 1.5 0 2.2
v 1.5 0 -2.3
v 1.5 0 -2.4
v 1.5 0.2 2.1
v 1.5 0.2 2
v 1.5 0.2 -2.1
v 1.5 0.2 -2.2
v 1.5 0.3 2.3
v 1.5 0.3 2.2
v 1.5 0.3 2.1
v 1.5 0.3 2
v 1.5 0.3 1.9
v 1.5 0.3 1.7
v 1.5 0.3 -1.8
v 1.5 0.3 -2
v 1.5 0.3 -2.1
v 1.5 0.3 -2.2
v 1.5 0.3 -2.3
v 1.5 0.3 -2.4
v 1.5 0.4 1.9
v 1.5 0.4 1.7
v 1.5 0.4 -1.8
v 1.5 0.4 -2
v 1.5 0.5 0.8
v 1.5 0.5 0.7
v 1.5 0.5 -0.8
v 1.5 0.5 -0.9
v 1.5 0.6 1.5
v 1.5 0.6 1.4
v 1.5 0.6 1.3
v 1.5 0.6 0.8
v 1.5 0.6 0.7
v 1.5 0.6 -0.8
v 1.5 0.6 -0.9
v 1.5 0.6 -1.4
v 1.5 0.6 -1.5
v 1.5 0.6 -1.6
v 1.5 0.7 1.5
v 1.5 0.7 1.3
v 1.5 0.7 0.6
v 1.5 0.7 0.5
v 1.5 0.7 -0.6
v 1.5 0.7 -0.7
v 1.5 0.7 -1.4
v 1.5 0.7 -1.6
v 1.5 0.8 0.6
v 1.5 0.8 0.5
v 1.5 0.8 0.4
v 1.5 0.8 0.3
v 1.5 0.8 -0.4
v 1.5 0.8 -0.5
v 1.5 0.8 -0.6
v 1.5 0.8 -0.7
v 1.5 0.9 0.5
v 1.5 0.9 0.3
v 1.5 0.9 -0.4
v 1.5 0.9 -0.6
v 1.5 1 0.3
v 1.5 1 -0.4
v 1.6 0 2.2
v 1.6 0 2.1
v 1.6 0 -2.2
v 1.6 0 -2.3
v 1.6 0.1 2.1
v 1.6 0.1 -2.2
v 1.6 0.2 1.7
v 1.6 0.2 1.6
v 1.6 0.2 -1.7
v 1.6 0.2 -1.8
v 1.6 0.3 2.2
v 1.6 0.3 2.1
v 1.6 0.3 1.7
v 1.6 0.3 1.6
v 1.6 0.3 -1.8
v 1.6 0.3 -2.2
v 1.6 0.3 -2.3
v 1.6 0.4 -1.7
v 1.6 0.4 -1.8
v 1.6 0.5 1.6
v 1.6 0.5 1.5
v 1.6 0.5 1.4
v 1.6 0.5 1.3
v 1.6 0.5 0.7
v 1.6 0.5 0.6
v 1.6 0.5 -0.7
v 1.6 0.5 -0.8
v 1.6 0.5 -1.4
v 1.6 0.5 -1.5
v 1.6 0.5 -1.6
v 1.6 0.5 -1.7
v 1.6 0.6 1.6
v 1.6 0.6 1.4
v 1.6 0.6 1.3
v 1.6 0.6 0.7
v 1.6 0.6 0.6
v 1.6 0.6 -0.7
v 1.6 0.6 -0.8
v 1.6 0.6 -1.4
v 1.6 0.6 -1.5
v 1.6 0.6 -1.7
v 1.6 0.7 0.5
v 1.6 0.7 0.4
v 1.6 0.7 0.3
v 1.6 0.7 -0.4
v 1.6 0.7 -0.5
v 1.6 0.7 -0.6
v 1.6 0.8 0.5
v 1.6 0.8 0.4
v 1.6 0.8 0.3
v 1.6 0.8 -0.4
v 1.6 0.8 -0.5
v 1.6 0.8 -0.6
v 1.6 0.9 0.3
v 1.6 0.9 -0.4
v 1.7 0.1 2.1
v 1.7 0.1 2
v 1.7 0.1 -2.1
v 1.7 0.1 -2.2
v 1.7 0.2 2
v 1.7 0.2 1.9
v 1.7 0.2 1.8
v 1.7 0.2 -1.8
v 1.7 0.2 -2
v 1.7 0.2 -2.1
v 1.7 0.3 1.9
v 1.7 0.3 1.8
v 1.7 0.3 1.7
v 1.7 0.3 1.6
v 1.7 0.3 1.5
v 1.7 0.3 -1.6
v 1.7 0.3 -1.7
v 1.7 0.3 -1.8
v 1.7 0.3 -1.9
v 1.7 0.3 -2
v 1.7 0.4 2.1
v 1.7 0.4 2
v 1.7 0.4 1.7
v 1.7 0.4 1.6
v 1.7 0.4 1.5
v 1.7 0.4 1.4
v 1.7 0.4 -1.5
v 1.7 0.4 -1.6
v 1.7 0.4 -1.7
v 1.7 0.4 -2.1
v 1.7 0.4 -2.2
v 1.7 0.5 1.6
v 1.7 0.5 1.5
v 1.7 0.5 1.4
v 1.7 0.5 1.3
v 1.7 0.5 1.2
v 1.7 0.5 0.6
v 1.7 0.5 0.5
v 1.7 0.5 -0.6
v 1.7 0.5 -0.7
v 1.7 0.5 -1.3
v 1.7 0.5 -1.4
v 1.7 0.5 -1.5
v 1.7 0.5 -1.6
v 1.7 0.5 -1.7
v 1.7 0.6 1.3
v 1.7 0.6 1.2
v 1.7 0.6 0.6
v 1.7 0.6 0.5
v 1.7 0.6 -0.6
v 1.7 0.6 -0.7
v 1.7 0.6 -1.3
v 1.7 0.6 -1.4
v 1.7 0.7 0.3
v 1.7 0.7 -0.4
v 1.7 0.8 0.3
v 1.7 0.8 -0.4
v 1.8 0.2 2
v 1.8 0.2 1.9
v 1.8 0.2 1.8
v 1.8 0.2 1.7
v 1.8 0.2 -2
v 1.8 0.2 -2.1
v 1.8 0.3 1.8
v 1.8 0.3 1.7
v 1.8 0.4 1.8
v 1.8 0.4 1.7
v 1.8 0.4 1.6
v 1.8 0.4 1.4
v 1.8 0.4 1.2
v 1.8 0.4 -1.3
v 1.8 0.4 -1.5
v 1.8 0.4 -1.7
v 1.8 0.4 -1.8
v 1.8 0.4 -1.9
v 1.8 0.5 2
v 1.8 0.5 1.9
v 1.8 0.5 1.8
v 1.8 0.5 1.6
v 1.8 0.5 1.4
v 1.8 0.5 1.2
v 1.8 0.5 1.1
v 1.8 0.5 -1.2
v 1.8 0.5 -1.3
v 1.8 0.5 -1.5
v 1.8 0.5 -1.7
v 1.8 0.5 -1.9
v 1.8 0.5 -2
v 1.8 0.5 -2.1
v 1.8 0.6 1.2
v 1.8 0.6 1.1
v 1.8 0.6 0.4
v 1.8 0.6 -0.5
v 1.8 0.6 -1.2
v 1.8 0.6 -1.3
v 1.8 0.7 0.4
v 1.8 0.7 -0.5
v 1.9 0.2 1.9
v 1.9 0.2 1.8
v 1.9 0.2 -1.9
v 1.9 0.2 -2
v 1.9 0.3 1.5
v 1.9 0.3 1.3
v 1.9 0.3 -1.4
v 1.9 0.3 -1.6
v 1.9 0.4 1.5
v 1.9 0.4 1.3
v 1.9 0.4 -1.4
v 1.9 0.4 -1.6
v 1.9 0.5 1.9
v 1.9 0.5 1.8
v 1.9 0.5 1.1
v 1.9 0.5 0.8
v 1.9 0.5 0.3
v 1.9 0.5 -0.4
v 1.9 0.5 -0.9
v 1.9 0.5 -1.2
v 1.9 0.5 -1.9
v 1.9 0.5 -2
v 1.9 0.6 1.1
v 1.9 0.6 0.8
v 1.9 0.6 0.5
v 1.9 0.6 0.4
v 1.9 0.6 0.3
v 1.9 0.6 -0.4
v 1.9 0.6 -0.5
v 1.9 0.6 -0.6
v 1.9 0.6 -0.9
v 1.9 0.6 -1.2
v 1.9 0.7 0.5
v 1.9 0.7 0.4
v 1.9 0.7 -0.5
v 1.9 0.7 -0.6
v 2 0.2 1.8
v 2 0.2 1.7
v 2 0.2 1.6
v 2 0.2 1.5
v 2 0.2 -1.6
v 2 0.2 -1.7
v 2 0.2 -1.8
v 2 0.2 -1.9
v 2 0.3 1.6
v 2 0.3 1.5
v 2 0.3 1.3
v 2 0.3 1.2
v 2 0.3 -1.3
v 2 0.3 -1.4
v 2 0.3 -1.6
v 2 0.3 -1.7
v 2 0.4 1.7
v 2 0.4 1.3
v 2 0.4 1.2
v 2 0.4 1.1
v 2 0.4 -1.2
v 2 0.4 -1.3
v 2 0.4 -1.4
v 2 0.4 -1.8
v 2 0.5 1.8
v 2 0.5 1.7
v 2 0.5 1.2
v 2 0.5 1.1
v 2 0.5 0.4
v 2 0.5 0.3
v 2 0.5 -0.4
v 2 0.5 -0.5
v 2 0.5 -1.2
v 2 0.5 -1.3
v 2 0.5 -1.8
v 2 0.5 -1.9
v 2 0.6 0.8
v 2 0.6 0.5
v 2 0.6 0.4
v 2 0.6 0.3
v 2 0.6 -0.4
v 2 0.6 -0.5
v 2 0.6 -0.6
v 2 0.6 -0.9
v 2 0.7 0.8
v 2 0.7 0.5
v 2 0.7 -0.6
v 2 0.7 -0.9
v 2.1 0.1 1.7
v 2.1 0.1 1.6
v 2.1 0.1 -1.7
v 2.1 0.1 -1.8
v 2.1 0.2 1.5
v 2.1 0.2 1.3
v 2.1 0.2 -1.4
v 2.1 0.2 -1.6
v 2.1 0.3 1.6
v 2.1 0.3 1.5
v 2.1 0.3 1.3
v 2.1 0.3 -1.4
v 2.1 0.3 -1.6
v 2.1 0.3 -1.7
v 2.1 0.4 1.7
v 2.1 0.4 1.6
v 2.1 0.4 1.1
v 2.1 0.4 0.8
v 2.1 0.4 0.2
v 2.1 0.4 -0.3
v 2.1 0.4 -0.9
v 2.1 0.4 -1.2
v 2.1 0.4 -1.7
v 2.1 0.4 -1.8
v 2.1 0.5 1.1
v 2.1 0.5 0.8
v 2.1 0.5 0.6
v 2.1 0.5 0.5
v 2.1 0.5 0.4
v 2.1 0.5 0.2
v 2.1 0.5 -0.3
v 2.1 0.5 -0.5
v 2.1 0.5 -0.6
v 2.1 0.5 -0.7
v 2.1 0.5 -0.9
v 2.1 0.5 -1.2
v 2.1 0.6 0.8
v 2.1 0.6 0.5
v 2.1 0.6 0.4
v 2.1 0.6 -0.5
v 2.1 0.6 -0.6
v 2.1 0.6 -0.9
v 2.2 0 1.6
v 2.2 0 1.5
v 2.2 0 -1.6
v 2.2 0 -1.7
v 2.2 0.2 1.3
v 2.2 0.2 1.2
v 2.2 0.2 -1.3
v 2.2 0.2 -1.4
v 2.2 0.3 1.6
v 2.2 0.3 1.5
v 2.2 0.3 1.3
v 2.2 0.3 1.2
v 2.2 0.3 -1.3
v 2.2 0.3 -1.4
v 2.2 0.3 -1.6
v 2.2 0.3 -1.7
v 2.2 0.4 0.3
v 2.2 0.4 0.2
v 2.2 0.4 -0.3
v 2.2 0.4 -0.4
v 2.2 0.5 0.3
v 2.2 0.5 0.2
v 2.2 0.5 -0.3
v 2.2 0.5 -0.4
v 2.3 0 1.5
v 2.3 0 1.3
v 2.3 0 -1.4
v 2.3 0 -1.6
v 2.3 0.3 1.5
v 2.3 0.3 1.3
v 2.3 0.3 -1.4
v 2.3 0.3 -1.6
v 2.3 0.4 0.4
v 2.3 0.4 0.3
v 2.3 0.4 -0.4
v 2.3 0.4 -0.5
v 2.3 0.5 0.4
v 2.3 0.5 0.3
v 2.3 0.5 -0.4
v 2.3 0.5 -0.5
v 2.4 0 1.3
v 2.4 0 1.2
v 2.4 0 -1.3
v 2.4 0 -1.4
v 2.4 0.1 1.2
v 2.4 0.1 1.1
v 2.4 0.1 -1.2
v 2.4 0.1 -1.3
v 2.4 0.3 1.3
v 2.4 0.3 1.2
v 2.4 0.3 0.3
v 2.4 0.3 -0.4
v 2.4 0.3 -1.3
v 2.4 0.3 -1.4
v 2.4 0.4 1.2
v 2.4 0.4 1.1
v 2.4 0.4 0.8
v 2.4 0.4 0.6
v 2.4 0.4 0.4
v 2.4 0.4 0.3
v 2.4 0.4 -0.4
v 2.4 0.4 -0.5
v 2.4 0.4 -0.7
v 2.4 0.4 -0.9
v 2.4 0.4 -1.2
v 2.4 0.4 -1.3
v 2.4 0.5 0.8
v 2.4 0.5 0.6
v 2.4 0.5 0.4
v 2.4 0.5 -0.5
v 2.4 0.5 -0.7
v 2.4 0.5 -0.9
v 2.5 0.1 1.1
v 2.5 0.1 0.8
v 2.5 0.1 -0.9
v 2.5 0.1 -1.2
v 2.5 0.2 0.8
v 2.5 0.2 -0.9
v 2.5 0.3 0.4
v 2.5 0.3 0.3
v 2.5 0.3 -0.4
v 2.5 0.3 -0.5
v 2.5 0.4 1.1
v 2.5 0.4 0.8
v 2.5 0.4 0.4
v 2.5 0.4 0.3
v 2.5 0.4 -0.4
v 2.5 0.4 -0.5
v 2.5 0.4 -0.9
v 2.5 0.4 -1.2
v 2.6 0.2 0.8
v 2.6 0.2 0.5
v 2.6 0.2 -0.6
v 2.6 0.2 -0.9
v 2.6 0.4 0.5
v 2.6 0.4 -0.6
v 2.6 0.5 0.8
v 2.6 0.5 0.5
v 2.6 0.5 -0.6
v 2.6 0.5 -0.9
v 2.7 0 0.0999999
v 2.7 0 0
v 2.7 0 -0.1
v 2.7 0 -0.2
v 2.7 0.1 0.5
v 2.7 0.1 0.0999999
v 2.7 0.1 0
v 2.7 0.1 -0.1
v 2.7 0.1 -0.2
v 2.7 0.1 -0.6
v 2.7 0.3 0.0999999
v 2.7 0.3 -0.2
v 2.7 0.4 0.5
v 2.7 0.4 0.0999999
v 2.7 0.4 -0.2
v 2.7 0.4 -0.6
v -0.6 0.1 2.7
v -0.6 0.4 2.7
v -0.2 0 2.7
v -0.2 0.1 2.7
v -0.2 0.3 2.7
v -0.2 0.4 2.7
v -0.0999999 0 2.7
v -0.0999999 0.1 2.7
v 2.38419e-07 0 2.7
v 2.38419e-07 0.1 2.7
v 0.1 0 2.7
v 0.1 0.1 2.7
v 0.1 0.3 2.7
v 0.1 0.4 2.7
v 0.5 0.1 2.7
v 0.5 0.4 2.7
v -0.9 0.2 2.6
v -0.9 0.5 2.6
v -0.6 0.2 2.6
v -0.6 0.4 2.6
v -0.5 0.4 2.6
v -0.5 0.5 2.6
v 0.3 0.4 2.6
v 0.3 0.5 2.6
v 0.5 0.2 2.6
v 0.5 0.4 2.6
v 0.8 0.2 2.6
v 0.8 0.5 2.6
v -1.2 0.1 2.5
v -1.2 0.5 2.5
v -0.9 0.1 2.5
v -0.9 0.2 2.5
v -0.9 0.5 2.5
v -0.0999999 0.3 2.5
v -0.0999999 0.4 2.5
v 2.38419e-07 0.3 2.5
v 2.38419e-07 0.4 2.5
v 0.8 0.1 2.5
v 0.8 0.2 2.5
v 0.8 0.4 2.5
v 1.1 0.1 2.5
v 1.1 0.4 2.5
v -1.4 0 2.4
v -1.4 0.3 2.4
v -1.3 0 2.4
v -1.3 0.1 2.4
v -1.3 0.3 2.4
v -1.3 0.5 2.4
v -1.2 0.1 2.4
v -1.2 0.5 2.4
v -0.9 0.4 2.4
v -0.9 0.5 2.4
v -0.6 0.4 2.4
v -0.6 0.5 2.4
v -0.5 0.3 2.4
v -0.5 0.4 2.4
v -0.0999999 0.3 2.4
v -0.0999999 0.4 2.4
v 2.38419e-07 0.3 2.4
v 2.38419e-07 0.4 2.4
v 0.3 0.3 2.4
v 0.3 0.4 2.4
v 0.5 0.4 2.4
v 0.5 0.5 2.4
v 0.8 0.4 2.4
v 0.8 0.5 2.4
v 1.1 0.1 2.4
v 1.1 0.4 2.4
v 1.2 0 2.4
v 1.2 0.1 2.4
v 1.2 0.3 2.4
v 1.2 0.4 2.4
v 1.3 0 2.4
v 1.3 0.3 2.4
v -1.6 0 2.3
v -1.6 0.3 2.3
v -1.4 0 2.3
v -1.4 0.3 2.3
v -0.6 0.4 2.3
v -0.6 0.5 2.3
v -0.5 0.4 2.3
v -0.5 0.5 2.3
v 0.4 0.4 2.3
v 0.4 0.5 2.3
v 0.5 0.4 2.3
v 0.5 0.5 2.3
v 1.3 0 2.3
v 1.3 0.3 2.3
v 1.5 0 2.3
v 1.5 0.3 2.3
v -1.7 0 2.2
v -1.7 0.3 2.2
v -1.6 0 2.2
v -1.6 0.3 2.2
v -1.4 0.2 2.2
v -1.4 0.3 2.2
v -1.3 0.2 2.2
v -1.3 0.3 2.2
v -0.5 0.4 2.2
v -0.5 0.5 2.2
v -0.4 0.4 2.2
v -0.4 0.5 2.2
v -0.0999999 0.4 2.2
v -0.0999999 0.5 2.2
v 2.38419e-07 0.4 2.2
v 2.38419e-07 0.5 2.2
v 0.3 0.4 2.2
v 0.3 0.5 2.2
v 0.4 0.4 2.2
v 0.4 0.5 2.2
v 1.2 0.2 2.2
v 1.2 0.3 2.2
v 1.3 0.2 2.2
v 1.3 0.3 2.2
v 1.5 0 2.2
v 1.5 0.3 2.2
v 1.6 0 2.2
v 1.6 0.3 2.2
v -1.8 0.1 2.1
v -1.8 0.4 2.1
v -1.7 0.1 2.1
v -1.7 0.3 2.1
v -1.7 0.4 2.1
v -1.6 0.2 2.1
v -1.6 0.3 2.1
v -1.4 0.2 2.1
v -1.4 0.3 2.1
v -1.2 0.4 2.1
v -1.2 0.5 2.1
v -0.9 0.4 2.1
v -0.9 0.5 2.1
v -0.9 0.6 2.1
v -0.5 0.5 2.1
v -0.5 0.6 2.1
v -0.4 0.4 2.1
v -0.4 0.5 2.1
v -0.0999999 0.4 2.1
v -0.0999999 0.5 2.1
v 2.38419e-07 0.4 2.1
v 2.38419e-07 0.5 2.1
v 0.3 0.4 2.1
v 0.3 0.5 2.1
v 0.4 0.5 2.1
v 0.4 0.6 2.1
v 0.8 0.4 2.1
v 0.8 0.5 2.1
v 0.8 0.6 2.1
v 1.1 0.4 2.1
v 1.1 0.5 2.1
v 1.3 0.2 2.1
v 1.3 0.3 2.1
v 1.5 0.2 2.1
v 1.5 0.3 2.1
v 1.6 0.1 2.1
v 1.6 0.3 2.1
v 1.6 0.4 2.1
v 1.7 0.1 2.1
v 1.7 0.4 2.1
v -1.9 0.2 2
v -1.9 0.5 2
v -1.8 0.2 2
v -1.8 0.4 2
v -1.8 0.5 2
v -1.7 0.2 2
v -1.7 0.3 2
v -1.6 0.2 2
v -1.6 0.3 2
v -1.4 0.3 2
v -1.4 0.4 2
v -1.3 0.3 2
v -1.3 0.4 2
v -1.3 0.5 2
v -1.2 0.4 2
v -1.2 0.5 2
v -0.9 0.6 2
v -0.9 0.7 2
v -0.6 0.6 2
v -0.6 0.7 2
v -0.5 0.5 2
v -0.5 0.6 2
v -0.4 0.5 2
v -0.4 0.6 2
v -0.0999999 0.5 2
v -0.0999999 0.6 2
v 2.38419e-07 0.5 2
v 2.38419e-07 0.6 2
v 0.3 0.5 2
v 0.3 0.6 2
v 0.4 0.5 2
v 0.4 0.6 2
v 0.5 0.6 2
v 0.5 0.7 2
v 0.8 0.6 2
v 0.8 0.7 2
v 1.1 0.4 2
v 1.1 0.5 2
v 1.2 0.3 2
v 1.2 0.4 2
v 1.2 0.5 2
v 1.3 0.3 2
v 1.3 0.4 2
v 1.5 0.2 2
v 1.5 0.3 2
v 1.6 0.2 2
v 1.6 0.3 2
v 1.7 0.2 2
v 1.7 0.4 2
v 1.7 0.5 2
v 1.8 0.2 2
v 1.8 0.5 2
v -2 0.2 1.9
v -2 0.5 1.9
v -1.9 0.2 1.9
v -1.9 0.5 1.9
v -1.6 0.3 1.9
v -1.6 0.4 1.9
v -1.4 0.3 1.9
v -1.4 0.4 1.9
v -1.2 0.5 1.9
v -1.2 0.6 1.9
v -0.9 0.5 1.9
v -0.9 0.6 1.9
v -0.4 0.5 1.9
v -0.4 0.6 1.9
v -0.0999999 0.5 1.9
v -0.0999999 0.6 1.9
v -0.0999999 0.7 1.9
v 2.38419e-07 0.5 1.9
v 2.38419e-07 0.6 1.9
v 2.38419e-07 0.7 1.9
v 0.3 0.5 1.9
v 0.3 0.6 1.9
v 0.8 0.5 1.9
v 0.8 0.6 1.9
v 1.1 0.5 1.9
v 1.1 0.6 1.9
v 1.3 0.3 1.9
v 1.3 0.4 1.9
v 1.5 0.3 1.9
v 1.5 0.4 1.9
v 1.8 0.2 1.9
v 1.8 0.5 1.9
v 1.9 0.2 1.9
v 1.9 0.5 1.9
v -2.1 0.2 1.8
v -2.1 0.5 1.8
v -2 0.2 1.8
v -2 0.5 1.8
v -1.9 0.4 1.8
v -1.9 0.5 1.8
v -1.8 0.3 1.8
v -1.8 0.4 1.8
v -1.7 0.3 1.8
v -1.7 0.5 1.8
v -1.5 0.4 1.8
v -1.5 0.5 1.8
v -1.3 0.4 1.8
v -1.3 0.5 1.8
v -1.3 0.6 1.8
v -1.2 0.5 1.8
v -1.2 0.6 1.8
v -0.6 0.6 1.8
v -0.6 0.7 1.8
v -0.5 0.6 1.8
v -0.5 0.7 1.8
v -0.4 0.6 1.8
v -0.4 0.7 1.8
v -0.0999999 0.6 1.8
v -0.0999999 0.7 1.8
v 2.38419e-07 0.6 1.8
v 2.38419e-07 0.7 1.8
v 0.3 0.6 1.8
v 0.3 0.7 1.8
v 0.4 0.6 1.8
v 0.4 0.7 1.8
v 0.5 0.6 1.8
v 0.5 0.7 1.8
v 1.1 0.5 1.8
v 1.1 0.6 1.8
v 1.2 0.4 1.8
v 1.2 0.5 1.8
v 1.2 0.6 1.8
v 1.4 0.4 1.8
v 1.4 0.5 1.8
v 1.6 0.3 1.8
v 1.6 0.5 1.8
v 1.7 0.2 1.8
v 1.7 0.3 1.8
v 1.7 0.4 1.8
v 1.8 0.2 1.8
v 1.8 0.3 1.8
v 1.8 0.4 1.8
v 1.8 0.5 1.8
v 1.9 0.2 1.8
v 1.9 0.5 1.8
v 2 0.2 1.8
v 2 0.5 1.8
v -2.2 0.1 1.7
v -2.2 0.4 1.7
v -2.1 0.1 1.7
v -2.1 0.2 1.7
v -2.1 0.4 1.7
v -2 0.2 1.7
v -2 0.3 1.7
v -1.9 0.3 1.7
v -1.9 0.4 1.7
v -1.8 0.2 1.7
v -1.8 0.4 1.7
v -1.7 0.3 1.7
v -1.7 0.5 1.7
v -1.6 0.3 1.7
v -1.6 0.4 1.7
v -1.6 0.5 1.7
v -1.5 0.4 1.7
v -1.5 0.5 1.7
v -1.4 0.5 1.7
v -1.4 0.6 1.7
v -1.3 0.5 1.7
v -1.3 0.6 1.7
v -0.5 0.6 1.7
v -0.5 0.7 1.7
v -0.4 0.6 1.7
v -0.4 0.7 1.7
v -0.4 0.8 1.7
v 2.38419e-07 0.7 1.7
v 2.38419e-07 0.8 1.7
v 0.3 0.6 1.7
v 0.3 0.7 1.7
v 0.3 0.8 1.7
v 0.4 0.6 1.7
v 0.4 0.7 1.7
v 0.5 0.5 1.7
v 0.5 0.6 1.7
v 0.6 0.5 1.7
v 0.6 0.6 1.7
v 1.2 0.5 1.7
v 1.2 0.6 1.7
v 1.3 0.5 1.7
v 1.3 0.6 1.7
v 1.4 0.4 1.7
v 1.4 0.5 1.7
v 1.5 0.3 1.7
v 1.5 0.4 1.7
v 1.6 0.3 1.7
v 1.6 0.5 1.7
v 1.8 0.2 1.7
v 1.8 0.3 1.7
v 1.9 0.2 1.7
v 1.9 0.3 1.7
v 2 0.1 1.7
v 2 0.2 1.7
v 2 0.4 1.7
v 2.1 0.1 1.7
v 2.1 0.4 1.7
v -2.3 0 1.6
v -2.3 0.3 1.6
v -2.2 0 1.6
v -2.2 0.1 1.6
v -2.2 0.3 1.6
v -1.7 0.5 1.6
v -1.7 0.6 1.6
v -1.6 0.5 1.6
v -1.5 0.5 1.6
v -1.5 0.6 1.6
v -1.4 0.5 1.6
v -1.4 0.6 1.6
v -0.8 0.5 1.6
v -0.8 0.6 1.6
v -0.7 0.5 1.6
v -0.7 0.6 1.6
v -0.6 0.7 1.6
v -0.6 0.8 1.6
v -0.4 0.7 1.6
v -0.4 0.8 1.6
v -0.4 0.9 1.6
v 2.38419e-07 0.8 1.6
v 2.38419e-07 0.9 1.6
v 0.3 0.7 1.6
v 0.3 0.8 1.6
v 0.3 0.9 1.6
v 0.5 0.7 1.6
v 0.5 0.8 1.6
v 0.6 0.5 1.6
v 0.6 0.6 1.6
v 0.7 0.5 1.6
v 0.7 0.6 1.6
v 1.3 0.5 1.6
v 1.3 0.6 1.6
v 1.6 0.2 1.6
v 1.6 0.3 1.6
v 1.6 0.5 1.6
v 1.6 0.6 1.6
v 1.7 0.2 1.6
v 1.7 0.3 1.6
v 2.1 0 1.6
v 2.1 0.1 1.6
v 2.1 0.3 1.6
v 2.2 0 1.6
v 2.2 0.3 1.6
v -2.4 0 1.5
v -2.4 0.3 1.5
v -2.3 0 1.5
v -2.3 0.3 1.5
v -2.2 0.2 1.5
v -2.2 0.3 1.5
v -2.1 0.2 1.5
v -2.1 0.3 1.5
v -2 0.3 1.5
v -2 0.4 1.5
v -1.8 0.3 1.5
v -1.8 0.4 1.5
v -1.6 0.6 1.5
v -1.6 0.7 1.5
v -1.5 0.6 1.5
v -1.4 0.6 1.5
v -1.4 0.7 1.5
v -0.9 0.5 1.5
v -0.9 0.6 1.5
v -0.8 0.5 1.5
v -0.8 0.6 1.5
v -0.7 0.7 1.5
v -0.7 0.8 1.5
v -0.6 0.7 1.5
v -0.6 0.8 1.5
v -0.6 0.9 1.5
v -0.4 0.8 1.5
v -0.4 0.9 1.5
v -0.4 1 1.5
v 2.38419e-07 0.9 1.5
v 2.38419e-07 1 1.5
v 0.3 0.8 1.5
v 0.3 0.9 1.5
v 0.3 1 1.5
v 0.5 0.7 1.5
v 0.5 0.8 1.5
v 0.5 0.9 1.5
v 0.6 0.7 1.5
v 0.6 0.8 1.5
v 0.7 0.5 1.5
v 0.7 0.6 1.5
v 0.8 0.5 1.5
v 0.8 0.6 1.5
v 1.3 0.6 1.5
v 1.3 0.7 1.5
v 1.5 0.6 1.5
v 1.5 0.7 1.5
v 1.7 0.3 1.5
v 1.7 0.4 1.5
v 1.9 0.3 1.5
v 1.9 0.4 1.5
v 2 0.2 1.5
v 2 0.3 1.5
v 2.1 0.2 1.5
v 2.1 0.3 1.5
v 2.2 0 1.5
v 2.2 0.3 1.5
v 2.3 0 1.5
v 2.3 0.3 1.5
v -1.9 0.4 1.4
v -1.9 0.5 1.4
v -1.8 0.4 1.4
v -1.8 0.5 1.4
v -1.4 0.6 1.4
v -1.4 0.7 1.4
v -1.3 0.6 1.4
v -1.3 0.7 1.4
v -0.9 0.6 1.4
v -0.9 0.7 1.4
v -0.8 0.6 1.4
v -0.8 0.7 1.4
v -0.8 0.8 1.4
v -0.7 0.7 1.4
v -0.7 0.8 1.4
v -0.7 0.9 1.4
v -0.6 0.8 1.4
v -0.6 0.9 1.4
v -0.6 1 1.4
v -0.4 0.9 1.4
v -0.4 1 1.4
v -0.4 1.1 1.4
v -0.0999999 1.1 1.4
v -0.0999999 1.2 1.4
v 2.38419e-07 1 1.4
v 2.38419e-07 1.1 1.4
v 2.38419e-07 1.2 1.4
v 0.3 0.9 1.4
v 0.3 1 1.4
v 0.3 1.1 1.4
v 0.5 0.8 1.4
v 0.5 0.9 1.4
v 0.5 1 1.4
v 0.6 0.7 1.4
v 0.6 0.8 1.4
v 0.6 0.9 1.4
v 0.7 0.6 1.4
v 0.7 0.7 1.4
v 0.7 0.8 1.4
v 0.8 0.6 1.4
v 0.8 0.7 1.4
v 1.2 0.6 1.4
v 1.2 0.7 1.4
v 1.3 0.6 1.4
v 1.3 0.7 1.4
v 1.7 0.4 1.4
v 1.7 0.5 1.4
v 1.8 0.4 1.4
v 1.8 0.5 1.4
v -2.5 0 1.3
v -2.5 0.3 1.3
v -2.4 0 1.3
v -2.4 0.3 1.3
v -2.3 0.2 1.3
v -2.3 0.3 1.3
v -2.2 0.2 1.3
v -2.2 0.3 1.3
v -2.1 0.3 1.3
v -2.1 0.4 1.3
v -2 0.3 1.3
v -2 0.4 1.3
v -1.8 0.5 1.3
v -1.8 0.6 1.3
v -1.7 0.5 1.3
v -1.7 0.6 1.3
v -1.3 0.6 1.3
v -1.3 0.7 1.3
v -1.2 0.6 1.3
v -1.2 0.7 1.3
v -1 0.6 1.3
v -1 0.7 1.3
v -0.9 0.6 1.3
v -0.9 0.7 1.3
v -0.9 0.8 1.3
v -0.8 0.7 1.3
v -0.8 0.8 1.3
v -0.8 0.9 1.3
v -0.7 0.8 1.3
v -0.7 0.9 1.3
v -0.7 1 1.3
v -0.6 0.9 1.3
v -0.6 1 1.3
v -0.6 1.1 1.3
v -0.4 1 1.3
v -0.4 1.1 1.3
v -0.4 1.2 1.3
v -0.0999999 1.1 1.3
v -0.0999999 1.2 1.3
v -0.0999999 1.4 1.3
v 2.38419e-07 1.1 1.3
v 2.38419e-07 1.2 1.3
v 2.38419e-07 1.4 1.3
v 0.3 1 1.3
v 0.3 1.1 1.3
v 0.3 1.2 1.3
v 0.5 0.9 1.3
v 0.5 1 1.3
v 0.5 1.1 1.3
v 0.6 0.8 1.3
v 0.6 0.9 1.3
v 0.6 1 1.3
v 0.7 0.7 1.3
v 0.7 0.8 1.3
v 0.7 0.9 1.3
v 0.8 0.6 1.3
v 0.8 0.7 1.3
v 0.8 0.8 1.3
v 0.9 0.6 1.3
v 0.9 0.7 1.3
v 1.1 0.6 1.3
v 1.1 0.7 1.3
v 1.2 0.6 1.3
v 1.2 0.7 1.3
v 1.6 0.5 1.3
v 1.6 0.6 1.3
v 1.7 0.5 1.3
v 1.7 0.6 1.3
v 1.9 0.3 1.3
v 1.9 0.4 1.3
v 2 0.3 1.3
v 2 0.4 1.3
v 2.1 0.2 1.3
v 2.1 0.3 1.3
v 2.2 0.2 1.3
v 2.2 0.3 1.3
v 2.3 0 1.3
v 2.3 0.3 1.3
v 2.4 0 1.3
v 2.4 0.3 1.3
v -2.5 0.3 1.2
v -2.5 0.5 1.2
v -2.4 0.2 1.2
v -2.4 0.3 1.2
v -2.4 0.4 1.2
v -2.4 0.5 1.2
v -2.3 0.2 1.2
v -2.3 0.3 1.2
v -2.1 0.3 1.2
v -2.1 0.4 1.2
v -2.1 0.5 1.2
v -1.9 0.4 1.2
v -1.9 0.5 1.2
v -1.9 0.6 1.2
v -1.8 0.5 1.2
v -1.8 0.6 1.2
v -1.5 0.5 1.2
v -1.5 0.6 1.2
v -1.3 0.5 1.2
v -1.3 0.6 1.2
v -1.2 0.6 1.2
v -1.2 0.7 1.2
v -1.1 0.6 1.2
v -1.1 0.7 1.2
v -1 0.6 1.2
v -1 0.7 1.2
v -1 0.8 1.2
v -0.9 0.7 1.2
v -0.9 0.8 1.2
v -0.9 0.9 1.2
v -0.8 0.8 1.2
v -0.8 0.9 1.2
v -0.8 1 1.2
v -0.7 0.9 1.2
v -0.7 1 1.2
v -0.7 1.1 1.2
v -0.6 1 1.2
v -0.6 1.1 1.2
v -0.6 1.2 1.2
v -0.4 1.1 1.2
v -0.4 1.2 1.2
v -0.4 1.4 1.2
v -0.0999999 1.2 1.2
v -0.0999999 1.4 1.2
v -0.0999999 1.6 1.2
v 2.38419e-07 1.2 1.2
v 2.38419e-07 1.4 1.2
v 2.38419e-07 1.6 1.2
v 0.3 1.1 1.2
v 0.3 1.2 1.2
v 0.3 1.4 1.2
v 0.5 1 1.2
v 0.5 1.1 1.2
v 0.5 1.2 1.2
v 0.6 0.9 1.2
v 0.6 1 1.2
v 0.6 1.1 1.2
v 0.7 0.8 1.2
v 0.7 0.9 1.2
v 0.7 1 1.2
v 0.8 0.7 1.2
v 0.8 0.8 1.2
v 0.8 0.9 1.2
v 0.9 0.6 1.2
v 0.9 0.7 1.2
v 0.9 0.8 1.2
v 1.1 0.6 1.2
v 1.1 0.7 1.2
v 1.2 0.5 1.2
v 1.2 0.6 1.2
v 1.3 0.5 1.2
v 1.3 0.6 1.2
v 1.4 0.5 1.2
v 1.4 0.6 1.2
v 1.7 0.5 1.2
v 1.7 0.6 1.2
v 1.8 0.4 1.2
v 1.8 0.5 1.2
v 1.8 0.6 1.2
v 2 0.3 1.2
v 2 0.4 1.2
v 2 0.5 1.2
v 2.2 0.2 1.2
v 2.2 0.3 1.2
v 2.3 0.2 1.2
v 2.3 0.3 1.2
v 2.3 0.4 1.2
v 2.4 0.3 1.2
v 2.4 0.4 1.2
v -2.6 0.1 1.1
v -2.6 0.5 1.1
v -2.5 0.1 1.1
v -2.5 0.5 1.1
v -2.2 0.4 1.1
v -2.2 0.5 1.1
v -2.1 0.4 1.1
v -2.1 0.5 1.1
v -2 0.5 1.1
v -2 0.6 1.1
v -1.9 0.5 1.1
v -1.9 0.6 1.1
v -1.3 0.5 1.1
v -1.3 0.6 1.1
v -1.2 0.5 1.1
v -1.2 0.6 1.1
v -1.1 0.7 1.1
v -1.1 0.8 1.1
v -1 0.7 1.1
v -1 0.8 1.1
v -1 0.9 1.1
v -0.9 0.8 1.1
v -0.9 0.9 1.1
v -0.9 1 1.1
v -0.8 0.9 1.1
v -0.8 1 1.1
v -0.8 1.1 1.1
v -0.7 1 1.1
v -0.7 1.1 1.1
v -0.7 1.2 1.1
v -0.6 1.1 1.1
v -0.6 1.2 1.1
v -0.6 1.4 1.1
v -0.4 1.2 1.1
v -0.4 1.4 1.1
v -0.4 1.6 1.1
v -0.0999999 1.4 1.1
v -0.0999999 1.6 1.1
v -0.0999999 1.7 1.1
v 2.38419e-07 1.4 1.1
v 2.38419e-07 1.6 1.1
v 2.38419e-07 1.7 1.1
v 0.3 1.2 1.1
v 0.3 1.4 1.1
v 0.3 1.6 1.1
v 0.5 1.1 1.1
v 0.5 1.2 1.1
v 0.5 1.4 1.1
v 0.6 1 1.1
v 0.6 1.1 1.1
v 0.6 1.2 1.1
v 0.7 0.9 1.1
v 0.7 1 1.1
v 0.7 1.1 1.1
v 0.8 0.8 1.1
v 0.8 0.9 1.1
v 0.8 1 1.1
v 0.9 0.7 1.1
v 0.9 0.8 1.1
v 0.9 0.9 1.1
v 1 0.7 1.1
v 1 0.8 1.1
v 1.1 0.5 1.1
v 1.1 0.6 1.1
v 1.2 0.5 1.1
v 1.2 0.6 1.1
v 1.8 0.5 1.1
v 1.8 0.6 1.1
v 1.9 0.5 1.1
v 1.9 0.6 1.1
v 2 0.4 1.1
v 2 0.5 1.1
v 2.1 0.4 1.1
v 2.1 0.5 1.1
v 2.4 0.1 1.1
v 2.4 0.4 1.1
v 2.5 0.1 1.1
v 2.5 0.4 1.1
v -1.2 0.7 1
v -1.2 0.8 1
v -1.1 0.7 1
v -1.1 0.8 1
v -1.1 0.9 1
v -1 0.8 1
v -1 0.9 1
v -1 1 1
v -0.9 0.9 1
v -0.9 1 1
v -0.9 1.1 1
v -0.8 1 1
v -0.8 1.1 1
v -0.8 1.2 1
v -0.7 1.1 1
v -0.7 1.2 1
v -0.7 1.4 1
v -0.6 1.2 1
v -0.6 1.4 1
v -0.6 1.6 1
v -0.4 1.4 1
v -0.4 1.6 1
v -0.4 1.8 1
v -0.0999999 1.6 1
v -0.0999999 1.7 1
v -0.0999999 1.8 1
v -0.0999999 1.9 1
v 2.38419e-07 1.6 1
v 2.38419e-07 1.7 1
v 2.38419e-07 1.8 1
v 2.38419e-07 1.9 1
v 0.3 1.4 1
v 0.3 1.6 1
v 0.3 1.8 1
v 0.5 1.2 1
v 0.5 1.4 1
v 0.5 1.6 1
v 0.6 1.1 1
v 0.6 1.2 1
v 0.6 1.4 1
v 0.7 1 1
v 0.7 1.1 1
v 0.7 1.2 1
v 0.8 0.9 1
v 0.8 1 1
v 0.8 1.1 1
v 0.9 0.8 1
v 0.9 0.9 1
v 0.9 1 1
v 1 0.7 1
v 1 0.8 1
v 1 0.9 1
v 1.1 0.7 1
v 1.1 0.8 1
v -1.4 0.6 0.9
v -1.4 0.7 0.9
v -1.3 0.6 0.9
v -1.3 0.7 0.9
v -1.3 0.8 0.9
v -1.2 0.7 0.9
v -1.2 0.8 0.9
v -1.2 0.9 0.9
v -1.1 0.8 0.9
v -1.1 0.9 0.9
v -1.1 1 0.9
v -1 0.9 0.9
v -1 1 0.9
v -1 1.1 0.9
v -0.9 1 0.9
v -0.9 1.1 0.9
v -0.9 1.2 0.9
v -0.8 1.1 0.9
v -0.8 1.2 0.9
v -0.8 1.4 0.9
v -0.7 1.2 0.9
v -0.7 1.4 0.9
v -0.7 1.6 0.9
v -0.6 1.4 0.9
v -0.6 1.6 0.9
v -0.6 1.8 0.9
v -0.4 1.6 0.9
v -0.4 1.8 0.9
v 0.3 1.6 0.9
v 0.3 1.8 0.9
v 0.5 1.4 0.9
v 0.5 1.6 0.9
v 0.5 1.8 0.9
v 0.6 1.2 0.9
v 0.6 1.4 0.9
v 0.6 1.6 0.9
v 0.7 1.1 0.9
v 0.7 1.2 0.9
v 0.7 1.4 0.9
v 0.8 1 0.9
v 0.8 1.1 0.9
v 0.8 1.2 0.9
v 0.9 0.9 0.9
v 0.9 1 0.9
v 0.9 1.1 0.9
v 1 0.8 0.9
v 1 0.9 0.9
v 1 1 0.9
v 1.1 0.7 0.9
v 1.1 0.8 0.9
v 1.1 0.9 0.9
v 1.2 0.6 0.9
v 1.2 0.7 0.9
v 1.2 0.8 0.9
v 1.3 0.6 0.9
v 1.3 0.7 0.9
v -2.7 0.2 0.8
v -2.7 0.5 0.8
v -2.6 0.2 0.8
v -2.6 0.5 0.8
v -2.5 0.4 0.8
v -2.5 0.5 0.8
v -2.4 0.4 0.8
v -2.4 0.5 0.8
v -2.2 0.4 0.8
v -2.2 0.5 0.8
v -2.2 0.6 0.8
v -2.1 0.6 0.8
v -2.1 0.7 0.8
v -2 0.5 0.8
v -2 0.6 0.8
v -1.6 0.6 0.8
v -1.6 0.7 0.8
v -1.5 0.6 0.8
v -1.5 0.7 0.8
v -1.4 0.6 0.8
v -1.4 0.7 0.8
v -1.4 0.8 0.8
v -1.3 0.7 0.8
v -1.3 0.8 0.8
v -1.3 0.9 0.8
v -1.2 0.8 0.8
v -1.2 0.9 0.8
v -1.2 1 0.8
v -1.1 0.9 0.8
v -1.1 1 0.8
v -1.1 1.1 0.8
v -1 1 0.8
v -1 1.1 0.8
v -1 1.2 0.8
v -0.9 1.1 0.8
v -0.9 1.2 0.8
v -0.9 1.4 0.8
v -0.8 1.2 0.8
v -0.8 1.4 0.8
v -0.8 1.6 0.8
v -0.7 1.4 0.8
v -0.7 1.6 0.8
v -0.7 1.8 0.8
v -0.6 1.6 0.8
v -0.6 1.8 0.8
v -0.4 1.6 0.8
v -0.4 1.7 0.8
v -0.4 1.8 0.8
v -0.4 1.9 0.8
v -0.3 1.6 0.8
v -0.3 1.7 0.8
v -0.3 1.8 0.8
v 2.38419e-07 1.8 0.8
v 2.38419e-07 1.9 0.8
v 0.2 1.6 0.8
v 0.2 1.7 0.8
v 0.3 1.6 0.8
v 0.3 1.7 0.8
v 0.3 1.8 0.8
v 0.3 1.9 0.8
v 0.5 1.6 0.8
v 0.5 1.8 0.8
v 0.6 1.4 0.8
v 0.6 1.6 0.8
v 0.6 1.8 0.8
v 0.7 1.2 0.8
v 0.7 1.4 0.8
v 0.7 1.6 0.8
v 0.8 1.1 0.8
v 0.8 1.2 0.8
v 0.8 1.4 0.8
v 0.9 1 0.8
v 0.9 1.1 0.8
v 0.9 1.2 0.8
v 1 0.9 0.8
v 1 1 0.8
v 1 1.1 0.8
v 1.1 0.8 0.8
v 1.1 0.9 0.8
v 1.1 1 0.8
v 1.2 0.7 0.8
v 1.2 0.8 0.8
v 1.2 0.9 0.8
v 1.3 0.6 0.8
v 1.3 0.7 0.8
v 1.3 0.8 0.8
v 1.4 0.6 0.8
v 1.4 0.7 0.8
v 1.5 0.6 0.8
v 1.5 0.7 0.8
v 1.9 0.5 0.8
v 1.9 0.6 0.8
v 2 0.6 0.8
v 2 0.7 0.8
v 2.1 0.4 0.8
v 2.1 0.5 0.8
v 2.1 0.6 0.8
v 2.4 0.4 0.8
v 2.4 0.5 0.8
v 2.5 0.2 0.8
v 2.5 0.4 0.8
v 2.5 0.5 0.8
v 2.6 0.2 0.8
v 2.6 0.5 0.8
v -1.7 0.5 0.7
v -1.7 0.6 0.7
v -1.6 0.5 0.7
v -1.6 0.6 0.7
v -1.6 0.7 0.7
v -1.5 0.6 0.7
v -1.5 0.7 0.7
v -1.5 0.8 0.7
v -1.4 0.7 0.7
v -1.4 0.8 0.7
v -1.4 0.9 0.7
v -1.3 0.8 0.7
v -1.3 0.9 0.7
v -1.3 1 0.7
v -1.2 0.9 0.7
v -1.2 1 0.7
v -1.2 1.1 0.7
v -1.1 1 0.7
v -1.1 1.1 0.7
v -1.1 1.2 0.7
v -1 1.1 0.7
v -1 1.2 0.7
v -1 1.4 0.7
v -0.9 1.2 0.7
v -0.9 1.4 0.7
v -0.9 1.6 0.7
v -0.8 1.4 0.7
v -0.8 1.6 0.7
v -0.8 1.9 0.7
v -0.7 1.6 0.7
v -0.7 1.8 0.7
v -0.7 1.9 0.7
v -0.6 1.6 0.7
v -0.6 1.7 0.7
v -0.6 1.8 0.7
v -0.6 1.9 0.7
v -0.5 1.6 0.7
v -0.5 1.7 0.7
v -0.5 1.9 0.7
v -0.5 2 0.7
v -0.4 1.8 0.7
v -0.4 1.9 0.7
v 2.38419e-07 1.9 0.7
v 2.38419e-07 2 0.7
v 0.3 1.8 0.7
v 0.3 1.9 0.7
v 0.4 1.6 0.7
v 0.4 1.7 0.7
v 0.4 1.9 0.7
v 0.4 2 0.7
v 0.5 1.6 0.7
v 0.5 1.7 0.7
v 0.5 1.8 0.7
v 0.5 1.9 0.7
v 0.6 1.6 0.7
v 0.6 1.8 0.7
v 0.6 1.9 0.7
v 0.7 1.4 0.7
v 0.7 1.5 0.7
v 0.7 1.6 0.7
v 0.7 1.9 0.7
v 0.8 1.2 0.7
v 0.8 1.4 0.7
v 0.8 1.5 0.7
v 0.8 1.6 0.7
v 0.9 1.1 0.7
v 0.9 1.2 0.7
v 0.9 1.4 0.7
v 1 1 0.7
v 1 1.1 0.7
v 1 1.2 0.7
v 1.1 0.9 0.7
v 1.1 1 0.7
v 1.1 1.1 0.7
v 1.2 0.8 0.7
v 1.2 0.9 0.7
v 1.2 1 0.7
v 1.3 0.7 0.7
v 1.3 0.8 0.7
v 1.3 0.9 0.7
v 1.4 0.6 0.7
v 1.4 0.7 0.7
v 1.4 0.8 0.7
v 1.5 0.5 0.7
v 1.5 0.6 0.7
v 1.5 0.7 0.7
v 1.6 0.5 0.7
v 1.6 0.6 0.7
v -1.9 0.5 0.6
v -1.9 0.6 0.6
v -1.7 0.5 0.6
v -1.7 0.6 0.6
v -1.6 0.7 0.6
v -1.6 0.8 0.6
v -1.5 0.7 0.6
v -1.5 0.8 0.6
v -1.5 0.9 0.6
v -1.4 0.8 0.6
v -1.4 0.9 0.6
v -1.4 1 0.6
v -1.3 0.9 0.6
v -1.3 1 0.6
v -1.3 1.1 0.6
v -1.2 1 0.6
v -1.2 1.1 0.6
v -1.2 1.2 0.6
v -1.1 1.1 0.6
v -1.1 1.2 0.6
v -1.1 1.4 0.6
v -1 1.2 0.6
v -1 1.4 0.6
v -1 1.6 0.6
v -0.9 1.4 0.6
v -0.9 1.6 0.6
v -0.9 1.8 0.6
v -0.8 1.6 0.6
v -0.8 1.8 0.6
v -0.7 1.6 0.6
v -0.7 1.7 0.6
v -0.7 1.8 0.6
v -0.7 1.9 0.6
v -0.6 1.6 0.6
v -0.6 1.7 0.6
v -0.6 1.8 0.6
v -0.6 1.9 0.6
v -0.6 2 0.6
v -0.5 1.9 0.6
v -0.5 2 0.6
v -0.5 2.1 0.6
v 2.38419e-07 2 0.6
v 2.38419e-07 2.1 0.6
v 0.4 1.9 0.6
v 0.4 2 0.6
v 0.4 2.1 0.6
v 0.5 1.6 0.6
v 0.5 1.7 0.6
v 0.5 1.8 0.6
v 0.5 1.9 0.6
v 0.5 2 0.6
v 0.6 1.6 0.6
v 0.6 1.7 0.6
v 0.6 1.8 0.6
v 0.6 1.9 0.6
v 0.7 1.6 0.6
v 0.7 1.8 0.6
v 0.8 1.4 0.6
v 0.8 1.5 0.6
v 0.8 1.6 0.6
v 0.8 1.8 0.6
v 0.9 1.2 0.6
v 0.9 1.4 0.6
v 0.9 1.6 0.6
v 1 1.1 0.6
v 1 1.2 0.6
v 1 1.4 0.6
v 1.1 1 0.6
v 1.1 1.1 0.6
v 1.1 1.2 0.6
v 1.2 0.9 0.6
v 1.2 1 0.6
v 1.2 1.1 0.6
v 1.3 0.8 0.6
v 1.3 0.9 0.6
v 1.3 1 0.6
v 1.4 0.7 0.6
v 1.4 0.8 0.6
v 1.4 0.9 0.6
v 1.5 0.7 0.6
v 1.5 0.8 0.6
v 1.6 0.5 0.6
v 1.6 0.6 0.6
v 1.7 0.5 0.6
v 1.7 0.6 0.6
v -2.8 0.1 0.5
v -2.8 0.4 0.5
v -2.7 0.1 0.5
v -2.7 0.2 0.5
v -2.7 0.4 0.5
v -2.6 0.2 0.5
v -2.6 0.3 0.5
v -2.5 0.2 0.5
v -2.5 0.3 0.5
v -2.4 0.3 0.5
v -2.4 0.4 0.5
v -2.2 0.3 0.5
v -2.2 0.4 0.5
v -2.1 0.4 0.5
v -2.1 0.5 0.5
v -2 0.4 0.5
v -2 0.5 0.5
v -1.7 0.7 0.5
v -1.7 0.8 0.5
v -1.6 0.7 0.5
v -1.6 0.8 0.5
v -1.6 0.9 0.5
v -1.5 0.8 0.5
v -1.5 0.9 0.5
v -1.5 1 0.5
v -1.4 0.9 0.5
v -1.4 1 0.5
v -1.4 1.1 0.5
v -1.3 1 0.5
v -1.3 1.1 0.5
v -1.3 1.2 0.5
v -1.2 1.1 0.5
v -1.2 1.2 0.5
v -1.2 1.4 0.5
v -1.1 1.2 0.5
v -1.1 1.4 0.5
v -1.1 1.6 0.5
v -1 1.4 0.5
v -1 1.6 0.5
v -1 1.8 0.5
v -0.9 1.6 0.5
v -0.9 1.8 0.5
v -0.8 1.6 0.5
v -0.8 1.7 0.5
v -0.8 1.8 0.5
v -0.8 1.9 0.5
v -0.7 1.6 0.5
v -0.7 1.7 0.5
v -0.7 1.8 0.5
v -0.7 1.9 0.5
v -0.7 2 0.5
v -0.6 1.9 0.5
v -0.6 2 0.5
v -0.6 2.1 0.5
v -0.5 2 0.5
v -0.5 2.1 0.5
v -0.5 2.2 0.5
v 2.38419e-07 2.1 0.5
v 2.38419e-07 2.2 0.5
v 0.4 2 0.5
v 0.4 2.1 0.5
v 0.4 2.2 0.5
v 0.5 1.9 0.5
v 0.5 2 0.5
v 0.5 2.1 0.5
v 0.6 1.6 0.5
v 0.6 1.7 0.5
v 0.6 1.8 0.5
v 0.6 1.9 0.5
v 0.6 2 0.5
v 0.7 1.6 0.5
v 0.7 1.7 0.5
v 0.7 1.8 0.5
v 0.7 1.9 0.5
v 0.8 1.6 0.5
v 0.8 1.8 0.5
v 0.9 1.4 0.5
v 0.9 1.6 0.5
v 0.9 1.8 0.5
v 1 1.2 0.5
v 1 1.4 0.5
v 1 1.6 0.5
v 1.1 1.1 0.5
v 1.1 1.2 0.5
v 1.1 1.4 0.5
v 1.2 1 0.5
v 1.2 1.1 0.5
v 1.2 1.2 0.5
v 1.3 0.9 0.5
v 1.3 1 0.5
v 1.3 1.1 0.5
v 1.4 0.8 0.5
v 1.4 0.9 0.5
v 1.4 1 0.5
v 1.5 0.7 0.5
v 1.5 0.8 0.5
v 1.5 0.9 0.5
v 1.6 0.7 0.5
v 1.6 0.8 0.5
v 1.7 0.5 0.5
v 1.7 0.6 0.5
v 1.8 0.5 0.5
v 1.8 0.6 0.5
v 1.9 0.4 0.5
v 1.9 0.5 0.5
v 2 0.4 0.5
v 2 0.5 0.5
v 2.1 0.3 0.5
v 2.1 0.4 0.5
v 2.3 0.3 0.5
v 2.3 0.4 0.5
v 2.4 0.2 0.5
v 2.4 0.3 0.5
v 2.5 0.2 0.5
v 2.5 0.3 0.5
v 2.6 0.1 0.5
v 2.6 0.2 0.5
v 2.6 0.4 0.5
v 2.7 0.1 0.5
v 2.7 0.4 0.5
v -2.5 0.2 0.4
v -2.5 0.3 0.4
v -2.4 0.2 0.4
v -2.4 0.3 0.4
v -0.9 1.6 0.4
v -0.9 1.7 0.4
v -0.8 1.6 0.4
v -0.8 1.7 0.4
v -0.8 1.9 0.4
v -0.8 2 0.4
v -0.7 1.9 0.4
v -0.7 2 0.4
v -0.7 2.1 0.4
v -0.6 2 0.4
v -0.6 2.1 0.4
v -0.6 2.2 0.4
v -0.5 2.1 0.4
v -0.5 2.2 0.4
v -0.4 2.2 0.4
v -0.4 2.3 0.4
v 2.38419e-07 2.2 0.4
v 2.38419e-07 2.3 0.4
v 0.3 2.2 0.4
v 0.3 2.3 0.4
v 0.4 2.1 0.4
v 0.4 2.2 0.4
v 0.5 2 0.4
v 0.5 2.1 0.4
v 0.5 2.2 0.4
v 0.6 1.9 0.4
v 0.6 2 0.4
v 0.6 2.1 0.4
v 0.7 1.6 0.4
v 0.7 1.7 0.4
v 0.7 1.9 0.4
v 0.7 2 0.4
v 0.8 1.6 0.4
v 0.8 1.7 0.4
v -2.4 0.2 0.3
v -2.4 0.3 0.3
v -2.3 0.2 0.3
v -2.3 0.3 0.3
v -1.9 0.6 0.3
v -1.9 0.7 0.3
v -1.8 0.6 0.3
v -1.8 0.7 0.3
v -1.8 0.8 0.3
v -1.7 0.7 0.3
v -1.7 0.8 0.3
v -1.7 0.9 0.3
v -1.6 0.8 0.3
v -1.6 0.9 0.3
v -1.6 1 0.3
v -1.5 0.9 0.3
v -1.5 1 0.3
v -1.5 1.1 0.3
v -1.4 1 0.3
v -1.4 1.1 0.3
v -1.4 1.2 0.3
v -1.3 1.1 0.3
v -1.3 1.2 0.3
v -1.3 1.4 0.3
v -1.2 1.2 0.3
v -1.2 1.4 0.3
v -1.2 1.6 0.3
v -1.1 1.4 0.3
v -1.1 1.6 0.3
v -1.1 1.8 0.3
v -1 1.6 0.3
v -1 1.8 0.3
v -0.9 1.8 0.3
v -0.9 1.9 0.3
v -0.8 1.8 0.3
v -0.8 1.9 0.3
v -0.5 2.2 0.3
v -0.5 2.3 0.3
v -0.4 2.2 0.3
v -0.4 2.3 0.3
v -0.4 2.4 0.3
v -0.3 2.4 0.3
v -0.3 2.5 0.3
v 2.38419e-07 2.3 0.3
v 2.38419e-07 2.5 0.3
v 0.2 2.4 0.3
v 0.2 2.5 0.3
v 0.3 2.2 0.3
v 0.3 2.3 0.3
v 0.3 2.4 0.3
v 0.4 2.2 0.3
v 0.4 2.3 0.3
v 0.7 1.8 0.3
v 0.7 1.9 0.3
v 0.8 1.8 0.3
v 0.8 1.9 0.3
v 0.9 1.6 0.3
v 0.9 1.7 0.3
v 0.9 1.8 0.3
v 1 1.4 0.3
v 1 1.5 0.3
v 1 1.6 0.3
v 1 1.7 0.3
v 1 1.8 0.3
v 1.1 1.2 0.3
v 1.1 1.4 0.3
v 1.1 1.5 0.3
v 1.1 1.6 0.3
v 1.2 1.1 0.3
v 1.2 1.2 0.3
v 1.2 1.4 0.3
v 1.3 1 0.3
v 1.3 1.1 0.3
v 1.3 1.2 0.3
v 1.4 0.9 0.3
v 1.4 1 0.3
v 1.4 1.1 0.3
v 1.5 0.8 0.3
v 1.5 0.9 0.3
v 1.5 1 0.3
v 1.6 0.7 0.3
v 1.6 0.8 0.3
v 1.6 0.9 0.3
v 1.7 0.7 0.3
v 1.7 0.8 0.3
v -2.2 0.3 0.2
v -2.2 0.4 0.2
v -2.1 0.3 0.2
v -2.1 0.4 0.2
v -1 1.6 0.2
v -1 1.7 0.2
v -0.9 1.6 0.2
v -0.9 1.7 0.2
v -0.4 2.4 0.2
v -0.4 2.5 0.2
v -0.3 2.4 0.2
v -0.3 2.5 0.2
v -0.3 2.7 0.2
v 2.38419e-07 2.5 0.2
v 2.38419e-07 2.7 0.2
v 0.2 2.4 0.2
v 0.2 2.5 0.2
v 0.2 2.7 0.2
v 0.3 2.4 0.2
v 0.3 2.5 0.2
v 0.8 1.6 0.2
v 0.8 1.7 0.2
v 0.9 1.6 0.2
v 0.9 1.7 0.2
v -2.8 0 0.0999999
v -2.8 0.1 0.0999999
v -2.7 0 0.0999999
v -2.7 0.1 0.0999999
v -2.7 0.2 0.0999999
v -2.6 0.1 0.0999999
v -2.6 0.2 0.0999999
v -2 0.4 0.0999999
v -2 0.5 0.0999999
v -1.9 0.4 0.0999999
v -1.9 0.5 0.0999999
v -1.9 0.6 0.0999999
v -1.8 0.5 0.0999999
v -1.8 0.6 0.0999999
v -1.8 0.7 0.0999999
v -1.7 0.6 0.0999999
v -1.7 0.7 0.0999999
v -1.7 0.8 0.0999999
v -1.6 0.7 0.0999999
v -1.6 0.8 0.0999999
v -1.6 0.9 0.0999999
v -1.5 0.8 0.0999999
v -1.5 0.9 0.0999999
v -1.5 1 0.0999999
v -1.4 0.9 0.0999999
v -1.4 1 0.0999999
v -1.4 1.1 0.0999999
v -1.3 1 0.0999999
v -1.3 1.1 0.0999999
v -0.2 2.7 0.0999999
v -0.2 2.8 0.0999999
v -0.0999999 2.8 0.0999999
v -0.0999999 3.1 0.0999999
v 2.38419e-07 2.7 0.0999999
v 2.38419e-07 2.8 0.0999999
v 2.38419e-07 3.1 0.0999999
v 0.1 2.7 0.0999999
v 0.1 2.8 0.0999999
v 2.6 0 0.0999999
v 2.6 0.1 0.0999999
v 2.7 0 0.0999999
v 2.7 0.1 0.0999999
v -2.6 0.3 0
v -2.6 0.4 0
v -2.5 0.3 0
v -2.5 0.4 0
v -2.3 0.4 0
v -2.3 0.5 0
v -2.2 0.4 0
v -2.2 0.5 0
v -2.1 0.5 0
v -2.1 0.6 0
v -2 0.5 0
v -2 0.6 0
v -2 0.7 0
v -1.9 0.6 0
v -1.9 0.7 0
v -1.5 1.1 0
v -1.5 1.2 0
v -1.4 1.1 0
v -1.4 1.2 0
v -1.4 1.4 0
v -1.3 1.2 0
v -1.3 1.4 0
v -1.3 1.6 0
v -1.2 1.4 0
v -1.2 1.6 0
v -1.2 1.7 0
v -1.1 1.6 0
v -1.1 1.7 0
v -1.1 1.8 0
v -1.1 1.9 0
v -1 1.8 0
v -1 1.9 0
v -0.9 1.6 0
v -0.9 1.7 0
v -0.2 2.8 0
v -0.2 3.1 0
v -0.0999999 1.5 0
v -0.0999999 1.6 0
v -0.0999999 1.7 0
v -0.0999999 2.6 0
v -0.0999999 2.7 0
v -0.0999999 2.8 0
v -0.0999999 3.1 0
v -0.0999999 3.4 0
v 2.38419e-07 1.5 0
v 2.38419e-07 1.6 0
v 2.38419e-07 1.7 0
v 2.38419e-07 2.6 0
v 2.38419e-07 2.7 0
v 2.38419e-07 2.8 0
v 2.38419e-07 3.1 0
v 2.38419e-07 3.4 0
v 0.1 2.8 0
v 0.1 3.1 0
v 0.8 1.6 0
v 0.8 1.7 0
v 0.9 1.8 0
v 0.9 1.9 0
v 1 1.8 0
v 1 1.9 0
v -2.8 0 -0.1
v -2.8 0.1 -0.1
v -2.7 0 -0.1
v -2.7 0.1 -0.1
v -0.2 2.6 -0.1
v -0.2 2.7 -0.1
v -0.0999999 2.6 -0.1
v -0.0999999 2.7 -0.1
v 2.38419e-07 2.6 -0.1
v 2.38419e-07 2.7 -0.1
v 0.1 2.6 -0.1
v 0.1 2.7 -0.1
v 2.6 0 -0.1
v 2.6 0.1 -0.1
v 2.7 0 -0.1
v 2.7 0.1 -0.1
v -2.8 0.3 -0.2
v -2.8 0.4 -0.2
v -2.7 0.3 -0.2
v -2.7 0.4 -0.2
v -0.9 1.6 -0.2
v -0.9 1.7 -0.2
v -0.8 1.6 -0.2
v -0.8 1.7 -0.2
v -0.2 2.5 -0.2
v -0.2 2.6 -0.2
v -0.0999999 2.5 -0.2
v -0.0999999 2.6 -0.2
v -0.0999999 2.7 -0.2
v 2.38419e-07 2.6 -0.2
v 2.38419e-07 2.7 -0.2
v 0.1 2.5 -0.2
v 0.1 2.6 -0.2
v 2.6 0.3 -0.2
v 2.6 0.4 -0.2
v 2.7 0.3 -0.2
v 2.7 0.4 -0.2
v -1.3 1.1 -0.3
v -1.3 1.2 -0.3
v -1.2 1.1 -0.3
v -1.2 1.2 -0.3
v -1.2 1.4 -0.3
v -1.1 1.2 -0.3
v -1.1 1.4 -0.3
v -1.1 1.5 -0.3
v -1.1 1.6 -0.3
v -1 1.5 -0.3
v -1 1.6 -0.3
v -0.3 2.3 -0.3
v -0.3 2.5 -0.3
v -0.0999999 2.3 -0.3
v -0.0999999 2.5 -0.3
v 0.2 2.3 -0.3
v 0.2 2.5 -0.3
v 0.7 1.6 -0.3
v 0.7 1.7 -0.3
v 0.8 1.6 -0.3
v 0.8 1.7 -0.3
v 0.9 1.5 -0.3
v 0.9 1.6 -0.3
v 1 1.2 -0.3
v 1 1.4 -0.3
v 1 1.5 -0.3
v 1 1.6 -0.3
v 1.1 1.1 -0.3
v 1.1 1.2 -0.3
v 1.1 1.4 -0.3
v 1.2 1.1 -0.3
v 1.2 1.2 -0.3
v 2.1 0.4 -0.3
v 2.1 0.5 -0.3
v 2.2 0.4 -0.3
v 2.2 0.5 -0.3
v -2.7 0.3 -0.4
v -2.7 0.4 -0.4
v -2.7 0.5 -0.4
v -2.6 0.3 -0.4
v -2.6 0.4 -0.4
v -2.6 0.5 -0.4
v -2.5 0.3 -0.4
v -2.5 0.4 -0.4
v -2.3 0.4 -0.4
v -2.3 0.5 -0.4
v -2.2 0.4 -0.4
v -2.2 0.5 -0.4
v -2.1 0.5 -0.4
v -2.1 0.6 -0.4
v -2 0.5 -0.4
v -2 0.6 -0.4
v -1.9 0.5 -0.4
v -1.9 0.6 -0.4
v -1.8 0.5 -0.4
v -1.8 0.6 -0.4
v -1.8 0.7 -0.4
v -1.7 0.5 -0.4
v -1.7 0.6 -0.4
v -1.7 0.7 -0.4
v -1.7 0.8 -0.4
v -1.6 0.6 -0.4
v -1.6 0.7 -0.4
v -1.6 0.8 -0.4
v -1.6 0.9 -0.4
v -1.5 0.7 -0.4
v -1.5 0.8 -0.4
v -1.5 0.9 -0.4
v -1.5 1 -0.4
v -1.4 0.8 -0.4
v -1.4 0.9 -0.4
v -1.4 1 -0.4
v -1.4 1.1 -0.4
v -1.3 0.9 -0.4
v -1.3 1 -0.4
v -1.3 1.1 -0.4
v -1.2 1 -0.4
v -1.2 1.1 -0.4
v -1.2 1.2 -0.4
v -1.1 1.1 -0.4
v -1.1 1.2 -0.4
v -1.1 1.4 -0.4
v -1.1 1.5 -0.4
v -1 1.4 -0.4
v -1 1.5 -0.4
v -1 1.6 -0.4
v -1 1.7 -0.4
v -0.9 1.6 -0.4
v -0.9 1.7 -0.4
v -0.9 1.8 -0.4
v -0.8 1.7 -0.4
v -0.8 1.8 -0.4
v -0.8 1.9 -0.4
v -0.7 1.8 -0.4
v -0.7 1.9 -0.4
v -0.5 2.1 -0.4
v -0.5 2.2 -0.4
v -0.4 2.1 -0.4
v -0.4 2.2 -0.4
v -0.4 2.3 -0.4
v -0.0999999 2.2 -0.4
v -0.0999999 2.3 -0.4
v 0.3 2.1 -0.4
v 0.3 2.2 -0.4
v 0.3 2.3 -0.4
v 0.4 2.1 -0.4
v 0.4 2.2 -0.4
v 0.6 1.8 -0.4
v 0.6 1.9 -0.4
v 0.7 1.7 -0.4
v 0.7 1.8 -0.4
v 0.7 1.9 -0.4
v 0.8 1.6 -0.4
v 0.8 1.7 -0.4
v 0.8 1.8 -0.4
v 0.9 1.4 -0.4
v 0.9 1.5 -0.4
v 0.9 1.6 -0.4
v 0.9 1.7 -0.4
v 1 1.1 -0.4
v 1 1.2 -0.4
v 1 1.4 -0.4
v 1 1.5 -0.4
v 1.1 1 -0.4
v 1.1 1.1 -0.4
v 1.1 1.2 -0.4
v 1.2 0.9 -0.4
v 1.2 1 -0.4
v 1.2 1.1 -0.4
v 1.3 0.8 -0.4
v 1.3 0.9 -0.4
v 1.3 1 -0.4
v 1.3 1.1 -0.4
v 1.4 0.7 -0.4
v 1.4 0.8 -0.4
v 1.4 0.9 -0.4
v 1.4 1 -0.4
v 1.5 0.6 -0.4
v 1.5 0.7 -0.4
v 1.5 0.8 -0.4
v 1.5 0.9 -0.4
v 1.6 0.5 -0.4
v 1.6 0.6 -0.4
v 1.6 0.7 -0.4
v 1.6 0.8 -0.4
v 1.7 0.5 -0.4
v 1.7 0.6 -0.4
v 1.7 0.7 -0.4
v 1.8 0.5 -0.4
v 1.8 0.6 -0.4
v 1.9 0.5 -0.4
v 1.9 0.6 -0.4
v 2 0.5 -0.4
v 2 0.6 -0.4
v 2.2 0.4 -0.4
v 2.2 0.5 -0.4
v 2.3 0.4 -0.4
v 2.3 0.5 -0.4
v 2.4 0.3 -0.4
v 2.4 0.4 -0.4
v 2.5 0.3 -0.4
v 2.5 0.4 -0.4
v -2.4 0.4 -0.5
v -2.4 0.5 -0.5
v -2.3 0.4 -0.5
v -2.3 0.5 -0.5
v -2.2 0.5 -0.5
v -2.2 0.6 -0.5
v -2.1 0.5 -0.5
v -2.1 0.6 -0.5
v -1.9 0.6 -0.5
v -1.9 0.7 -0.5
v -1.8 0.6 -0.5
v -1.8 0.7 -0.5
v -1.6 0.6 -0.5
v -1.6 0.7 -0.5
v -1.5 0.6 -0.5
v -1.5 0.7 -0.5
v -1.1 1.2 -0.5
v -1.1 1.4 -0.5
v -1 1.2 -0.5
v -1 1.4 -0.5
v -1 1.5 -0.5
v -1 1.6 -0.5
v -0.9 1.5 -0.5
v -0.9 1.6 -0.5
v -0.8 1.6 -0.5
v -0.8 1.7 -0.5
v -0.7 1.6 -0.5
v -0.7 1.7 -0.5
v -0.7 1.9 -0.5
v -0.7 2 -0.5
v -0.6 1.9 -0.5
v -0.6 2 -0.5
v -0.6 2.1 -0.5
v -0.5 2 -0.5
v -0.5 2.1 -0.5
v -0.4 2.1 -0.5
v -0.4 2.2 -0.5
v -0.0999999 2.1 -0.5
v -0.0999999 2.2 -0.5
v 0.3 2.1 -0.5
v 0.3 2.2 -0.5
v 0.4 2 -0.5
v 0.4 2.1 -0.5
v 0.5 1.9 -0.5
v 0.5 2 -0.5
v 0.5 2.1 -0.5
v 0.6 1.6 -0.5
v 0.6 1.7 -0.5
v 0.6 1.9 -0.5
v 0.6 2 -0.5
v 0.7 1.6 -0.5
v 0.7 1.7 -0.5
v 0.8 1.5 -0.5
v 0.8 1.6 -0.5
v 0.9 1.2 -0.5
v 0.9 1.4 -0.5
v 0.9 1.5 -0.5
v 0.9 1.6 -0.5
v 1 1.2 -0.5
v 1 1.4 -0.5
v 1.4 0.6 -0.5
v 1.4 0.7 -0.5
v 1.5 0.6 -0.5
v 1.5 0.7 -0.5
v 1.8 0.6 -0.5
v 1.8 0.7 -0.5
v 1.9 0.6 -0.5
v 1.9 0.7 -0.5
v 2 0.5 -0.5
v 2 0.6 -0.5
v 2.1 0.5 -0.5
v 2.1 0.6 -0.5
v 2.3 0.4 -0.5
v 2.3 0.5 -0.5
v 2.4 0.4 -0.5
v 2.4 0.5 -0.5
v 2.5 0.3 -0.5
v 2.5 0.4 -0.5
v 2.6 0.3 -0.5
v 2.6 0.4 -0.5
v -2.5 0.4 -0.6
v -2.5 0.5 -0.6
v -2.4 0.4 -0.6
v -2.4 0.5 -0.6
v -2.1 0.6 -0.6
v -2.1 0.7 -0.6
v -1.9 0.6 -0.6
v -1.9 0.7 -0.6
v -1.7 0.5 -0.6
v -1.7 0.6 -0.6
v -1.6 0.5 -0.6
v -1.6 0.6 -0.6
v -1.5 0.7 -0.6
v -1.5 0.8 -0.6
v -1.4 0.7 -0.6
v -1.4 0.8 -0.6
v -1.4 0.9 -0.6
v -1.3 0.8 -0.6
v -1.3 0.9 -0.6
v -1.3 1 -0.6
v -1.2 0.9 -0.6
v -1.2 1 -0.6
v -1.2 1.1 -0.6
v -1.1 1 -0.6
v -1.1 1.1 -0.6
v -1.1 1.2 -0.6
v -1 1.1 -0.6
v -1 1.2 -0.6
v -1 1.5 -0.6
v -0.9 1.2 -0.6
v -0.9 1.5 -0.6
v -0.9 1.7 -0.6
v -0.8 1.5 -0.6
v -0.8 1.6 -0.6
v -0.8 1.7 -0.6
v -0.8 1.8 -0.6
v -0.7 1.6 -0.6
v -0.7 1.7 -0.6
v -0.7 1.8 -0.6
v -0.7 1.9 -0.6
v -0.6 1.6 -0.6
v -0.6 1.7 -0.6
v -0.6 1.8 -0.6
v -0.6 1.9 -0.6
v -0.6 2 -0.6
v -0.5 1.9 -0.6
v -0.5 2 -0.6
v -0.5 2.1 -0.6
v -0.0999999 2 -0.6
v -0.0999999 2.1 -0.6
v 0.4 1.9 -0.6
v 0.4 2 -0.6
v 0.4 2.1 -0.6
v 0.5 1.6 -0.6
v 0.5 1.7 -0.6
v 0.5 1.8 -0.6
v 0.5 1.9 -0.6
v 0.5 2 -0.6
v 0.6 1.6 -0.6
v 0.6 1.7 -0.6
v 0.6 1.8 -0.6
v 0.6 1.9 -0.6
v 0.7 1.5 -0.6
v 0.7 1.6 -0.6
v 0.7 1.7 -0.6
v 0.7 1.8 -0.6
v 0.8 1.2 -0.6
v 0.8 1.5 -0.6
v 0.8 1.7 -0.6
v 0.9 1.1 -0.6
v 0.9 1.2 -0.6
v 0.9 1.5 -0.6
v 1 1 -0.6
v 1 1.1 -0.6
v 1 1.2 -0.6
v 1.1 0.9 -0.6
v 1.1 1 -0.6
v 1.1 1.1 -0.6
v 1.2 0.8 -0.6
v 1.2 0.9 -0.6
v 1.2 1 -0.6
v 1.3 0.7 -0.6
v 1.3 0.8 -0.6
v 1.3 0.9 -0.6
v 1.4 0.7 -0.6
v 1.4 0.8 -0.6
v 1.5 0.5 -0.6
v 1.5 0.6 -0.6
v 1.6 0.5 -0.6
v 1.6 0.6 -0.6
v 1.9 0.6 -0.6
v 1.9 0.7 -0.6
v 2 0.6 -0.6
v 2 0.7 -0.6
v 2.5 0.4 -0.6
v 2.5 0.5 -0.6
v 2.6 0.4 -0.6
v 2.6 0.5 -0.6
v -1.6 0.5 -0.7
v -1.6 0.6 -0.7
v -1.5 0.5 -0.7
v -1.5 0.6 -0.7
v -1.5 0.7 -0.7
v -1.4 0.6 -0.7
v -1.4 0.7 -0.7
v -1.4 0.8 -0.7
v -1.3 0.7 -0.7
v -1.3 0.8 -0.7
v -1.3 0.9 -0.7
v -1.2 0.8 -0.7
v -1.2 0.9 -0.7
v -1.2 1 -0.7
v -1.1 0.9 -0.7
v -1.1 1 -0.7
v -1.1 1.1 -0.7
v -1 1 -0.7
v -1 1.1 -0.7
v -1 1.2 -0.7
v -0.9 1.1 -0.7
v -0.9 1.2 -0.7
v -0.9 1.5 -0.7
v -0.8 1.2 -0.7
v -0.8 1.5 -0.7
v -0.8 1.7 -0.7
v -0.8 1.8 -0.7
v -0.8 1.9 -0.7
v -0.7 1.5 -0.7
v -0.7 1.6 -0.7
v -0.7 1.7 -0.7
v -0.7 1.8 -0.7
v -0.7 1.9 -0.7
v -0.6 1.6 -0.7
v -0.6 1.7 -0.7
v -0.6 1.8 -0.7
v -0.6 1.9 -0.7
v -0.5 1.6 -0.7
v -0.5 1.7 -0.7
v -0.5 1.9 -0.7
v -0.5 2 -0.7
v -0.4 1.8 -0.7
v -0.4 1.9 -0.7
v -0.0999999 1.9 -0.7
v -0.0999999 2 -0.7
v 0.3 1.8 -0.7
v 0.3 1.9 -0.7
v 0.4 1.6 -0.7
v 0.4 1.7 -0.7
v 0.4 1.9 -0.7
v 0.4 2 -0.7
v 0.5 1.6 -0.7
v 0.5 1.7 -0.7
v 0.5 1.8 -0.7
v 0.5 1.9 -0.7
v 0.6 1.5 -0.7
v 0.6 1.6 -0.7
v 0.6 1.7 -0.7
v 0.6 1.8 -0.7
v 0.6 1.9 -0.7
v 0.7 1.2 -0.7
v 0.7 1.5 -0.7
v 0.7 1.7 -0.7
v 0.7 1.8 -0.7
v 0.7 1.9 -0.7
v 0.8 1.1 -0.7
v 0.8 1.2 -0.7
v 0.8 1.5 -0.7
v 0.9 1 -0.7
v 0.9 1.1 -0.7
v 0.9 1.2 -0.7
v 1 0.9 -0.7
v 1 1 -0.7
v 1 1.1 -0.7
v 1.1 0.8 -0.7
v 1.1 0.9 -0.7
v 1.1 1 -0.7
v 1.2 0.7 -0.7
v 1.2 0.8 -0.7
v 1.2 0.9 -0.7
v 1.3 0.6 -0.7
v 1.3 0.7 -0.7
v 1.3 0.8 -0.7
v 1.4 0.5 -0.7
v 1.4 0.6 -0.7
v 1.4 0.7 -0.7
v 1.5 0.5 -0.7
v 1.5 0.6 -0.7
v -1.5 0.5 -0.8
v -1.5 0.6 -0.8
v -1.4 0.5 -0.8
v -1.4 0.6 -0.8
v -1.4 0.7 -0.8
v -1.3 0.6 -0.8
v -1.3 0.7 -0.8
v -1.3 0.8 -0.8
v -1.2 0.7 -0.8
v -1.2 0.8 -0.8
v -1.2 0.9 -0.8
v -1.1 0.8 -0.8
v -1.1 0.9 -0.8
v -1.1 1 -0.8
v -1 0.9 -0.8
v -1 1 -0.8
v -1 1.1 -0.8
v -0.9 1 -0.8
v -0.9 1.1 -0.8
v -0.9 1.2 -0.8
v -0.8 1.1 -0.8
v -0.8 1.2 -0.8
v -0.8 1.5 -0.8
v -0.7 1.2 -0.8
v -0.7 1.5 -0.8
v -0.7 1.7 -0.8
v -0.6 1.5 -0.8
v -0.6 1.6 -0.8
v -0.6 1.7 -0.8
v -0.6 1.8 -0.8
v -0.5 1.6 -0.8
v -0.5 1.7 -0.8
v -0.4 1.7 -0.8
v -0.4 1.8 -0.8
v -0.4 1.9 -0.8
v -0.3 1.6 -0.8
v -0.3 1.7 -0.8
v -0.0999999 1.8 -0.8
v -0.0999999 1.9 -0.8
v 0.2 1.6 -0.8
v 0.2 1.7 -0.8
v 0.3 1.7 -0.8
v 0.3 1.8 -0.8
v 0.3 1.9 -0.8
v 0.4 1.6 -0.8
v 0.4 1.7 -0.8
v 0.5 1.5 -0.8
v 0.5 1.6 -0.8
v 0.5 1.7 -0.8
v 0.5 1.8 -0.8
v 0.6 1.2 -0.8
v 0.6 1.5 -0.8
v 0.6 1.7 -0.8
v 0.7 1.1 -0.8
v 0.7 1.2 -0.8
v 0.7 1.5 -0.8
v 0.8 1 -0.8
v 0.8 1.1 -0.8
v 0.8 1.2 -0.8
v 0.9 0.9 -0.8
v 0.9 1 -0.8
v 0.9 1.1 -0.8
v 1 0.8 -0.8
v 1 0.9 -0.8
v 1 1 -0.8
v 1.1 0.7 -0.8
v 1.1 0.8 -0.8
v 1.1 0.9 -0.8
v 1.2 0.6 -0.8
v 1.2 0.7 -0.8
v 1.2 0.8 -0.8
v 1.3 0.5 -0.8
v 1.3 0.6 -0.8
v 1.3 0.7 -0.8
v 1.4 0.5 -0.8
v 1.4 0.6 -0.8
v -2.6 0.1 -0.9
v -2.6 0.2 -0.9
v -2.6 0.3 -0.9
v -2.5 0.1 -0.9
v -2.5 0.3 -0.9
v -2.4 0.3 -0.9
v -2.4 0.4 -0.9
v -2.1 0.3 -0.9
v -2.1 0.4 -0.9
v -2.1 0.5 -0.9
v -1.9 0.4 -0.9
v -1.9 0.5 -0.9
v -1.9 0.6 -0.9
v -1.6 0.5 -0.9
v -1.6 0.6 -0.9
v -1.4 0.5 -0.9
v -1.4 0.6 -0.9
v -1.3 0.5 -0.9
v -1.3 0.6 -0.9
v -1.3 0.7 -0.9
v -1.2 0.6 -0.9
v -1.2 0.7 -0.9
v -1.2 0.8 -0.9
v -1.1 0.7 -0.9
v -1.1 0.8 -0.9
v -1.1 0.9 -0.9
v -1 0.8 -0.9
v -1 0.9 -0.9
v -1 1 -0.9
v -0.9 0.9 -0.9
v -0.9 1 -0.9
v -0.9 1.1 -0.9
v -0.8 1 -0.9
v -0.8 1.1 -0.9
v -0.8 1.2 -0.9
v -0.7 1.1 -0.9
v -0.7 1.2 -0.9
v -0.7 1.5 -0.9
v -0.6 1.2 -0.9
v -0.6 1.5 -0.9
v -0.6 1.7 -0.9
v -0.5 1.5 -0.9
v -0.5 1.6 -0.9
v -0.5 1.7 -0.9
v -0.4 1.7 -0.9
v -0.4 1.8 -0.9
v -0.3 1.6 -0.9
v -0.3 1.7 -0.9
v -0.0999999 1.6 -0.9
v -0.0999999 1.7 -0.9
v -0.0999999 1.8 -0.9
v 2.38419e-07 1.6 -0.9
v 2.38419e-07 1.7 -0.9
v 0.2 1.6 -0.9
v 0.2 1.7 -0.9
v 0.3 1.7 -0.9
v 0.3 1.8 -0.9
v 0.4 1.5 -0.9
v 0.4 1.6 -0.9
v 0.4 1.7 -0.9
v 0.5 1.2 -0.9
v 0.5 1.5 -0.9
v 0.5 1.7 -0.9
v 0.6 1.1 -0.9
v 0.6 1.2 -0.9
v 0.6 1.5 -0.9
v 0.7 1 -0.9
v 0.7 1.1 -0.9
v 0.7 1.2 -0.9
v 0.8 0.9 -0.9
v 0.8 1 -0.9
v 0.8 1.1 -0.9
v 0.9 0.8 -0.9
v 0.9 0.9 -0.9
v 0.9 1 -0.9
v 1 0.7 -0.9
v 1 0.8 -0.9
v 1 0.9 -0.9
v 1.1 0.6 -0.9
v 1.1 0.7 -0.9
v 1.1 0.8 -0.9
v 1.2 0.5 -0.9
v 1.2 0.6 -0.9
v 1.2 0.7 -0.9
v 1.3 0.5 -0.9
v 1.3 0.6 -0.9
v 1.5 0.5 -0.9
v 1.5 0.6 -0.9
v 1.8 0.4 -0.9
v 1.8 0.5 -0.9
v 1.8 0.6 -0.9
v 2 0.3 -0.9
v 2 0.4 -0.9
v 2 0.5 -0.9
v 2.3 0.3 -0.9
v 2.3 0.4 -0.9
v 2.4 0.1 -0.9
v 2.4 0.3 -0.9
v 2.5 0.1 -0.9
v 2.5 0.2 -0.9
v 2.5 0.3 -0.9
v -1.3 0.5 -1
v -1.3 0.6 -1
v -1.2 0.5 -1
v -1.2 0.6 -1
v -1.2 0.7 -1
v -1.1 0.6 -1
v -1.1 0.7 -1
v -1.1 0.8 -1
v -1 0.7 -1
v -1 0.8 -1
v -1 0.9 -1
v -0.9 0.8 -1
v -0.9 0.9 -1
v -0.9 1 -1
v -0.8 0.9 -1
v -0.8 1 -1
v -0.8 1.1 -1
v -0.7 1 -1
v -0.7 1.1 -1
v -0.7 1.2 -1
v -0.6 1.1 -1
v -0.6 1.2 -1
v -0.6 1.5 -1
v -0.5 1.2 -1
v -0.5 1.4 -1
v -0.5 1.5 -1
v -0.5 1.6 -1
v -0.4 1.4 -1
v -0.4 1.5 -1
v -0.4 1.6 -1
v -0.4 1.7 -1
v -0.3 1.5 -1
v -0.3 1.6 -1
v -0.3 1.7 -1
v -0.0999999 1.8 -1
v -0.0999999 1.9 -1
v 2.38419e-07 1.8 -1
v 2.38419e-07 1.9 -1
v 0.2 1.5 -1
v 0.2 1.6 -1
v 0.2 1.7 -1
v 0.3 1.4 -1
v 0.3 1.5 -1
v 0.3 1.6 -1
v 0.3 1.7 -1
v 0.4 1.2 -1
v 0.4 1.4 -1
v 0.4 1.5 -1
v 0.4 1.6 -1
v 0.5 1.1 -1
v 0.5 1.2 -1
v 0.5 1.5 -1
v 0.6 1 -1
v 0.6 1.1 -1
v 0.6 1.2 -1
v 0.7 0.9 -1
v 0.7 1 -1
v 0.7 1.1 -1
v 0.8 0.8 -1
v 0.8 0.9 -1
v 0.8 1 -1
v 0.9 0.7 -1
v 0.9 0.8 -1
v 0.9 0.9 -1
v 1 0.6 -1
v 1 0.7 -1
v 1 0.8 -1
v 1.1 0.5 -1
v 1.1 0.6 -1
v 1.1 0.7 -1
v 1.2 0.5 -1
v 1.2 0.6 -1
v -1.2 0.5 -1.1
v -1.2 0.6 -1.1
v -1.1 0.5 -1.1
v -1.1 0.6 -1.1
v -1.1 0.7 -1.1
v -1 0.6 -1.1
v -1 0.7 -1.1
v -1 0.8 -1.1
v -0.9 0.7 -1.1
v -0.9 0.8 -1.1
v -0.9 0.9 -1.1
v -0.8 0.8 -1.1
v -0.8 0.9 -1.1
v -0.8 1 -1.1
v -0.7 0.9 -1.1
v -0.7 1 -1.1
v -0.7 1.1 -1.1
v -0.6 1 -1.1
v -0.6 1.1 -1.1
v -0.6 1.2 -1.1
v -0.5 1.2 -1.1
v -0.5 1.4 -1.1
v -0.4 1.1 -1.1
v -0.4 1.2 -1.1
v -0.4 1.4 -1.1
v -0.4 1.5 -1.1
v -0.3 1.2 -1.1
v -0.3 1.4 -1.1
v -0.3 1.5 -1.1
v -0.3 1.6 -1.1
v 2.38419e-07 1.4 -1.1
v 2.38419e-07 1.6 -1.1
v 0.2 1.2 -1.1
v 0.2 1.4 -1.1
v 0.2 1.5 -1.1
v 0.2 1.6 -1.1
v 0.3 1.1 -1.1
v 0.3 1.2 -1.1
v 0.3 1.4 -1.1
v 0.3 1.5 -1.1
v 0.4 1.2 -1.1
v 0.4 1.4 -1.1
v 0.5 1 -1.1
v 0.5 1.1 -1.1
v 0.5 1.2 -1.1
v 0.6 0.9 -1.1
v 0.6 1 -1.1
v 0.6 1.1 -1.1
v 0.7 0.8 -1.1
v 0.7 0.9 -1.1
v 0.7 1 -1.1
v 0.8 0.7 -1.1
v 0.8 0.8 -1.1
v 0.8 0.9 -1.1
v 0.9 0.6 -1.1
v 0.9 0.7 -1.1
v 0.9 0.8 -1.1
v 1 0.5 -1.1
v 1 0.6 -1.1
v 1 0.7 -1.1
v 1.1 0.5 -1.1
v 1.1 0.6 -1.1
v -2.5 0.1 -1.2
v -2.5 0.3 -1.2
v -2.4 0.1 -1.2
v -2.4 0.2 -1.2
v -2.4 0.3 -1.2
v -2.2 0.2 -1.2
v -2.2 0.3 -1.2
v -1.9 0.4 -1.2
v -1.9 0.5 -1.2
v -1.8 0.4 -1.2
v -1.8 0.5 -1.2
v -1.4 0.6 -1.2
v -1.4 0.7 -1.2
v -1.3 0.6 -1.2
v -1.3 0.7 -1.2
v -1.1 0.5 -1.2
v -1.1 0.6 -1.2
v -1 0.5 -1.2
v -1 0.6 -1.2
v -1 0.7 -1.2
v -0.9 0.6 -1.2
v -0.9 0.7 -1.2
v -0.9 0.8 -1.2
v -0.8 0.7 -1.2
v -0.8 0.8 -1.2
v -0.8 0.9 -1.2
v -0.7 0.8 -1.2
v -0.7 0.9 -1.2
v -0.7 1 -1.2
v -0.6 0.9 -1.2
v -0.6 1 -1.2
v -0.6 1.1 -1.2
v -0.4 1 -1.2
v -0.4 1.1 -1.2
v -0.4 1.2 -1.2
v -0.3 1.1 -1.2
v -0.3 1.2 -1.2
v -0.3 1.4 -1.2
v 2.38419e-07 1.2 -1.2
v 2.38419e-07 1.4 -1.2
v 0.2 1.1 -1.2
v 0.2 1.2 -1.2
v 0.2 1.4 -1.2
v 0.3 1 -1.2
v 0.3 1.1 -1.2
v 0.3 1.2 -1.2
v 0.5 0.9 -1.2
v 0.5 1 -1.2
v 0.5 1.1 -1.2
v 0.6 0.8 -1.2
v 0.6 0.9 -1.2
v 0.6 1 -1.2
v 0.7 0.7 -1.2
v 0.7 0.8 -1.2
v 0.7 0.9 -1.2
v 0.8 0.6 -1.2
v 0.8 0.7 -1.2
v 0.8 0.8 -1.2
v 0.9 0.5 -1.2
v 0.9 0.6 -1.2
v 0.9 0.7 -1.2
v 1 0.5 -1.2
v 1 0.6 -1.2
v 1.2 0.6 -1.2
v 1.2 0.7 -1.2
v 1.3 0.6 -1.2
v 1.3 0.7 -1.2
v 1.7 0.4 -1.2
v 1.7 0.5 -1.2
v 1.8 0.4 -1.2
v 1.8 0.5 -1.2
v 2.1 0.2 -1.2
v 2.1 0.3 -1.2
v 2.3 0.1 -1.2
v 2.3 0.2 -1.2
v 2.3 0.3 -1.2
v 2.4 0.1 -1.2
v 2.4 0.3 -1.2
v -2.5 0 -1.3
v -2.5 0.1 -1.3
v -2.4 0 -1.3
v -2.4 0.1 -1.3
v -2.4 0.2 -1.3
v -2.3 0.1 -1.3
v -2.3 0.2 -1.3
v -2.2 0.2 -1.3
v -2.2 0.3 -1.3
v -2.1 0.3 -1.3
v -2.1 0.4 -1.3
v -2 0.2 -1.3
v -2 0.3 -1.3
v -1.9 0.3 -1.3
v -1.9 0.4 -1.3
v -1.8 0.4 -1.3
v -1.8 0.5 -1.3
v -1.7 0.4 -1.3
v -1.7 0.5 -1.3
v -1.5 0.6 -1.3
v -1.5 0.7 -1.3
v -1.4 0.6 -1.3
v -1.4 0.7 -1.3
v -1.3 0.5 -1.3
v -1.3 0.6 -1.3
v -1.2 0.5 -1.3
v -1.2 0.6 -1.3
v -1 0.5 -1.3
v -1 0.6 -1.3
v -0.9 0.5 -1.3
v -0.9 0.6 -1.3
v -0.9 0.7 -1.3
v -0.8 0.6 -1.3
v -0.8 0.7 -1.3
v -0.8 0.8 -1.3
v -0.7 0.7 -1.3
v -0.7 0.8 -1.3
v -0.7 0.9 -1.3
v -0.6 0.8 -1.3
v -0.6 0.9 -1.3
v -0.6 1 -1.3
v -0.4 0.9 -1.3
v -0.4 1 -1.3
v -0.3 1.1 -1.3
v -0.3 1.2 -1.3
v 2.38419e-07 1.1 -1.3
v 2.38419e-07 1.2 -1.3
v 0.2 1.1 -1.3
v 0.2 1.2 -1.3
v 0.3 0.9 -1.3
v 0.3 1 -1.3
v 0.5 0.8 -1.3
v 0.5 0.9 -1.3
v 0.5 1 -1.3
v 0.6 0.7 -1.3
v 0.6 0.8 -1.3
v 0.6 0.9 -1.3
v 0.7 0.6 -1.3
v 0.7 0.7 -1.3
v 0.7 0.8 -1.3
v 0.8 0.5 -1.3
v 0.8 0.6 -1.3
v 0.8 0.7 -1.3
v 0.9 0.5 -1.3
v 0.9 0.6 -1.3
v 1.1 0.5 -1.3
v 1.1 0.6 -1.3
v 1.2 0.5 -1.3
v 1.2 0.6 -1.3
v 1.3 0.6 -1.3
v 1.3 0.7 -1.3
v 1.4 0.6 -1.3
v 1.4 0.7 -1.3
v 1.6 0.4 -1.3
v 1.6 0.5 -1.3
v 1.7 0.4 -1.3
v 1.7 0.5 -1.3
v 1.8 0.3 -1.3
v 1.8 0.4 -1.3
v 1.9 0.2 -1.3
v 1.9 0.3 -1.3
v 2 0.3 -1.3
v 2 0.4 -1.3
v 2.1 0.2 -1.3
v 2.1 0.3 -1.3
v 2.2 0.1 -1.3
v 2.2 0.2 -1.3
v 2.3 0 -1.3
v 2.3 0.1 -1.3
v 2.3 0.2 -1.3
v 2.4 0 -1.3
v 2.4 0.1 -1.3
v -2.4 0 -1.4
v -2.4 0.1 -1.4
v -2.4 0.2 -1.4
v -2.4 0.3 -1.4
v -2.3 0 -1.4
v -2.3 0.1 -1.4
v -2.3 0.2 -1.4
v -2.3 0.3 -1.4
v -2.2 0.1 -1.4
v -2.2 0.2 -1.4
v -2 0.2 -1.4
v -2 0.3 -1.4
v -1.9 0.3 -1.4
v -1.9 0.4 -1.4
v -1.8 0.2 -1.4
v -1.8 0.4 -1.4
v -1.6 0.6 -1.4
v -1.6 0.7 -1.4
v -1.5 0.6 -1.4
v -1.5 0.7 -1.4
v -0.9 0.5 -1.4
v -0.9 0.6 -1.4
v -0.8 0.5 -1.4
v -0.8 0.6 -1.4
v -0.8 0.7 -1.4
v -0.7 0.6 -1.4
v -0.7 0.7 -1.4
v -0.7 0.8 -1.4
v -0.6 0.7 -1.4
v -0.6 0.8 -1.4
v -0.6 0.9 -1.4
v -0.4 0.8 -1.4
v -0.4 0.9 -1.4
v -0.4 1 -1.4
v -0.4 1.1 -1.4
v 2.38419e-07 1 -1.4
v 2.38419e-07 1.1 -1.4
v 0.3 0.8 -1.4
v 0.3 0.9 -1.4
v 0.3 1 -1.4
v 0.3 1.1 -1.4
v 0.5 0.7 -1.4
v 0.5 0.8 -1.4
v 0.5 0.9 -1.4
v 0.6 0.6 -1.4
v 0.6 0.7 -1.4
v 0.6 0.8 -1.4
v 0.7 0.5 -1.4
v 0.7 0.6 -1.4
v 0.7 0.7 -1.4
v 0.8 0.5 -1.4
v 0.8 0.6 -1.4
v 1.4 0.6 -1.4
v 1.4 0.7 -1.4
v 1.5 0.6 -1.4
v 1.5 0.7 -1.4
v 1.7 0.2 -1.4
v 1.7 0.4 -1.4
v 1.8 0.3 -1.4
v 1.8 0.4 -1.4
v 1.9 0.2 -1.4
v 1.9 0.3 -1.4
v 2.1 0.1 -1.4
v 2.1 0.2 -1.4
v 2.2 0 -1.4
v 2.2 0.1 -1.4
v 2.2 0.2 -1.4
v 2.2 0.3 -1.4
v 2.3 0 -1.4
v 2.3 0.1 -1.4
v 2.3 0.2 -1.4
v 2.3 0.3 -1.4
v -1.8 0.3 -1.5
v -1.8 0.4 -1.5
v -1.7 0.3 -1.5
v -1.7 0.4 -1.5
v -1.5 0.5 -1.5
v -1.5 0.6 -1.5
v -1.3 0.5 -1.5
v -1.3 0.6 -1.5
v -0.8 0.5 -1.5
v -0.8 0.6 -1.5
v -0.7 0.5 -1.5
v -0.7 0.6 -1.5
v -0.7 0.7 -1.5
v -0.6 0.7 -1.5
v -0.6 0.8 -1.5
v -0.5 0.6 -1.5
v -0.5 0.7 -1.5
v -0.4 0.7 -1.5
v -0.4 0.8 -1.5
v -0.4 0.9 -1.5
v -0.4 1 -1.5
v 2.38419e-07 0.9 -1.5
v 2.38419e-07 1 -1.5
v 0.3 0.7 -1.5
v 0.3 0.8 -1.5
v 0.3 0.9 -1.5
v 0.3 1 -1.5
v 0.4 0.6 -1.5
v 0.4 0.7 -1.5
v 0.5 0.7 -1.5
v 0.5 0.8 -1.5
v 0.6 0.5 -1.5
v 0.6 0.6 -1.5
v 0.6 0.7 -1.5
v 0.7 0.5 -1.5
v 0.7 0.6 -1.5
v 1.2 0.5 -1.5
v 1.2 0.6 -1.5
v 1.4 0.5 -1.5
v 1.4 0.6 -1.5
v 1.6 0.3 -1.5
v 1.6 0.4 -1.5
v 1.7 0.3 -1.5
v 1.7 0.4 -1.5
v -2.3 0 -1.6
v -2.3 0.1 -1.6
v -2.3 0.2 -1.6
v -2.3 0.3 -1.6
v -2.2 0 -1.6
v -2.2 0.1 -1.6
v -2.2 0.2 -1.6
v -2.2 0.3 -1.6
v -2.1 0.1 -1.6
v -2.1 0.2 -1.6
v -1.8 0.2 -1.6
v -1.8 0.3 -1.6
v -1.7 0.2 -1.6
v -1.7 0.3 -1.6
v -1.7 0.4 -1.6
v -1.7 0.5 -1.6
v -1.6 0.4 -1.6
v -1.6 0.5 -1.6
v -0.9 0.6 -1.6
v -0.9 0.7 -1.6
v -0.8 0.6 -1.6
v -0.8 0.7 -1.6
v -0.7 0.5 -1.6
v -0.7 0.6 -1.6
v -0.6 0.5 -1.6
v -0.6 0.6 -1.6
v -0.5 0.6 -1.6
v -0.5 0.7 -1.6
v -0.4 0.6 -1.6
v -0.4 0.7 -1.6
v -0.4 0.8 -1.6
v -0.4 0.9 -1.6
v 2.38419e-07 0.8 -1.6
v 2.38419e-07 0.9 -1.6
v 0.3 0.6 -1.6
v 0.3 0.7 -1.6
v 0.3 0.8 -1.6
v 0.3 0.9 -1.6
v 0.4 0.6 -1.6
v 0.4 0.7 -1.6
v 0.5 0.5 -1.6
v 0.5 0.6 -1.6
v 0.6 0.5 -1.6
v 0.6 0.6 -1.6
v 0.7 0.6 -1.6
v 0.7 0.7 -1.6
v 0.8 0.6 -1.6
v 0.8 0.7 -1.6
v 1.5 0.4 -1.6
v 1.5 0.5 -1.6
v 1.6 0.2 -1.6
v 1.6 0.3 -1.6
v 1.6 0.4 -1.6
v 1.6 0.5 -1.6
v 1.7 0.2 -1.6
v 1.7 0.3 -1.6
v 2 0.1 -1.6
v 2 0.2 -1.6
v 2.1 0 -1.6
v 2.1 0.1 -1.6
v 2.1 0.2 -1.6
v 2.1 0.3 -1.6
v 2.2 0 -1.6
v 2.2 0.1 -1.6
v 2.2 0.2 -1.6
v 2.2 0.3 -1.6
v -2.2 0.2 -1.7
v -2.2 0.3 -1.7
v -2.2 0.4 -1.7
v -2.1 0.2 -1.7
v -2.1 0.3 -1.7
v -2.1 0.4 -1.7
v -1.9 0.3 -1.7
v -1.9 0.5 -1.7
v -1.8 0.3 -1.7
v -1.8 0.5 -1.7
v -1.7 0.2 -1.7
v -1.7 0.4 -1.7
v -1.6 0.2 -1.7
v -1.6 0.3 -1.7
v -1.6 0.4 -1.7
v -1.6 0.5 -1.7
v -1.5 0.3 -1.7
v -1.5 0.4 -1.7
v -1.5 0.5 -1.7
v -1.3 0.4 -1.7
v -1.3 0.5 -1.7
v -0.6 0.5 -1.7
v -0.6 0.6 -1.7
v -0.4 0.5 -1.7
v -0.4 0.6 -1.7
v -0.4 0.7 -1.7
v -0.4 0.8 -1.7
v 2.38419e-07 0.7 -1.7
v 2.38419e-07 0.8 -1.7
v 0.3 0.5 -1.7
v 0.3 0.6 -1.7
v 0.3 0.7 -1.7
v 0.3 0.8 -1.7
v 0.5 0.5 -1.7
v 0.5 0.6 -1.7
v 1.2 0.4 -1.7
v 1.2 0.5 -1.7
v 1.4 0.3 -1.7
v 1.4 0.4 -1.7
v 1.5 0.2 -1.7
v 1.5 0.3 -1.7
v 1.5 0.4 -1.7
v 1.5 0.5 -1.7
v 1.6 0.2 -1.7
v 1.6 0.4 -1.7
v 1.7 0.4 -1.7
v 1.7 0.5 -1.7
v 1.8 0.4 -1.7
v 1.8 0.5 -1.7
v 2 0.2 -1.7
v 2 0.3 -1.7
v 2 0.4 -1.7
v 2.1 0.2 -1.7
v 2.1 0.3 -1.7
v 2.1 0.4 -1.7
v -2.1 0.3 -1.8
v -2.1 0.4 -1.8
v -2.1 0.5 -1.8
v -2 0.3 -1.8
v -2 0.4 -1.8
v -2 0.5 -1.8
v -1.9 0.3 -1.8
v -1.9 0.4 -1.8
v -1.8 0.2 -1.8
v -1.8 0.3 -1.8
v -1.7 0.2 -1.8
v -1.7 0.3 -1.8
v -1.6 0.2 -1.8
v -1.6 0.3 -1.8
v -1.5 0.3 -1.8
v -1.5 0.4 -1.8
v -1.4 0.2 -1.8
v -1.4 0.4 -1.8
v -1.3 0.4 -1.8
v -1.3 0.5 -1.8
v -1.2 0.4 -1.8
v -1.2 0.5 -1.8
v -0.4 0.6 -1.8
v -0.4 0.7 -1.8
v 2.38419e-07 0.6 -1.8
v 2.38419e-07 0.7 -1.8
v 0.3 0.6 -1.8
v 0.3 0.7 -1.8
v 1.1 0.4 -1.8
v 1.1 0.5 -1.8
v 1.2 0.4 -1.8
v 1.2 0.5 -1.8
v 1.3 0.2 -1.8
v 1.3 0.4 -1.8
v 1.4 0.3 -1.8
v 1.4 0.4 -1.8
v 1.5 0.2 -1.8
v 1.5 0.3 -1.8
v 1.6 0.2 -1.8
v 1.6 0.3 -1.8
v 1.7 0.2 -1.8
v 1.7 0.3 -1.8
v 1.8 0.3 -1.8
v 1.8 0.4 -1.8
v 1.9 0.3 -1.8
v 1.9 0.4 -1.8
v 1.9 0.5 -1.8
v 2 0.3 -1.8
v 2 0.4 -1.8
v 2 0.5 -1.8
v -2 0.2 -1.9
v -2 0.3 -1.9
v -2 0.4 -1.9
v -2 0.5 -1.9
v -1.9 0.2 -1.9
v -1.9 0.3 -1.9
v -1.9 0.4 -1.9
v -1.9 0.5 -1.9
v -1.4 0.3 -1.9
v -1.4 0.4 -1.9
v -1.3 0.3 -1.9
v -1.3 0.4 -1.9
v -1.2 0.4 -1.9
v -1.2 0.5 -1.9
v -0.9 0.4 -1.9
v -0.9 0.5 -1.9
v -0.9 0.6 -1.9
v -0.6 0.5 -1.9
v -0.6 0.6 -1.9
v -0.4 0.5 -1.9
v -0.4 0.6 -1.9
v 2.38419e-07 0.5 -1.9
v 2.38419e-07 0.6 -1.9
v 0.3 0.5 -1.9
v 0.3 0.6 -1.9
v 0.5 0.5 -1.9
v 0.5 0.6 -1.9
v 0.8 0.4 -1.9
v 0.8 0.5 -1.9
v 0.8 0.6 -1.9
v 1.1 0.4 -1.9
v 1.1 0.5 -1.9
v 1.2 0.3 -1.9
v 1.2 0.4 -1.9
v 1.3 0.3 -1.9
v 1.3 0.4 -1.9
v 1.7 0.3 -1.9
v 1.7 0.4 -1.9
v 1.8 0.2 -1.9
v 1.8 0.3 -1.9
v 1.8 0.4 -1.9
v 1.8 0.5 -1.9
v 1.9 0.2 -1.9
v 1.9 0.3 -1.9
v 1.9 0.4 -1.9
v 1.9 0.5 -1.9
v -1.9 0.2 -2
v -1.9 0.3 -2
v -1.9 0.4 -2
v -1.9 0.5 -2
v -1.8 0.2 -2
v -1.8 0.3 -2
v -1.8 0.4 -2
v -1.8 0.5 -2
v -1.4 0.2 -2
v -1.4 0.3 -2
v -1.3 0.2 -2
v -1.3 0.3 -2
v -0.6 0.4 -2
v -0.6 0.5 -2
v 2.38419e-07 0.4 -2
v 2.38419e-07 0.5 -2
v 0.5 0.4 -2
v 0.5 0.5 -2
v 1.2 0.2 -2
v 1.2 0.3 -2
v 1.3 0.2 -2
v 1.3 0.3 -2
v 1.7 0.2 -2
v 1.7 0.3 -2
v 1.7 0.4 -2
v 1.7 0.5 -2
v 1.8 0.2 -2
v 1.8 0.3 -2
v 1.8 0.4 -2
v 1.8 0.5 -2
v -1.8 0.1 -2.1
v -1.8 0.2 -2.1
v -1.8 0.3 -2.1
v -1.8 0.4 -2.1
v -1.7 0.1 -2.1
v -1.7 0.2 -2.1
v -1.7 0.3 -2.1
v -1.7 0.4 -2.1
v -1.6 0.1 -2.1
v -1.6 0.2 -2.1
v -1.3 0.3 -2.1
v -1.3 0.4 -2.1
v -0.9 0.3 -2.1
v -0.9 0.4 -2.1
v -0.9 0.5 -2.1
v -0.6 0.4 -2.1
v -0.6 0.5 -2.1
v 0.5 0.4 -2.1
v 0.5 0.5 -2.1
v 0.8 0.3 -2.1
v 0.8 0.4 -2.1
v 0.8 0.5 -2.1
v 1.2 0.3 -2.1
v 1.2 0.4 -2.1
v 1.5 0.1 -2.1
v 1.5 0.2 -2.1
v 1.6 0.1 -2.1
v 1.6 0.2 -2.1
v 1.6 0.3 -2.1
v 1.6 0.4 -2.1
v 1.7 0.1 -2.1
v 1.7 0.2 -2.1
v 1.7 0.3 -2.1
v 1.7 0.4 -2.1
v -1.7 0 -2.2
v -1.7 0.1 -2.2
v -1.7 0.2 -2.2
v -1.7 0.3 -2.2
v -1.6 0 -2.2
v -1.6 0.1 -2.2
v -1.6 0.2 -2.2
v -1.6 0.3 -2.2
v -1.4 0.1 -2.2
v -1.4 0.2 -2.2
v -1.3 0.2 -2.2
v -1.3 0.3 -2.2
v -1.2 0.2 -2.2
v -1.2 0.3 -2.2
v -0.6 0.3 -2.2
v -0.6 0.4 -2.2
v 2.38419e-07 0.3 -2.2
v 2.38419e-07 0.4 -2.2
v 0.5 0.3 -2.2
v 0.5 0.4 -2.2
v 1.1 0.2 -2.2
v 1.1 0.3 -2.2
v 1.2 0.2 -2.2
v 1.2 0.3 -2.2
v 1.3 0.1 -2.2
v 1.3 0.2 -2.2
v 1.5 0 -2.2
v 1.5 0.1 -2.2
v 1.5 0.2 -2.2
v 1.5 0.3 -2.2
v 1.6 0 -2.2
v 1.6 0.1 -2.2
v 1.6 0.2 -2.2
v 1.6 0.3 -2.2
v -1.6 0 -2.3
v -1.6 0.1 -2.3
v -1.6 0.2 -2.3
v -1.6 0.3 -2.3
v -1.4 0 -2.3
v -1.4 0.1 -2.3
v -1.4 0.2 -2.3
v -1.4 0.3 -2.3
v -1.3 0.1 -2.3
v -1.3 0.2 -2.3
v 1.2 0.1 -2.3
v 1.2 0.2 -2.3
v 1.3 0 -2.3
v 1.3 0.1 -2.3
v 1.3 0.2 -2.3
v 1.3 0.3 -2.3
v 1.5 0 -2.3
v 1.5 0.1 -2.3
v 1.5 0.2 -2.3
v 1.5 0.3 -2.3
v -1.4 0 -2.4
v -1.4 0.1 -2.4
v -1.4 0.2 -2.4
v -1.4 0.3 -2.4
v -1.3 0 -2.4
v -1.3 0.1 -2.4
v -1.3 0.2 -2.4
v -1.3 0.3 -2.4
v -1.2 0.1 -2.4
v -1.2 0.2 -2.4
v -0.9 0.3 -2.4
v -0.9 0.4 -2.4
v -0.6 0.3 -2.4
v -0.6 0.4 -2.4
v 0.5 0.3 -2.4
v 0.5 0.4 -2.4
v 0.8 0.3 -2.4
v 0.8 0.4 -2.4
v 1.1 0.1 -2.4
v 1.1 0.2 -2.4
v 1.2 0 -2.4
v 1.2 0.1 -2.4
v 1.2 0.2 -2.4
v 1.2 0.3 -2.4
v 1.3 0 -2.4
v 1.3 0.1 -2.4
v 1.3 0.2 -2.4
v 1.3 0.3 -2.4
v -1.2 0.1 -2.5
v -1.2 0.3 -2.5
v -0.9 0.1 -2.5
v -0.9 0.3 -2.5
v -0.6 0.2 -2.5
v -0.6 0.3 -2.5
v 2.38419e-07 0.2 -2.5
v 2.38419e-07 0.3 -2.5
v 0.5 0.2 -2.5
v 0.5 0.3 -2.5
v 0.8 0.1 -2.5
v 0.8 0.3 -2.5
v 1.1 0.1 -2.5
v 1.1 0.3 -2.5
v -0.9 0.2 -2.6
v -0.9 0.3 -2.6
v -0.9 0.4 -2.6
v -0.9 0.5 -2.6
v -0.6 0.2 -2.6
v -0.6 0.3 -2.6
v -0.6 0.4 -2.6
v -0.6 0.5 -2.6
v 0.5 0.2 -2.6
v 0.5 0.3 -2.6
v 0.5 0.4 -2.6
v 0.5 0.5 -2.6
v 0.8 0.2 -2.6
v 0.8 0.3 -2.6
v 0.8 0.4 -2.6
v 0.8 0.5 -2.6
v -0.6 0.1 -2.7
v -0.6 0.2 -2.7
v -0.5 0.3 -2.7
v -0.5 0.4 -2.7
v -0.2 0 -2.7
v -0.2 0.1 -2.7
v -0.2 0.3 -2.7
v -0.2 0.4 -2.7
v -0.0999999 0 -2.7
v -0.0999999 0.1 -2.7
v 2.38419e-07 0 -2.7
v 2.38419e-07 0.1 -2.7
v 2.38419e-07 0.2 -2.7
v 0.1 0 -2.7
v 0.1 0.1 -2.7
v 0.1 0.3 -2.7
v 0.1 0.4 -2.7
v 0.4 0.3 -2.7
v 0.4 0.4 -2.7
v 0.5 0.1 -2.7
v 0.5 0.2 -2.7
v -0.6 0.1 2.6
v -0.6 0.2 2.6
v -0.3 0.3 2.6
v -0.3 0.4 2.6
v -0.2 0 2.6
v -0.2 0.1 2.6
v -0.2 0.2 2.6
v -0.2 0.3 2.6
v -0.2 0.4 2.6
v -0.0999999 0 2.6
v -0.0999999 0.1 2.6
v 2.38419e-07 0 2.6
v 2.38419e-07 0.1 2.6
v 0.1 0 2.6
v 0.1 0.1 2.6
v 0.1 0.2 2.6
v 0.1 0.3 2.6
v 0.1 0.4 2.6
v 0.3 0.3 2.6
v 0.3 0.4 2.6
v 0.5 0.1 2.6
v 0.5 0.2 2.6
v -0.9 0.2 2.5
v -0.9 0.3 2.5
v -0.9 0.4 2.5
v -0.9 0.5 2.5
v -0.6 0.2 2.5
v -0.6 0.3 2.5
v -0.5 0.3 2.5
v -0.5 0.4 2.5
v -0.5 0.5 2.5
v -0.3 0.3 2.5
v -0.3 0.4 2.5
v -0.2 0.1 2.5
v -0.2 0.2 2.5
v 2.38419e-07 0.2 2.5
v 0.1 0.1 2.5
v 0.1 0.2 2.5
v 0.3 0.4 2.5
v 0.3 0.5 2.5
v 0.5 0.2 2.5
v 0.5 0.3 2.5
v 0.8 0.2 2.5
v 0.8 0.3 2.5
v 0.8 0.4 2.5
v 0.8 0.5 2.5
v -1.2 0.1 2.4
v -1.2 0.3 2.4
v -1.2 0.4 2.4
v -1.2 0.5 2.4
v -0.9 0.1 2.4
v -0.9 0.3 2.4
v -0.9 0.4 2.4
v -0.9 0.5 2.4
v -0.6 0.2 2.4
v -0.6 0.3 2.4
v -0.5 0.2 2.4
v -0.5 0.3 2.4
v 0.4 0.2 2.4
v 0.4 0.3 2.4
v 0.5 0.2 2.4
v 0.5 0.3 2.4
v 0.8 0.1 2.4
v 0.8 0.3 2.4
v 1.1 0.1 2.4
v 1.1 0.3 2.4
v -1.4 0 2.3
v -1.4 0.1 2.3
v -1.4 0.2 2.3
v -1.4 0.3 2.3
v -1.3 0 2.3
v -1.3 0.1 2.3
v -1.3 0.2 2.3
v -1.3 0.3 2.3
v -1.3 0.4 2.3
v -1.3 0.5 2.3
v -1.2 0.1 2.3
v -1.2 0.2 2.3
v -1.2 0.4 2.3
v -1.2 0.5 2.3
v -0.9 0.3 2.3
v -0.9 0.4 2.3
v -0.6 0.3 2.3
v -0.6 0.4 2.3
v -0.5 0.2 2.3
v -0.5 0.3 2.3
v -0.4 0.2 2.3
v -0.4 0.3 2.3
v 0.3 0.2 2.3
v 0.3 0.3 2.3
v 0.4 0.2 2.3
v 0.4 0.3 2.3
v 0.5 0.3 2.3
v 0.5 0.4 2.3
v 0.8 0.3 2.3
v 0.8 0.4 2.3
v 1.1 0.1 2.3
v 1.1 0.2 2.3
v 1.2 0 2.3
v 1.2 0.1 2.3
v 1.2 0.2 2.3
v 1.2 0.3 2.3
v 1.3 0 2.3
v 1.3 0.1 2.3
v 1.3 0.2 2.3
v 1.3 0.3 2.3
v -1.6 0 2.2
v -1.6 0.1 2.2
v -1.6 0.2 2.2
v -1.6 0.3 2.2
v -1.4 0 2.2
v -1.4 0.1 2.2
v -1.4 0.2 2.2
v -1.4 0.3 2.2
v -1.3 0.1 2.2
v -1.3 0.2 2.2
v -0.4 0.2 2.2
v -0.4 0.3 2.2
v 2.38419e-07 0.3 2.2
v 0.3 0.2 2.2
v 0.3 0.3 2.2
v 1.2 0.1 2.2
v 1.2 0.2 2.2
v 1.3 0 2.2
v 1.3 0.1 2.2
v 1.3 0.2 2.2
v 1.3 0.3 2.2
v 1.5 0 2.2
v 1.5 0.1 2.2
v 1.5 0.2 2.2
v 1.5 0.3 2.2
v -1.7 0 2.1
v -1.7 0.1 2.1
v -1.7 0.2 2.1
v -1.7 0.3 2.1
v -1.6 0 2.1
v -1.6 0.1 2.1
v -1.6 0.2 2.1
v -1.6 0.3 2.1
v -1.4 0.1 2.1
v -1.4 0.2 2.1
v -1.3 0.2 2.1
v -1.3 0.3 2.1
v -1.2 0.2 2.1
v -1.2 0.3 2.1
v -0.6 0.3 2.1
v -0.6 0.4 2.1
v -0.3 0.3 2.1
v -0.3 0.4 2.1
v 0.2 0.3 2.1
v 0.2 0.4 2.1
v 0.5 0.3 2.1
v 0.5 0.4 2.1
v 1.1 0.2 2.1
v 1.1 0.3 2.1
v 1.2 0.2 2.1
v 1.2 0.3 2.1
v 1.3 0.1 2.1
v 1.3 0.2 2.1
v 1.5 0 2.1
v 1.5 0.1 2.1
v 1.5 0.2 2.1
v 1.5 0.3 2.1
v 1.6 0 2.1
v 1.6 0.1 2.1
v 1.6 0.2 2.1
v 1.6 0.3 2.1
v -1.8 0.1 2
v -1.8 0.2 2
v -1.8 0.3 2
v -1.8 0.4 2
v -1.7 0.1 2
v -1.7 0.2 2
v -1.7 0.3 2
v -1.7 0.4 2
v -1.6 0.1 2
v -1.6 0.2 2
v -1.3 0.3 2
v -1.3 0.4 2
v -0.9 0.3 2
v -0.9 0.4 2
v -0.9 0.5 2
v -0.6 0.4 2
v -0.6 0.5 2
v -0.3 0.3 2
v -0.3 0.4 2
v 2.38419e-07 0.4 2
v 0.2 0.3 2
v 0.2 0.4 2
v 0.5 0.4 2
v 0.5 0.5 2
v 0.8 0.3 2
v 0.8 0.4 2
v 0.8 0.5 2
v 1.2 0.3 2
v 1.2 0.4 2
v 1.5 0.1 2
v 1.5 0.2 2
v 1.6 0.1 2
v 1.6 0.2 2
v 1.6 0.3 2
v 1.6 0.4 2
v 1.7 0.1 2
v 1.7 0.2 2
v 1.7 0.3 2
v 1.7 0.4 2
v -1.9 0.2 1.9
v -1.9 0.3 1.9
v -1.9 0.4 1.9
v -1.9 0.5 1.9
v -1.8 0.2 1.9
v -1.8 0.3 1.9
v -1.8 0.4 1.9
v -1.8 0.5 1.9
v -1.4 0.2 1.9
v -1.4 0.3 1.9
v -1.3 0.2 1.9
v -1.3 0.3 1.9
v -0.6 0.4 1.9
v -0.6 0.5 1.9
v -0.2 0.4 1.9
v -0.2 0.5 1.9
v 0.1 0.4 1.9
v 0.1 0.5 1.9
v 0.5 0.4 1.9
v 0.5 0.5 1.9
v 1.2 0.2 1.9
v 1.2 0.3 1.9
v 1.3 0.2 1.9
v 1.3 0.3 1.9
v 1.7 0.2 1.9
v 1.7 0.3 1.9
v 1.7 0.4 1.9
v 1.7 0.5 1.9
v 1.8 0.2 1.9
v 1.8 0.3 1.9
v 1.8 0.4 1.9
v 1.8 0.5 1.9
v -2 0.2 1.8
v -2 0.3 1.8
v -2 0.4 1.8
v -2 0.5 1.8
v -1.9 0.2 1.8
v -1.9 0.3 1.8
v -1.9 0.4 1.8
v -1.9 0.5 1.8
v -1.8 0.3 1.8
v -1.8 0.4 1.8
v -1.4 0.3 1.8
v -1.4 0.4 1.8
v -1.3 0.3 1.8
v -1.3 0.4 1.8
v -1.2 0.4 1.8
v -1.2 0.5 1.8
v -0.9 0.4 1.8
v -0.9 0.5 1.8
v -0.9 0.6 1.8
v -0.7 0.5 1.8
v -0.7 0.6 1.8
v -0.4 0.5 1.8
v -0.4 0.6 1.8
v -0.2 0.4 1.8
v -0.2 0.5 1.8
v -0.2 0.6 1.8
v 0.1 0.4 1.8
v 0.1 0.5 1.8
v 0.1 0.6 1.8
v 0.3 0.5 1.8
v 0.3 0.6 1.8
v 0.5 0.5 1.8
v 0.5 0.6 1.8
v 0.8 0.4 1.8
v 0.8 0.5 1.8
v 0.8 0.6 1.8
v 1.1 0.4 1.8
v 1.1 0.5 1.8
v 1.2 0.3 1.8
v 1.2 0.4 1.8
v 1.3 0.3 1.8
v 1.3 0.4 1.8
v 1.8 0.2 1.8
v 1.8 0.3 1.8
v 1.8 0.4 1.8
v 1.8 0.5 1.8
v 1.9 0.2 1.8
v 1.9 0.3 1.8
v 1.9 0.4 1.8
v 1.9 0.5 1.8
v -2.1 0.3 1.7
v -2.1 0.4 1.7
v -2.1 0.5 1.7
v -2 0.3 1.7
v -2 0.4 1.7
v -2 0.5 1.7
v -1.9 0.3 1.7
v -1.9 0.4 1.7
v -1.6 0.2 1.7
v -1.6 0.3 1.7
v -1.5 0.3 1.7
v -1.5 0.4 1.7
v -1.4 0.2 1.7
v -1.4 0.4 1.7
v -1.3 0.4 1.7
v -1.3 0.5 1.7
v -1.2 0.4 1.7
v -1.2 0.5 1.7
v -0.4 0.6 1.7
v -0.4 0.7 1.7
v -0.2 0.5 1.7
v -0.2 0.6 1.7
v -0.2 0.7 1.7
v 0.1 0.5 1.7
v 0.1 0.6 1.7
v 0.1 0.7 1.7
v 0.3 0.6 1.7
v 0.3 0.7 1.7
v 1.1 0.4 1.7
v 1.1 0.5 1.7
v 1.2 0.4 1.7
v 1.2 0.5 1.7
v 1.3 0.2 1.7
v 1.3 0.4 1.7
v 1.4 0.3 1.7
v 1.4 0.4 1.7
v 1.5 0.2 1.7
v 1.5 0.3 1.7
v 1.6 0.2 1.7
v 1.6 0.3 1.7
v 1.7 0.2 1.7
v 1.7 0.3 1.7
v 1.7 0.4 1.7
v 1.8 0.4 1.7
v 1.9 0.3 1.7
v 1.9 0.4 1.7
v 1.9 0.5 1.7
v 2 0.3 1.7
v 2 0.4 1.7
v 2 0.5 1.7
v -2.2 0.2 1.6
v -2.2 0.3 1.6
v -2.2 0.4 1.6
v -2.1 0.2 1.6
v -2.1 0.3 1.6
v -2.1 0.4 1.6
v -1.9 0.3 1.6
v -1.9 0.5 1.6
v -1.8 0.3 1.6
v -1.8 0.5 1.6
v -1.7 0.2 1.6
v -1.7 0.4 1.6
v -1.6 0.2 1.6
v -1.6 0.3 1.6
v -1.6 0.4 1.6
v -1.6 0.5 1.6
v -1.5 0.3 1.6
v -1.5 0.4 1.6
v -1.5 0.5 1.6
v -1.3 0.4 1.6
v -1.3 0.5 1.6
v -0.6 0.5 1.6
v -0.6 0.6 1.6
v -0.4 0.5 1.6
v -0.4 0.6 1.6
v -0.4 0.7 1.6
v -0.4 0.8 1.6
v -0.2 0.6 1.6
v -0.2 0.7 1.6
v -0.2 0.8 1.6
v 0.1 0.6 1.6
v 0.1 0.7 1.6
v 0.1 0.8 1.6
v 0.3 0.5 1.6
v 0.3 0.6 1.6
v 0.3 0.7 1.6
v 0.3 0.8 1.6
v 0.5 0.5 1.6
v 0.5 0.6 1.6
v 1.2 0.4 1.6
v 1.2 0.5 1.6
v 1.4 0.3 1.6
v 1.4 0.4 1.6
v 1.5 0.2 1.6
v 1.5 0.3 1.6
v 1.5 0.4 1.6
v 1.5 0.5 1.6
v 1.6 0.2 1.6
v 1.6 0.4 1.6
v 1.7 0.4 1.6
v 1.7 0.5 1.6
v 1.8 0.4 1.6
v 1.8 0.5 1.6
v 2 0.2 1.6
v 2 0.3 1.6
v 2 0.4 1.6
v 2.1 0.2 1.6
v 2.1 0.3 1.6
v 2.1 0.4 1.6
v -2.3 0 1.5
v -2.3 0.1 1.5
v -2.3 0.2 1.5
v -2.3 0.3 1.5
v -2.2 0 1.5
v -2.2 0.1 1.5
v -2.2 0.2 1.5
v -2.2 0.3 1.5
v -2.1 0.1 1.5
v -2.1 0.2 1.5
v -1.8 0.2 1.5
v -1.8 0.3 1.5
v -1.7 0.2 1.5
v -1.7 0.3 1.5
v -1.7 0.4 1.5
v -1.7 0.5 1.5
v -1.6 0.4 1.5
v -1.6 0.5 1.5
v -0.9 0.6 1.5
v -0.9 0.7 1.5
v -0.8 0.6 1.5
v -0.8 0.7 1.5
v -0.7 0.5 1.5
v -0.7 0.6 1.5
v -0.6 0.5 1.5
v -0.6 0.6 1.5
v -0.5 0.6 1.5
v -0.5 0.7 1.5
v -0.4 0.6 1.5
v -0.4 0.7 1.5
v -0.4 0.8 1.5
v -0.4 0.9 1.5
v -0.2 0.7 1.5
v -0.2 0.8 1.5
v -0.2 0.9 1.5
v 0.1 0.7 1.5
v 0.1 0.8 1.5
v 0.1 0.9 1.5
v 0.3 0.6 1.5
v 0.3 0.7 1.5
v 0.3 0.8 1.5
v 0.3 0.9 1.5
v 0.4 0.6 1.5
v 0.4 0.7 1.5
v 0.5 0.5 1.5
v 0.5 0.6 1.5
v 0.6 0.5 1.5
v 0.6 0.6 1.5
v 0.7 0.6 1.5
v 0.7 0.7 1.5
v 0.8 0.6 1.5
v 0.8 0.7 1.5
v 1.5 0.4 1.5
v 1.5 0.5 1.5
v 1.6 0.2 1.5
v 1.6 0.3 1.5
v 1.6 0.4 1.5
v 1.6 0.5 1.5
v 1.7 0.2 1.5
v 1.7 0.3 1.5
v 2 0.1 1.5
v 2 0.2 1.5
v 2.1 0 1.5
v 2.1 0.1 1.5
v 2.1 0.2 1.5
v 2.1 0.3 1.5
v 2.2 0 1.5
v 2.2 0.1 1.5
v 2.2 0.2 1.5
v 2.2 0.3 1.5
v -1.8 0.3 1.4
v -1.8 0.4 1.4
v -1.7 0.3 1.4
v -1.7 0.4 1.4
v -1.5 0.5 1.4
v -1.5 0.6 1.4
v -1.4 0.5 1.4
v -1.4 0.6 1.4
v -1.3 0.5 1.4
v -1.3 0.6 1.4
v -0.8 0.5 1.4
v -0.8 0.6 1.4
v -0.7 0.5 1.4
v -0.7 0.6 1.4
v -0.7 0.7 1.4
v -0.6 0.7 1.4
v -0.6 0.8 1.4
v -0.5 0.6 1.4
v -0.5 0.7 1.4
v -0.4 0.7 1.4
v -0.4 0.8 1.4
v -0.4 0.9 1.4
v -0.4 1 1.4
v -0.2 0.8 1.4
v -0.2 0.9 1.4
v -0.2 1 1.4
v 0.1 0.8 1.4
v 0.1 0.9 1.4
v 0.1 1 1.4
v 0.3 0.7 1.4
v 0.3 0.8 1.4
v 0.3 0.9 1.4
v 0.3 1 1.4
v 0.4 0.6 1.4
v 0.4 0.7 1.4
v 0.5 0.7 1.4
v 0.5 0.8 1.4
v 0.6 0.5 1.4
v 0.6 0.6 1.4
v 0.6 0.7 1.4
v 0.7 0.5 1.4
v 0.7 0.6 1.4
v 1.2 0.5 1.4
v 1.2 0.6 1.4
v 1.4 0.5 1.4
v 1.4 0.6 1.4
v 1.6 0.3 1.4
v 1.6 0.4 1.4
v 1.7 0.3 1.4
v 1.7 0.4 1.4
v -2.4 0 1.3
v -2.4 0.1 1.3
v -2.4 0.2 1.3
v -2.4 0.3 1.3
v -2.3 0 1.3
v -2.3 0.1 1.3
v -2.3 0.2 1.3
v -2.3 0.3 1.3
v -2.2 0.1 1.3
v -2.2 0.2 1.3
v -2 0.2 1.3
v -2 0.3 1.3
v -1.9 0.3 1.3
v -1.9 0.4 1.3
v -1.8 0.2 1.3
v -1.8 0.4 1.3
v -1.6 0.6 1.3
v -1.6 0.7 1.3
v -1.5 0.6 1.3
v -1.5 0.7 1.3
v -0.9 0.5 1.3
v -0.9 0.6 1.3
v -0.8 0.5 1.3
v -0.8 0.6 1.3
v -0.8 0.7 1.3
v -0.7 0.6 1.3
v -0.7 0.7 1.3
v -0.7 0.8 1.3
v -0.6 0.7 1.3
v -0.6 0.8 1.3
v -0.6 0.9 1.3
v -0.4 0.8 1.3
v -0.4 0.9 1.3
v -0.4 1 1.3
v -0.4 1.1 1.3
v -0.2 0.9 1.3
v -0.2 1 1.3
v -0.2 1.1 1.3
v 0.1 0.9 1.3
v 0.1 1 1.3
v 0.1 1.1 1.3
v 0.3 0.8 1.3
v 0.3 0.9 1.3
v 0.3 1 1.3
v 0.3 1.1 1.3
v 0.5 0.7 1.3
v 0.5 0.8 1.3
v 0.5 0.9 1.3
v 0.6 0.6 1.3
v 0.6 0.7 1.3
v 0.6 0.8 1.3
v 0.7 0.5 1.3
v 0.7 0.6 1.3
v 0.7 0.7 1.3
v 0.8 0.5 1.3
v 0.8 0.6 1.3
v 1.4 0.6 1.3
v 1.4 0.7 1.3
v 1.5 0.6 1.3
v 1.5 0.7 1.3
v 1.7 0.2 1.3
v 1.7 0.4 1.3
v 1.8 0.3 1.3
v 1.8 0.4 1.3
v 1.9 0.2 1.3
v 1.9 0.3 1.3
v 2.1 0.1 1.3
v 2.1 0.2 1.3
v 2.2 0 1.3
v 2.2 0.1 1.3
v 2.2 0.2 1.3
v 2.2 0.3 1.3
v 2.3 0 1.3
v 2.3 0.1 1.3
v 2.3 0.2 1.3
v 2.3 0.3 1.3
v -2.5 0 1.2
v -2.5 0.1 1.2
v -2.4 0 1.2
v -2.4 0.1 1.2
v -2.4 0.2 1.2
v -2.3 0.1 1.2
v -2.3 0.2 1.2
v -2.2 0.2 1.2
v -2.2 0.3 1.2
v -2.1 0.3 1.2
v -2.1 0.4 1.2
v -2 0.2 1.2
v -2 0.3 1.2
v -1.9 0.3 1.2
v -1.9 0.4 1.2
v -1.8 0.4 1.2
v -1.8 0.5 1.2
v -1.7 0.4 1.2
v -1.7 0.5 1.2
v -1.5 0.6 1.2
v -1.5 0.7 1.2
v -1.4 0.6 1.2
v -1.4 0.7 1.2
v -1.3 0.5 1.2
v -1.3 0.6 1.2
v -1.2 0.5 1.2
v -1.2 0.6 1.2
v -1 0.5 1.2
v -1 0.6 1.2
v -0.9 0.5 1.2
v -0.9 0.6 1.2
v -0.9 0.7 1.2
v -0.8 0.6 1.2
v -0.8 0.7 1.2
v -0.8 0.8 1.2
v -0.7 0.7 1.2
v -0.7 0.8 1.2
v -0.7 0.9 1.2
v -0.6 0.8 1.2
v -0.6 0.9 1.2
v -0.6 1 1.2
v -0.4 0.9 1.2
v -0.4 1 1.2
v -0.3 1.1 1.2
v -0.3 1.2 1.2
v -0.2 1 1.2
v -0.2 1.1 1.2
v 2.38419e-07 1.1 1.2
v 2.38419e-07 1.2 1.2
v 0.1 1 1.2
v 0.1 1.1 1.2
v 0.2 1.1 1.2
v 0.2 1.2 1.2
v 0.3 0.9 1.2
v 0.3 1 1.2
v 0.5 0.8 1.2
v 0.5 0.9 1.2
v 0.5 1 1.2
v 0.6 0.7 1.2
v 0.6 0.8 1.2
v 0.6 0.9 1.2
v 0.7 0.6 1.2
v 0.7 0.7 1.2
v 0.7 0.8 1.2
v 0.8 0.5 1.2
v 0.8 0.6 1.2
v 0.8 0.7 1.2
v 0.9 0.5 1.2
v 0.9 0.6 1.2
v 1.1 0.5 1.2
v 1.1 0.6 1.2
v 1.2 0.5 1.2
v 1.2 0.6 1.2
v 1.3 0.6 1.2
v 1.3 0.7 1.2
v 1.4 0.6 1.2
v 1.4 0.7 1.2
v 1.6 0.4 1.2
v 1.6 0.5 1.2
v 1.7 0.4 1.2
v 1.7 0.5 1.2
v 1.8 0.3 1.2
v 1.8 0.4 1.2
v 1.9 0.2 1.2
v 1.9 0.3 1.2
v 2 0.3 1.2
v 2 0.4 1.2
v 2.1 0.2 1.2
v 2.1 0.3 1.2
v 2.2 0.1 1.2
v 2.2 0.2 1.2
v 2.3 0 1.2
v 2.3 0.1 1.2
v 2.3 0.2 1.2
v 2.4 0 1.2
v 2.4 0.1 1.2
v -2.5 0.1 1.1
v -2.5 0.3 1.1
v -2.5 0.4 1.1
v -2.5 0.5 1.1
v -2.4 0.1 1.1
v -2.4 0.2 1.1
v -2.4 0.3 1.1
v -2.4 0.4 1.1
v -2.4 0.5 1.1
v -2.2 0.2 1.1
v -2.2 0.3 1.1
v -1.9 0.4 1.1
v -1.9 0.5 1.1
v -1.8 0.4 1.1
v -1.8 0.5 1.1
v -1.4 0.6 1.1
v -1.4 0.7 1.1
v -1.3 0.6 1.1
v -1.3 0.7 1.1
v -1.1 0.5 1.1
v -1.1 0.6 1.1
v -1 0.5 1.1
v -1 0.6 1.1
v -1 0.7 1.1
v -0.9 0.6 1.1
v -0.9 0.7 1.1
v -0.9 0.8 1.1
v -0.8 0.7 1.1
v -0.8 0.8 1.1
v -0.8 0.9 1.1
v -0.7 0.8 1.1
v -0.7 0.9 1.1
v -0.7 1 1.1
v -0.6 0.9 1.1
v -0.6 1 1.1
v -0.6 1.1 1.1
v -0.4 1 1.1
v -0.4 1.1 1.1
v -0.4 1.2 1.1
v -0.3 1.1 1.1
v -0.3 1.2 1.1
v -0.3 1.4 1.1
v 2.38419e-07 1.2 1.1
v 2.38419e-07 1.4 1.1
v 0.2 1.1 1.1
v 0.2 1.2 1.1
v 0.2 1.4 1.1
v 0.3 1 1.1
v 0.3 1.1 1.1
v 0.3 1.2 1.1
v 0.5 0.9 1.1
v 0.5 1 1.1
v 0.5 1.1 1.1
v 0.6 0.8 1.1
v 0.6 0.9 1.1
v 0.6 1 1.1
v 0.7 0.7 1.1
v 0.7 0.8 1.1
v 0.7 0.9 1.1
v 0.8 0.6 1.1
v 0.8 0.7 1.1
v 0.8 0.8 1.1
v 0.9 0.5 1.1
v 0.9 0.6 1.1
v 0.9 0.7 1.1
v 1 0.5 1.1
v 1 0.6 1.1
v 1.2 0.6 1.1
v 1.2 0.7 1.1
v 1.3 0.6 1.1
v 1.3 0.7 1.1
v 1.7 0.4 1.1
v 1.7 0.5 1.1
v 1.8 0.4 1.1
v 1.8 0.5 1.1
v 2.1 0.2 1.1
v 2.1 0.3 1.1
v 2.3 0.1 1.1
v 2.3 0.2 1.1
v 2.3 0.3 1.1
v 2.4 0.1 1.1
v 2.4 0.3 1.1
v -1.2 0.5 1
v -1.2 0.6 1
v -1.1 0.5 1
v -1.1 0.6 1
v -1.1 0.7 1
v -1 0.6 1
v -1 0.7 1
v -1 0.8 1
v -0.9 0.7 1
v -0.9 0.8 1
v -0.9 0.9 1
v -0.8 0.8 1
v -0.8 0.9 1
v -0.8 1 1
v -0.7 0.9 1
v -0.7 1 1
v -0.7 1.1 1
v -0.6 1 1
v -0.6 1.1 1
v -0.6 1.2 1
v -0.5 1.2 1
v -0.5 1.4 1
v -0.4 1.1 1
v -0.4 1.2 1
v -0.4 1.4 1
v -0.4 1.5 1
v -0.3 1.2 1
v -0.3 1.4 1
v -0.3 1.5 1
v -0.3 1.6 1
v 2.38419e-07 1.4 1
v 2.38419e-07 1.6 1
v 0.2 1.2 1
v 0.2 1.4 1
v 0.2 1.5 1
v 0.2 1.6 1
v 0.3 1.1 1
v 0.3 1.2 1
v 0.3 1.4 1
v 0.3 1.5 1
v 0.4 1.2 1
v 0.4 1.4 1
v 0.5 1 1
v 0.5 1.1 1
v 0.5 1.2 1
v 0.6 0.9 1
v 0.6 1 1
v 0.6 1.1 1
v 0.7 0.8 1
v 0.7 0.9 1
v 0.7 1 1
v 0.8 0.7 1
v 0.8 0.8 1
v 0.8 0.9 1
v 0.9 0.6 1
v 0.9 0.7 1
v 0.9 0.8 1
v 1 0.5 1
v 1 0.6 1
v 1 0.7 1
v 1.1 0.5 1
v 1.1 0.6 1
v -1.3 0.5 0.9
v -1.3 0.6 0.9
v -1.2 0.5 0.9
v -1.2 0.6 0.9
v -1.2 0.7 0.9
v -1.1 0.6 0.9
v -1.1 0.7 0.9
v -1.1 0.8 0.9
v -1 0.7 0.9
v -1 0.8 0.9
v -1 0.9 0.9
v -0.9 0.8 0.9
v -0.9 0.9 0.9
v -0.9 1 0.9
v -0.8 0.9 0.9
v -0.8 1 0.9
v -0.8 1.1 0.9
v -0.7 1 0.9
v -0.7 1.1 0.9
v -0.7 1.2 0.9
v -0.6 1.1 0.9
v -0.6 1.2 0.9
v -0.6 1.5 0.9
v -0.5 1.2 0.9
v -0.5 1.4 0.9
v -0.5 1.5 0.9
v -0.5 1.6 0.9
v -0.4 1.4 0.9
v -0.4 1.5 0.9
v -0.4 1.6 0.9
v -0.4 1.7 0.9
v -0.3 1.5 0.9
v -0.3 1.6 0.9
v -0.3 1.7 0.9
v -0.0999999 1.8 0.9
v -0.0999999 1.9 0.9
v 2.38419e-07 1.8 0.9
v 2.38419e-07 1.9 0.9
v 0.2 1.5 0.9
v 0.2 1.6 0.9
v 0.2 1.7 0.9
v 0.3 1.4 0.9
v 0.3 1.5 0.9
v 0.3 1.6 0.9
v 0.3 1.7 0.9
v 0.4 1.2 0.9
v 0.4 1.4 0.9
v 0.4 1.5 0.9
v 0.4 1.6 0.9
v 0.5 1.1 0.9
v 0.5 1.2 0.9
v 0.5 1.5 0.9
v 0.6 1 0.9
v 0.6 1.1 0.9
v 0.6 1.2 0.9
v 0.7 0.9 0.9
v 0.7 1 0.9
v 0.7 1.1 0.9
v 0.8 0.8 0.9
v 0.8 0.9 0.9
v 0.8 1 0.9
v 0.9 0.7 0.9
v 0.9 0.8 0.9
v 0.9 0.9 0.9
v 1 0.6 0.9
v 1 0.7 0.9
v 1 0.8 0.9
v 1.1 0.5 0.9
v 1.1 0.6 0.9
v 1.1 0.7 0.9
v 1.2 0.5 0.9
v 1.2 0.6 0.9
v -2.6 0.1 0.8
v -2.6 0.2 0.8
v -2.6 0.3 0.8
v -2.6 0.4 0.8
v -2.6 0.5 0.8
v -2.5 0.1 0.8
v -2.5 0.3 0.8
v -2.5 0.4 0.8
v -2.5 0.5 0.8
v -2.4 0.3 0.8
v -2.4 0.4 0.8
v -2.1 0.3 0.8
v -2.1 0.4 0.8
v -2.1 0.5 0.8
v -1.9 0.4 0.8
v -1.9 0.5 0.8
v -1.9 0.6 0.8
v -1.6 0.5 0.8
v -1.6 0.6 0.8
v -1.4 0.5 0.8
v -1.4 0.6 0.8
v -1.3 0.5 0.8
v -1.3 0.6 0.8
v -1.3 0.7 0.8
v -1.2 0.6 0.8
v -1.2 0.7 0.8
v -1.2 0.8 0.8
v -1.1 0.7 0.8
v -1.1 0.8 0.8
v -1.1 0.9 0.8
v -1 0.8 0.8
v -1 0.9 0.8
v -1 1 0.8
v -0.9 0.9 0.8
v -0.9 1 0.8
v -0.9 1.1 0.8
v -0.8 1 0.8
v -0.8 1.1 0.8
v -0.8 1.2 0.8
v -0.7 1.1 0.8
v -0.7 1.2 0.8
v -0.7 1.5 0.8
v -0.6 1.2 0.8
v -0.6 1.5 0.8
v -0.6 1.7 0.8
v -0.5 1.5 0.8
v -0.5 1.6 0.8
v -0.5 1.7 0.8
v -0.4 1.7 0.8
v -0.4 1.8 0.8
v -0.3 1.6 0.8
v -0.3 1.7 0.8
v -0.3 1.8 0.8
v -0.0999999 1.6 0.8
v -0.0999999 1.7 0.8
v 2.38419e-07 1.6 0.8
v 2.38419e-07 1.7 0.8
v 2.38419e-07 1.8 0.8
v 0.2 1.6 0.8
v 0.2 1.7 0.8
v 0.3 1.7 0.8
v 0.3 1.8 0.8
v 0.4 1.5 0.8
v 0.4 1.6 0.8
v 0.4 1.7 0.8
v 0.5 1.2 0.8
v 0.5 1.5 0.8
v 0.5 1.7 0.8
v 0.6 1.1 0.8
v 0.6 1.2 0.8
v 0.6 1.5 0.8
v 0.7 1 0.8
v 0.7 1.1 0.8
v 0.7 1.2 0.8
v 0.8 0.9 0.8
v 0.8 1 0.8
v 0.8 1.1 0.8
v 0.9 0.8 0.8
v 0.9 0.9 0.8
v 0.9 1 0.8
v 1 0.7 0.8
v 1 0.8 0.8
v 1 0.9 0.8
v 1.1 0.6 0.8
v 1.1 0.7 0.8
v 1.1 0.8 0.8
v 1.2 0.5 0.8
v 1.2 0.6 0.8
v 1.2 0.7 0.8
v 1.3 0.5 0.8
v 1.3 0.6 0.8
v 1.5 0.5 0.8
v 1.5 0.6 0.8
v 1.8 0.4 0.8
v 1.8 0.5 0.8
v 1.8 0.6 0.8
v 2 0.3 0.8
v 2 0.4 0.8
v 2 0.5 0.8
v 2.3 0.3 0.8
v 2.3 0.4 0.8
v 2.4 0.1 0.8
v 2.4 0.3 0.8
v 2.5 0.1 0.8
v 2.5 0.2 0.8
v 2.5 0.3 0.8
v -1.5 0.5 0.7
v -1.5 0.6 0.7
v -1.4 0.5 0.7
v -1.4 0.6 0.7
v -1.4 0.7 0.7
v -1.3 0.6 0.7
v -1.3 0.7 0.7
v -1.3 0.8 0.7
v -1.2 0.7 0.7
v -1.2 0.8 0.7
v -1.2 0.9 0.7
v -1.1 0.8 0.7
v -1.1 0.9 0.7
v -1.1 1 0.7
v -1 0.9 0.7
v -1 1 0.7
v -1 1.1 0.7
v -0.9 1 0.7
v -0.9 1.1 0.7
v -0.9 1.2 0.7
v -0.8 1.1 0.7
v -0.8 1.2 0.7
v -0.8 1.5 0.7
v -0.7 1.2 0.7
v -0.7 1.5 0.7
v -0.7 1.7 0.7
v -0.6 1.5 0.7
v -0.6 1.6 0.7
v -0.6 1.7 0.7
v -0.6 1.8 0.7
v -0.5 1.6 0.7
v -0.5 1.7 0.7
v -0.4 1.7 0.7
v -0.4 1.8 0.7
v -0.4 1.9 0.7
v -0.3 1.6 0.7
v -0.3 1.7 0.7
v 2.38419e-07 1.8 0.7
v 2.38419e-07 1.9 0.7
v 0.2 1.6 0.7
v 0.2 1.7 0.7
v 0.3 1.7 0.7
v 0.3 1.8 0.7
v 0.3 1.9 0.7
v 0.4 1.6 0.7
v 0.4 1.7 0.7
v 0.5 1.5 0.7
v 0.5 1.6 0.7
v 0.5 1.7 0.7
v 0.5 1.8 0.7
v 0.6 1.2 0.7
v 0.6 1.5 0.7
v 0.6 1.7 0.7
v 0.7 1.1 0.7
v 0.7 1.2 0.7
v 0.7 1.5 0.7
v 0.8 1 0.7
v 0.8 1.1 0.7
v 0.8 1.2 0.7
v 0.9 0.9 0.7
v 0.9 1 0.7
v 0.9 1.1 0.7
v 1 0.8 0.7
v 1 0.9 0.7
v 1 1 0.7
v 1.1 0.7 0.7
v 1.1 0.8 0.7
v 1.1 0.9 0.7
v 1.2 0.6 0.7
v 1.2 0.7 0.7
v 1.2 0.8 0.7
v 1.3 0.5 0.7
v 1.3 0.6 0.7
v 1.3 0.7 0.7
v 1.4 0.5 0.7
v 1.4 0.6 0.7
v -1.6 0.5 0.6
v -1.6 0.6 0.6
v -1.5 0.5 0.6
v -1.5 0.6 0.6
v -1.5 0.7 0.6
v -1.4 0.6 0.6
v -1.4 0.7 0.6
v -1.4 0.8 0.6
v -1.3 0.7 0.6
v -1.3 0.8 0.6
v -1.3 0.9 0.6
v -1.2 0.8 0.6
v -1.2 0.9 0.6
v -1.2 1 0.6
v -1.1 0.9 0.6
v -1.1 1 0.6
v -1.1 1.1 0.6
v -1 1 0.6
v -1 1.1 0.6
v -1 1.2 0.6
v -0.9 1.1 0.6
v -0.9 1.2 0.6
v -0.9 1.5 0.6
v -0.8 1.2 0.6
v -0.8 1.5 0.6
v -0.8 1.7 0.6
v -0.8 1.8 0.6
v -0.8 1.9 0.6
v -0.7 1.5 0.6
v -0.7 1.6 0.6
v -0.7 1.7 0.6
v -0.7 1.8 0.6
v -0.7 1.9 0.6
v -0.6 1.6 0.6
v -0.6 1.7 0.6
v -0.6 1.8 0.6
v -0.6 1.9 0.6
v -0.5 1.6 0.6
v -0.5 1.7 0.6
v -0.5 1.9 0.6
v -0.5 2 0.6
v -0.4 1.8 0.6
v -0.4 1.9 0.6
v 2.38419e-07 1.9 0.6
v 2.38419e-07 2 0.6
v 0.3 1.8 0.6
v 0.3 1.9 0.6
v 0.4 1.6 0.6
v 0.4 1.7 0.6
v 0.4 1.9 0.6
v 0.4 2 0.6
v 0.5 1.6 0.6
v 0.5 1.7 0.6
v 0.5 1.8 0.6
v 0.5 1.9 0.6
v 0.6 1.5 0.6
v 0.6 1.6 0.6
v 0.6 1.7 0.6
v 0.6 1.8 0.6
v 0.6 1.9 0.6
v 0.7 1.2 0.6
v 0.7 1.5 0.6
v 0.7 1.7 0.6
v 0.7 1.8 0.6
v 0.7 1.9 0.6
v 0.8 1.1 0.6
v 0.8 1.2 0.6
v 0.8 1.5 0.6
v 0.9 1 0.6
v 0.9 1.1 0.6
v 0.9 1.2 0.6
v 1 0.9 0.6
v 1 1 0.6
v 1 1.1 0.6
v 1.1 0.8 0.6
v 1.1 0.9 0.6
v 1.1 1 0.6
v 1.2 0.7 0.6
v 1.2 0.8 0.6
v 1.2 0.9 0.6
v 1.3 0.6 0.6
v 1.3 0.7 0.6
v 1.3 0.8 0.6
v 1.4 0.5 0.6
v 1.4 0.6 0.6
v 1.4 0.7 0.6
v 1.5 0.5 0.6
v 1.5 0.6 0.6
v -2.5 0.4 0.5
v -2.5 0.5 0.5
v -2.4 0.4 0.5
v -2.4 0.5 0.5
v -2.1 0.6 0.5
v -2.1 0.7 0.5
v -1.9 0.6 0.5
v -1.9 0.7 0.5
v -1.7 0.5 0.5
v -1.7 0.6 0.5
v -1.6 0.5 0.5
v -1.6 0.6 0.5
v -1.5 0.7 0.5
v -1.5 0.8 0.5
v -1.4 0.7 0.5
v -1.4 0.8 0.5
v -1.4 0.9 0.5
v -1.3 0.8 0.5
v -1.3 0.9 0.5
v -1.3 1 0.5
v -1.2 0.9 0.5
v -1.2 1 0.5
v -1.2 1.1 0.5
v -1.1 1 0.5
v -1.1 1.1 0.5
v -1.1 1.2 0.5
v -1 1.1 0.5
v -1 1.2 0.5
v -1 1.5 0.5
v -0.9 1.2 0.5
v -0.9 1.5 0.5
v -0.9 1.7 0.5
v -0.8 1.5 0.5
v -0.8 1.6 0.5
v -0.8 1.7 0.5
v -0.8 1.8 0.5
v -0.7 1.6 0.5
v -0.7 1.7 0.5
v -0.7 1.8 0.5
v -0.7 1.9 0.5
v -0.6 1.6 0.5
v -0.6 1.7 0.5
v -0.6 1.8 0.5
v -0.6 1.9 0.5
v -0.6 2 0.5
v -0.5 1.9 0.5
v -0.5 2 0.5
v -0.5 2.1 0.5
v 2.38419e-07 2 0.5
v 2.38419e-07 2.1 0.5
v 0.4 1.9 0.5
v 0.4 2 0.5
v 0.4 2.1 0.5
v 0.5 1.6 0.5
v 0.5 1.7 0.5
v 0.5 1.8 0.5
v 0.5 1.9 0.5
v 0.5 2 0.5
v 0.6 1.6 0.5
v 0.6 1.7 0.5
v 0.6 1.8 0.5
v 0.6 1.9 0.5
v 0.7 1.5 0.5
v 0.7 1.6 0.5
v 0.7 1.7 0.5
v 0.7 1.8 0.5
v 0.8 1.2 0.5
v 0.8 1.5 0.5
v 0.8 1.7 0.5
v 0.9 1.1 0.5
v 0.9 1.2 0.5
v 0.9 1.5 0.5
v 1 1 0.5
v 1 1.1 0.5
v 1 1.2 0.5
v 1.1 0.9 0.5
v 1.1 1 0.5
v 1.1 1.1 0.5
v 1.2 0.8 0.5
v 1.2 0.9 0.5
v 1.2 1 0.5
v 1.3 0.7 0.5
v 1.3 0.8 0.5
v 1.3 0.9 0.5
v 1.4 0.7 0.5
v 1.4 0.8 0.5
v 1.5 0.5 0.5
v 1.5 0.6 0.5
v 1.6 0.5 0.5
v 1.6 0.6 0.5
v 1.9 0.6 0.5
v 1.9 0.7 0.5
v 2 0.6 0.5
v 2 0.7 0.5
v 2.5 0.4 0.5
v 2.5 0.5 0.5
v 2.6 0.4 0.5
v 2.6 0.5 0.5
v -2.7 0.4 0.4
v -2.7 0.5 0.4
v -2.6 0.3 0.4
v -2.6 0.4 0.4
v -2.6 0.5 0.4
v -2.5 0.3 0.4
v -2.5 0.4 0.4
v -2.4 0.4 0.4
v -2.4 0.5 0.4
v -2.3 0.4 0.4
v -2.3 0.5 0.4
v -2.2 0.5 0.4
v -2.2 0.6 0.4
v -2.1 0.5 0.4
v -2.1 0.6 0.4
v -1.9 0.6 0.4
v -1.9 0.7 0.4
v -1.8 0.6 0.4
v -1.8 0.7 0.4
v -1.6 0.6 0.4
v -1.6 0.7 0.4
v -1.5 0.6 0.4
v -1.5 0.7 0.4
v -1.1 1.2 0.4
v -1.1 1.4 0.4
v -1 1.2 0.4
v -1 1.4 0.4
v -1 1.5 0.4
v -1 1.6 0.4
v -0.9 1.5 0.4
v -0.9 1.6 0.4
v -0.8 1.6 0.4
v -0.8 1.7 0.4
v -0.7 1.6 0.4
v -0.7 1.7 0.4
v -0.7 1.9 0.4
v -0.7 2 0.4
v -0.6 1.9 0.4
v -0.6 2 0.4
v -0.6 2.1 0.4
v -0.5 2 0.4
v -0.5 2.1 0.4
v -0.4 2.1 0.4
v -0.4 2.2 0.4
v 2.38419e-07 2.1 0.4
v 2.38419e-07 2.2 0.4
v 0.3 2.1 0.4
v 0.3 2.2 0.4
v 0.4 2 0.4
v 0.4 2.1 0.4
v 0.5 1.9 0.4
v 0.5 2 0.4
v 0.5 2.1 0.4
v 0.6 1.6 0.4
v 0.6 1.7 0.4
v 0.6 1.9 0.4
v 0.6 2 0.4
v 0.7 1.6 0.4
v 0.7 1.7 0.4
v 0.8 1.5 0.4
v 0.8 1.6 0.4
v 0.9 1.2 0.4
v 0.9 1.4 0.4
v 0.9 1.5 0.4
v 0.9 1.6 0.4
v 1 1.2 0.4
v 1 1.4 0.4
v 1.4 0.6 0.4
v 1.4 0.7 0.4
v 1.5 0.6 0.4
v 1.5 0.7 0.4
v 1.8 0.6 0.4
v 1.8 0.7 0.4
v 1.9 0.6 0.4
v 1.9 0.7 0.4
v 2 0.5 0.4
v 2 0.6 0.4
v 2.1 0.5 0.4
v 2.1 0.6 0.4
v 2.3 0.4 0.4
v 2.3 0.5 0.4
v 2.4 0.4 0.4
v 2.4 0.5 0.4
v 2.5 0.3 0.4
v 2.5 0.4 0.4
v 2.6 0.3 0.4
v 2.6 0.4 0.4
v -2.3 0.4 0.3
v -2.3 0.5 0.3
v -2.2 0.4 0.3
v -2.2 0.5 0.3
v -2.1 0.5 0.3
v -2.1 0.6 0.3
v -2 0.5 0.3
v -2 0.6 0.3
v -1.9 0.5 0.3
v -1.9 0.6 0.3
v -1.8 0.6 0.3
v -1.8 0.7 0.3
v -1.7 0.5 0.3
v -1.7 0.6 0.3
v -1.7 0.7 0.3
v -1.7 0.8 0.3
v -1.6 0.6 0.3
v -1.6 0.7 0.3
v -1.6 0.8 0.3
v -1.6 0.9 0.3
v -1.5 0.7 0.3
v -1.5 0.8 0.3
v -1.5 0.9 0.3
v -1.5 1 0.3
v -1.4 0.8 0.3
v -1.4 0.9 0.3
v -1.4 1 0.3
v -1.4 1.1 0.3
v -1.3 0.9 0.3
v -1.3 1 0.3
v -1.2 1 0.3
v -1.2 1.1 0.3
v -1.2 1.2 0.3
v -1.1 1.1 0.3
v -1.1 1.2 0.3
v -1.1 1.4 0.3
v -1.1 1.5 0.3
v -1 1.4 0.3
v -1 1.5 0.3
v -1 1.6 0.3
v -1 1.7 0.3
v -0.9 1.6 0.3
v -0.9 1.7 0.3
v -0.9 1.8 0.3
v -0.8 1.7 0.3
v -0.8 1.8 0.3
v -0.8 1.9 0.3
v -0.7 1.8 0.3
v -0.7 1.9 0.3
v -0.5 2.1 0.3
v -0.5 2.2 0.3
v -0.4 2.1 0.3
v -0.4 2.2 0.3
v -0.4 2.3 0.3
v 2.38419e-07 2.2 0.3
v 2.38419e-07 2.3 0.3
v 0.3 2.1 0.3
v 0.3 2.2 0.3
v 0.3 2.3 0.3
v 0.4 2.1 0.3
v 0.4 2.2 0.3
v 0.6 1.8 0.3
v 0.6 1.9 0.3
v 0.7 1.7 0.3
v 0.7 1.8 0.3
v 0.7 1.9 0.3
v 0.8 1.6 0.3
v 0.8 1.7 0.3
v 0.8 1.8 0.3
v 0.9 1.4 0.3
v 0.9 1.5 0.3
v 0.9 1.6 0.3
v 0.9 1.7 0.3
v 1 1.1 0.3
v 1 1.2 0.3
v 1 1.4 0.3
v 1 1.5 0.3
v 1.1 1 0.3
v 1.1 1.1 0.3
v 1.1 1.2 0.3
v 1.2 0.9 0.3
v 1.2 1 0.3
v 1.2 1.1 0.3
v 1.3 0.8 0.3
v 1.3 0.9 0.3
v 1.3 1 0.3
v 1.3 1.1 0.3
v 1.4 0.7 0.3
v 1.4 0.8 0.3
v 1.4 0.9 0.3
v 1.4 1 0.3
v 1.5 0.6 0.3
v 1.5 0.7 0.3
v 1.5 0.8 0.3
v 1.5 0.9 0.3
v 1.6 0.5 0.3
v 1.6 0.6 0.3
v 1.6 0.7 0.3
v 1.6 0.8 0.3
v 1.7 0.5 0.3
v 1.7 0.6 0.3
v 1.7 0.7 0.3
v 1.8 0.5 0.3
v 1.8 0.6 0.3
v 1.9 0.5 0.3
v 1.9 0.6 0.3
v 2 0.5 0.3
v 2 0.6 0.3
v 2.2 0.4 0.3
v 2.2 0.5 0.3
v 2.3 0.4 0.3
v 2.3 0.5 0.3
v 2.4 0.3 0.3
v 2.4 0.4 0.3
v 2.5 0.3 0.3
v 2.5 0.4 0.3
v -2.7 0.3 0.2
v -2.7 0.4 0.2
v -2.6 0.3 0.2
v -2.6 0.4 0.2
v -1.3 1.1 0.2
v -1.3 1.2 0.2
v -1.2 1.1 0.2
v -1.2 1.2 0.2
v -1.2 1.4 0.2
v -1.1 1.2 0.2
v -1.1 1.4 0.2
v -1.1 1.5 0.2
v -1.1 1.6 0.2
v -1 1.5 0.2
v -1 1.6 0.2
v -0.9 1.6 0.2
v -0.9 1.7 0.2
v -0.8 1.6 0.2
v -0.8 1.7 0.2
v -0.3 2.3 0.2
v -0.3 2.5 0.2
v 2.38419e-07 2.3 0.2
v 2.38419e-07 2.5 0.2
v 0.2 2.3 0.2
v 0.2 2.5 0.2
v 0.7 1.6 0.2
v 0.7 1.7 0.2
v 0.8 1.6 0.2
v 0.8 1.7 0.2
v 0.9 1.5 0.2
v 0.9 1.6 0.2
v 1 1.2 0.2
v 1 1.4 0.2
v 1 1.5 0.2
v 1 1.6 0.2
v 1.1 1.1 0.2
v 1.1 1.2 0.2
v 1.1 1.4 0.2
v 1.2 1.1 0.2
v 1.2 1.2 0.2
v 2.1 0.4 0.2
v 2.1 0.5 0.2
v 2.2 0.4 0.2
v 2.2 0.5 0.2
v -2.8 0.3 0.0999999
v -2.8 0.4 0.0999999
v -2.7 0.3 0.0999999
v -2.7 0.4 0.0999999
v -0.2 2.5 0.0999999
v -0.2 2.6 0.0999999
v -0.0999999 2.6 0.0999999
v -0.0999999 2.7 0.0999999
v 2.38419e-07 2.5 0.0999999
v 2.38419e-07 2.6 0.0999999
v 2.38419e-07 2.7 0.0999999
v 0.1 2.5 0.0999999
v 0.1 2.6 0.0999999
v 2.6 0.3 0.0999999
v 2.6 0.4 0.0999999
v 2.7 0.3 0.0999999
v 2.7 0.4 0.0999999
v -2.8 0 0
v -2.8 0.1 0
v -2.7 0 0
v -2.7 0.1 0
v -0.2 2.6 0
v -0.2 2.7 0
v -0.0999999 2.6 0
v -0.0999999 2.7 0
v 2.38419e-07 2.6 0
v 2.38419e-07 2.7 0
v 0.1 2.6 0
v 0.1 2.7 0
v 2.6 0 0
v 2.6 0.1 0
v 2.7 0 0
v 2.7 0.1 0
v -2.6 0.3 -0.1
v -2.6 0.4 -0.1
v -2.5 0.3 -0.1
v -2.5 0.4 -0.1
v -2.3 0.4 -0.1
v -2.3 0.5 -0.1
v -2.2 0.4 -0.1
v -2.2 0.5 -0.1
v -2.1 0.5 -0.1
v -2.1 0.6 -0.1
v -2 0.5 -0.1
v -2 0.6 -0.1
v -2 0.7 -0.1
v -1.9 0.6 -0.1
v -1.9 0.7 -0.1
v -1.5 1.1 -0.1
v -1.5 1.2 -0.1
v -1.4 1.1 -0.1
v -1.4 1.2 -0.1
v -1.4 1.4 -0.1
v -1.3 1.2 -0.1
v -1.3 1.4 -0.1
v -1.3 1.6 -0.1
v -1.2 1.4 -0.1
v -1.2 1.6 -0.1
v -1.2 1.7 -0.1
v -1.1 1.6 -0.1
v -1.1 1.7 -0.1
v -1.1 1.8 -0.1
v -1.1 1.9 -0.1
v -1 1.8 -0.1
v -1 1.9 -0.1
v -0.9 1.6 -0.1
v -0.9 1.7 -0.1
v -0.2 2.8 -0.1
v -0.2 3.1 -0.1
v -0.0999999 1.5 -0.1
v -0.0999999 1.6 -0.1
v -0.0999999 1.7 -0.1
v -0.0999999 2.6 -0.1
v -0.0999999 2.7 -0.1
v -0.0999999 2.8 -0.1
v -0.0999999 3.1 -0.1
v -0.0999999 3.4 -0.1
v 2.38419e-07 1.5 -0.1
v 2.38419e-07 1.6 -0.1
v 2.38419e-07 1.7 -0.1
v 2.38419e-07 2.6 -0.1
v 2.38419e-07 2.7 -0.1
v 2.38419e-07 2.8 -0.1
v 2.38419e-07 3.1 -0.1
v 2.38419e-07 3.4 -0.1
v 0.1 2.8 -0.1
v 0.1 3.1 -0.1
v 0.8 1.6 -0.1
v 0.8 1.7 -0.1
v 0.9 1.8 -0.1
v 0.9 1.9 -0.1
v 1 1.8 -0.1
v 1 1.9 -0.1
v -2.8 0 -0.2
v -2.8 0.1 -0.2
v -2.7 0 -0.2
v -2.7 0.1 -0.2
v -2.7 0.2 -0.2
v -2.6 0.1 -0.2
v -2.6 0.2 -0.2
v -2 0.4 -0.2
v -2 0.5 -0.2
v -1.9 0.4 -0.2
v -1.9 0.5 -0.2
v -1.9 0.6 -0.2
v -1.8 0.5 -0.2
v -1.8 0.6 -0.2
v -1.8 0.7 -0.2
v -1.7 0.6 -0.2
v -1.7 0.7 -0.2
v -1.7 0.8 -0.2
v -1.6 0.7 -0.2
v -1.6 0.8 -0.2
v -1.6 0.9 -0.2
v -1.5 0.8 -0.2
v -1.5 0.9 -0.2
v -1.5 1 -0.2
v -1.4 0.9 -0.2
v -1.4 1 -0.2
v -1.4 1.1 -0.2
v -1.3 1 -0.2
v -1.3 1.1 -0.2
v -0.2 2.7 -0.2
v -0.2 2.8 -0.2
v -0.0999999 2.7 -0.2
v -0.0999999 2.8 -0.2
v -0.0999999 3.1 -0.2
v 2.38419e-07 2.8 -0.2
v 2.38419e-07 3.1 -0.2
v 0.1 2.7 -0.2
v 0.1 2.8 -0.2
v 2.6 0 -0.2
v 2.6 0.1 -0.2
v 2.7 0 -0.2
v 2.7 0.1 -0.2
v -2.2 0.3 -0.3
v -2.2 0.4 -0.3
v -2.1 0.3 -0.3
v -2.1 0.4 -0.3
v -1 1.6 -0.3
v -1 1.7 -0.3
v -0.9 1.6 -0.3
v -0.9 1.7 -0.3
v -0.4 2.4 -0.3
v -0.4 2.5 -0.3
v -0.3 2.4 -0.3
v -0.3 2.5 -0.3
v -0.3 2.7 -0.3
v -0.0999999 2.5 -0.3
v -0.0999999 2.7 -0.3
v 0.2 2.4 -0.3
v 0.2 2.5 -0.3
v 0.2 2.7 -0.3
v 0.3 2.4 -0.3
v 0.3 2.5 -0.3
v 0.8 1.6 -0.3
v 0.8 1.7 -0.3
v 0.9 1.6 -0.3
v 0.9 1.7 -0.3
v -2.4 0.2 -0.4
v -2.4 0.3 -0.4
v -2.3 0.2 -0.4
v -2.3 0.3 -0.4
v -1.9 0.6 -0.4
v -1.9 0.7 -0.4
v -1.8 0.6 -0.4
v -1.8 0.7 -0.4
v -1.8 0.8 -0.4
v -1.7 0.7 -0.4
v -1.7 0.8 -0.4
v -1.7 0.9 -0.4
v -1.6 0.8 -0.4
v -1.6 0.9 -0.4
v -1.6 1 -0.4
v -1.5 0.9 -0.4
v -1.5 1 -0.4
v -1.5 1.1 -0.4
v -1.4 1 -0.4
v -1.4 1.1 -0.4
v -1.4 1.2 -0.4
v -1.3 1.1 -0.4
v -1.3 1.2 -0.4
v -1.3 1.4 -0.4
v -1.2 1.2 -0.4
v -1.2 1.4 -0.4
v -1.2 1.5 -0.4
v -1.2 1.6 -0.4
v -1.1 1.4 -0.4
v -1.1 1.5 -0.4
v -1.1 1.6 -0.4
v -1.1 1.8 -0.4
v -1 1.6 -0.4
v -1 1.8 -0.4
v -0.9 1.8 -0.4
v -0.9 1.9 -0.4
v -0.8 1.8 -0.4
v -0.8 1.9 -0.4
v -0.5 2.2 -0.4
v -0.5 2.3 -0.4
v -0.4 2.2 -0.4
v -0.4 2.3 -0.4
v -0.4 2.4 -0.4
v -0.3 2.4 -0.4
v -0.3 2.5 -0.4
v -0.0999999 2.3 -0.4
v -0.0999999 2.5 -0.4
v 0.2 2.4 -0.4
v 0.2 2.5 -0.4
v 0.3 2.2 -0.4
v 0.3 2.3 -0.4
v 0.3 2.4 -0.4
v 0.4 2.2 -0.4
v 0.4 2.3 -0.4
v 0.7 1.8 -0.4
v 0.7 1.9 -0.4
v 0.8 1.8 -0.4
v 0.8 1.9 -0.4
v 0.9 1.6 -0.4
v 0.9 1.8 -0.4
v 1 1.4 -0.4
v 1 1.6 -0.4
v 1 1.8 -0.4
v 1.1 1.2 -0.4
v 1.1 1.4 -0.4
v 1.1 1.6 -0.4
v 1.2 1.1 -0.4
v 1.2 1.2 -0.4
v 1.2 1.4 -0.4
v 1.3 1 -0.4
v 1.3 1.1 -0.4
v 1.3 1.2 -0.4
v 1.4 0.9 -0.4
v 1.4 1 -0.4
v 1.4 1.1 -0.4
v 1.5 0.8 -0.4
v 1.5 0.9 -0.4
v 1.5 1 -0.4
v 1.6 0.7 -0.4
v 1.6 0.8 -0.4
v 1.6 0.9 -0.4
v 1.7 0.7 -0.4
v 1.7 0.8 -0.4
v -2.5 0.2 -0.5
v -2.5 0.3 -0.5
v -2.4 0.2 -0.5
v -2.4 0.3 -0.5
v -0.9 1.6 -0.5
v -0.9 1.7 -0.5
v -0.8 1.6 -0.5
v -0.8 1.7 -0.5
v -0.8 1.9 -0.5
v -0.8 2 -0.5
v -0.7 1.9 -0.5
v -0.7 2 -0.5
v -0.7 2.1 -0.5
v -0.6 2 -0.5
v -0.6 2.1 -0.5
v -0.6 2.2 -0.5
v -0.5 2.1 -0.5
v -0.5 2.2 -0.5
v -0.4 2.2 -0.5
v -0.4 2.3 -0.5
v -0.0999999 2.2 -0.5
v -0.0999999 2.3 -0.5
v 0.3 2.2 -0.5
v 0.3 2.3 -0.5
v 0.4 2.1 -0.5
v 0.4 2.2 -0.5
v 0.5 2 -0.5
v 0.5 2.1 -0.5
v 0.5 2.2 -0.5
v 0.6 1.9 -0.5
v 0.6 2 -0.5
v 0.6 2.1 -0.5
v 0.7 1.6 -0.5
v 0.7 1.7 -0.5
v 0.7 1.9 -0.5
v 0.7 2 -0.5
v 0.8 1.6 -0.5
v 0.8 1.7 -0.5
v -2.8 0.1 -0.6
v -2.8 0.4 -0.6
v -2.7 0.1 -0.6
v -2.7 0.2 -0.6
v -2.7 0.4 -0.6
v -2.6 0.2 -0.6
v -2.6 0.3 -0.6
v -2.5 0.2 -0.6
v -2.5 0.3 -0.6
v -2.4 0.3 -0.6
v -2.4 0.4 -0.6
v -2.2 0.3 -0.6
v -2.2 0.4 -0.6
v -2.1 0.4 -0.6
v -2.1 0.5 -0.6
v -2 0.4 -0.6
v -2 0.5 -0.6
v -1.9 0.5 -0.6
v -1.9 0.6 -0.6
v -1.8 0.5 -0.6
v -1.8 0.6 -0.6
v -1.7 0.7 -0.6
v -1.7 0.8 -0.6
v -1.6 0.7 -0.6
v -1.6 0.8 -0.6
v -1.6 0.9 -0.6
v -1.5 0.8 -0.6
v -1.5 0.9 -0.6
v -1.5 1 -0.6
v -1.4 0.9 -0.6
v -1.4 1 -0.6
v -1.4 1.1 -0.6
v -1.3 1 -0.6
v -1.3 1.1 -0.6
v -1.3 1.2 -0.6
v -1.2 1.1 -0.6
v -1.2 1.2 -0.6
v -1.2 1.4 -0.6
v -1.1 1.2 -0.6
v -1.1 1.4 -0.6
v -1.1 1.6 -0.6
v -1 1.4 -0.6
v -1 1.6 -0.6
v -1 1.8 -0.6
v -0.9 1.6 -0.6
v -0.9 1.8 -0.6
v -0.8 1.6 -0.6
v -0.8 1.7 -0.6
v -0.8 1.8 -0.6
v -0.8 1.9 -0.6
v -0.7 1.6 -0.6
v -0.7 1.7 -0.6
v -0.7 1.8 -0.6
v -0.7 1.9 -0.6
v -0.7 2 -0.6
v -0.6 1.9 -0.6
v -0.6 2 -0.6
v -0.6 2.1 -0.6
v -0.5 2 -0.6
v -0.5 2.1 -0.6
v -0.5 2.2 -0.6
v -0.0999999 2.1 -0.6
v -0.0999999 2.2 -0.6
v 0.4 2 -0.6
v 0.4 2.1 -0.6
v 0.4 2.2 -0.6
v 0.5 1.9 -0.6
v 0.5 2 -0.6
v 0.5 2.1 -0.6
v 0.6 1.6 -0.6
v 0.6 1.7 -0.6
v 0.6 1.8 -0.6
v 0.6 1.9 -0.6
v 0.6 2 -0.6
v 0.7 1.6 -0.6
v 0.7 1.7 -0.6
v 0.7 1.8 -0.6
v 0.7 1.9 -0.6
v 0.8 1.6 -0.6
v 0.8 1.8 -0.6
v 0.9 1.4 -0.6
v 0.9 1.6 -0.6
v 0.9 1.8 -0.6
v 1 1.2 -0.6
v 1 1.4 -0.6
v 1 1.6 -0.6
v 1.1 1.1 -0.6
v 1.1 1.2 -0.6
v 1.1 1.4 -0.6
v 1.2 1 -0.6
v 1.2 1.1 -0.6
v 1.2 1.2 -0.6
v 1.3 0.9 -0.6
v 1.3 1 -0.6
v 1.3 1.1 -0.6
v 1.4 0.8 -0.6
v 1.4 0.9 -0.6
v 1.4 1 -0.6
v 1.5 0.7 -0.6
v 1.5 0.8 -0.6
v 1.5 0.9 -0.6
v 1.6 0.7 -0.6
v 1.6 0.8 -0.6
v 1.7 0.5 -0.6
v 1.7 0.6 -0.6
v 1.8 0.5 -0.6
v 1.8 0.6 -0.6
v 1.9 0.4 -0.6
v 1.9 0.5 -0.6
v 2 0.4 -0.6
v 2 0.5 -0.6
v 2.1 0.3 -0.6
v 2.1 0.4 -0.6
v 2.3 0.3 -0.6
v 2.3 0.4 -0.6
v 2.4 0.2 -0.6
v 2.4 0.3 -0.6
v 2.5 0.2 -0.6
v 2.5 0.3 -0.6
v 2.6 0.1 -0.6
v 2.6 0.2 -0.6
v 2.6 0.4 -0.6
v 2.7 0.1 -0.6
v 2.7 0.4 -0.6
v -1.8 0.5 -0.7
v -1.8 0.6 -0.7
v -1.7 0.5 -0.7
v -1.7 0.6 -0.7
v -1.6 0.7 -0.7
v -1.6 0.8 -0.7
v -1.5 0.7 -0.7
v -1.5 0.8 -0.7
v -1.5 0.9 -0.7
v -1.4 0.8 -0.7
v -1.4 0.9 -0.7
v -1.4 1 -0.7
v -1.3 0.9 -0.7
v -1.3 1 -0.7
v -1.3 1.1 -0.7
v -1.2 1 -0.7
v -1.2 1.1 -0.7
v -1.2 1.2 -0.7
v -1.1 1.1 -0.7
v -1.1 1.2 -0.7
v -1.1 1.4 -0.7
v -1 1.2 -0.7
v -1 1.4 -0.7
v -1 1.6 -0.7
v -0.9 1.4 -0.7
v -0.9 1.6 -0.7
v -0.9 1.8 -0.7
v -0.8 1.6 -0.7
v -0.8 1.8 -0.7
v -0.7 1.6 -0.7
v -0.7 1.7 -0.7
v -0.7 1.8 -0.7
v -0.7 1.9 -0.7
v -0.6 1.6 -0.7
v -0.6 1.7 -0.7
v -0.6 1.8 -0.7
v -0.6 1.9 -0.7
v -0.6 2 -0.7
v -0.5 1.9 -0.7
v -0.5 2 -0.7
v -0.5 2.1 -0.7
v -0.0999999 2 -0.7
v -0.0999999 2.1 -0.7
v 0.4 1.9 -0.7
v 0.4 2 -0.7
v 0.4 2.1 -0.7
v 0.5 1.6 -0.7
v 0.5 1.7 -0.7
v 0.5 1.8 -0.7
v 0.5 1.9 -0.7
v 0.5 2 -0.7
v 0.6 1.6 -0.7
v 0.6 1.7 -0.7
v 0.6 1.8 -0.7
v 0.6 1.9 -0.7
v 0.7 1.6 -0.7
v 0.7 1.8 -0.7
v 0.8 1.4 -0.7
v 0.8 1.6 -0.7
v 0.8 1.8 -0.7
v 0.9 1.2 -0.7
v 0.9 1.4 -0.7
v 0.9 1.6 -0.7
v 1 1.1 -0.7
v 1 1.2 -0.7
v 1 1.4 -0.7
v 1.1 1 -0.7
v 1.1 1.1 -0.7
v 1.1 1.2 -0.7
v 1.2 0.9 -0.7
v 1.2 1 -0.7
v 1.2 1.1 -0.7
v 1.3 0.8 -0.7
v 1.3 0.9 -0.7
v 1.3 1 -0.7
v 1.4 0.7 -0.7
v 1.4 0.8 -0.7
v 1.4 0.9 -0.7
v 1.5 0.7 -0.7
v 1.5 0.8 -0.7
v 1.6 0.5 -0.7
v 1.6 0.6 -0.7
v 1.7 0.5 -0.7
v 1.7 0.6 -0.7
v -1.7 0.5 -0.8
v -1.7 0.6 -0.8
v -1.6 0.5 -0.8
v -1.6 0.6 -0.8
v -1.6 0.7 -0.8
v -1.5 0.6 -0.8
v -1.5 0.7 -0.8
v -1.5 0.8 -0.8
v -1.4 0.7 -0.8
v -1.4 0.8 -0.8
v -1.4 0.9 -0.8
v -1.3 0.8 -0.8
v -1.3 0.9 -0.8
v -1.3 1 -0.8
v -1.2 0.9 -0.8
v -1.2 1 -0.8
v -1.2 1.1 -0.8
v -1.1 1 -0.8
v -1.1 1.1 -0.8
v -1.1 1.2 -0.8
v -1 1.1 -0.8
v -1 1.2 -0.8
v -1 1.4 -0.8
v -0.9 1.2 -0.8
v -0.9 1.4 -0.8
v -0.9 1.6 -0.8
v -0.8 1.4 -0.8
v -0.8 1.6 -0.8
v -0.8 1.9 -0.8
v -0.7 1.6 -0.8
v -0.7 1.8 -0.8
v -0.7 1.9 -0.8
v -0.6 1.6 -0.8
v -0.6 1.7 -0.8
v -0.6 1.8 -0.8
v -0.6 1.9 -0.8
v -0.5 1.6 -0.8
v -0.5 1.7 -0.8
v -0.5 1.9 -0.8
v -0.5 2 -0.8
v -0.4 1.8 -0.8
v -0.4 1.9 -0.8
v -0.0999999 1.9 -0.8
v -0.0999999 2 -0.8
v 0.3 1.8 -0.8
v 0.3 1.9 -0.8
v 0.4 1.6 -0.8
v 0.4 1.7 -0.8
v 0.4 1.9 -0.8
v 0.4 2 -0.8
v 0.5 1.6 -0.8
v 0.5 1.7 -0.8
v 0.5 1.8 -0.8
v 0.5 1.9 -0.8
v 0.6 1.6 -0.8
v 0.6 1.8 -0.8
v 0.6 1.9 -0.8
v 0.7 1.4 -0.8
v 0.7 1.6 -0.8
v 0.7 1.9 -0.8
v 0.8 1.2 -0.8
v 0.8 1.4 -0.8
v 0.8 1.6 -0.8
v 0.9 1.1 -0.8
v 0.9 1.2 -0.8
v 0.9 1.4 -0.8
v 1 1 -0.8
v 1 1.1 -0.8
v 1 1.2 -0.8
v 1.1 0.9 -0.8
v 1.1 1 -0.8
v 1.1 1.1 -0.8
v 1.2 0.8 -0.8
v 1.2 0.9 -0.8
v 1.2 1 -0.8
v 1.3 0.7 -0.8
v 1.3 0.8 -0.8
v 1.3 0.9 -0.8
v 1.4 0.6 -0.8
v 1.4 0.7 -0.8
v 1.4 0.8 -0.8
v 1.5 0.5 -0.8
v 1.5 0.6 -0.8
v 1.5 0.7 -0.8
v 1.6 0.5 -0.8
v 1.6 0.6 -0.8
v -2.7 0.2 -0.9
v -2.7 0.5 -0.9
v -2.6 0.2 -0.9
v -2.6 0.4 -0.9
v -2.6 0.5 -0.9
v -2.5 0.4 -0.9
v -2.5 0.5 -0.9
v -2.4 0.4 -0.9
v -2.4 0.5 -0.9
v -2.2 0.4 -0.9
v -2.2 0.5 -0.9
v -2.2 0.6 -0.9
v -2.1 0.6 -0.9
v -2.1 0.7 -0.9
v -2 0.5 -0.9
v -2 0.6 -0.9
v -1.6 0.6 -0.9
v -1.6 0.7 -0.9
v -1.5 0.6 -0.9
v -1.5 0.7 -0.9
v -1.4 0.6 -0.9
v -1.4 0.7 -0.9
v -1.4 0.8 -0.9
v -1.3 0.7 -0.9
v -1.3 0.8 -0.9
v -1.3 0.9 -0.9
v -1.2 0.8 -0.9
v -1.2 0.9 -0.9
v -1.2 1 -0.9
v -1.1 0.9 -0.9
v -1.1 1 -0.9
v -1.1 1.1 -0.9
v -1 1 -0.9
v -1 1.1 -0.9
v -1 1.2 -0.9
v -0.9 1.1 -0.9
v -0.9 1.2 -0.9
v -0.9 1.4 -0.9
v -0.8 1.2 -0.9
v -0.8 1.4 -0.9
v -0.8 1.6 -0.9
v -0.7 1.4 -0.9
v -0.7 1.6 -0.9
v -0.7 1.8 -0.9
v -0.6 1.6 -0.9
v -0.6 1.8 -0.9
v -0.4 1.6 -0.9
v -0.4 1.7 -0.9
v -0.4 1.8 -0.9
v -0.4 1.9 -0.9
v -0.3 1.6 -0.9
v -0.3 1.7 -0.9
v -0.0999999 1.8 -0.9
v -0.0999999 1.9 -0.9
v 0.2 1.6 -0.9
v 0.2 1.7 -0.9
v 0.3 1.6 -0.9
v 0.3 1.7 -0.9
v 0.3 1.8 -0.9
v 0.3 1.9 -0.9
v 0.5 1.6 -0.9
v 0.5 1.8 -0.9
v 0.6 1.4 -0.9
v 0.6 1.6 -0.9
v 0.6 1.8 -0.9
v 0.7 1.2 -0.9
v 0.7 1.4 -0.9
v 0.7 1.6 -0.9
v 0.8 1.1 -0.9
v 0.8 1.2 -0.9
v 0.8 1.4 -0.9
v 0.9 1 -0.9
v 0.9 1.1 -0.9
v 0.9 1.2 -0.9
v 1 0.9 -0.9
v 1 1 -0.9
v 1 1.1 -0.9
v 1.1 0.8 -0.9
v 1.1 0.9 -0.9
v 1.1 1 -0.9
v 1.2 0.7 -0.9
v 1.2 0.8 -0.9
v 1.2 0.9 -0.9
v 1.3 0.6 -0.9
v 1.3 0.7 -0.9
v 1.3 0.8 -0.9
v 1.4 0.6 -0.9
v 1.4 0.7 -0.9
v 1.5 0.6 -0.9
v 1.5 0.7 -0.9
v 1.9 0.5 -0.9
v 1.9 0.6 -0.9
v 2 0.6 -0.9
v 2 0.7 -0.9
v 2.1 0.4 -0.9
v 2.1 0.5 -0.9
v 2.1 0.6 -0.9
v 2.4 0.4 -0.9
v 2.4 0.5 -0.9
v 2.5 0.2 -0.9
v 2.5 0.4 -0.9
v 2.5 0.5 -0.9
v 2.6 0.2 -0.9
v 2.6 0.5 -0.9
v -1.4 0.6 -1
v -1.4 0.7 -1
v -1.3 0.6 -1
v -1.3 0.7 -1
v -1.3 0.8 -1
v -1.2 0.7 -1
v -1.2 0.8 -1
v -1.2 0.9 -1
v -1.1 0.8 -1
v -1.1 0.9 -1
v -1.1 1 -1
v -1 0.9 -1
v -1 1 -1
v -1 1.1 -1
v -0.9 1 -1
v -0.9 1.1 -1
v -0.9 1.2 -1
v -0.8 1.1 -1
v -0.8 1.2 -1
v -0.8 1.4 -1
v -0.7 1.2 -1
v -0.7 1.4 -1
v -0.7 1.6 -1
v -0.6 1.4 -1
v -0.6 1.6 -1
v -0.6 1.8 -1
v -0.4 1.6 -1
v -0.4 1.8 -1
v 0.3 1.6 -1
v 0.3 1.8 -1
v 0.5 1.4 -1
v 0.5 1.6 -1
v 0.5 1.8 -1
v 0.6 1.2 -1
v 0.6 1.4 -1
v 0.6 1.6 -1
v 0.7 1.1 -1
v 0.7 1.2 -1
v 0.7 1.4 -1
v 0.8 1 -1
v 0.8 1.1 -1
v 0.8 1.2 -1
v 0.9 0.9 -1
v 0.9 1 -1
v 0.9 1.1 -1
v 1 0.8 -1
v 1 0.9 -1
v 1 1 -1
v 1.1 0.7 -1
v 1.1 0.8 -1
v 1.1 0.9 -1
v 1.2 0.6 -1
v 1.2 0.7 -1
v 1.2 0.8 -1
v 1.3 0.6 -1
v 1.3 0.7 -1
v -1.2 0.7 -1.1
v -1.2 0.8 -1.1
v -1.1 0.7 -1.1
v -1.1 0.8 -1.1
v -1.1 0.9 -1.1
v -1 0.8 -1.1
v -1 0.9 -1.1
v -1 1 -1.1
v -0.9 0.9 -1.1
v -0.9 1 -1.1
v -0.9 1.1 -1.1
v -0.8 1 -1.1
v -0.8 1.1 -1.1
v -0.8 1.2 -1.1
v -0.7 1.1 -1.1
v -0.7 1.2 -1.1
v -0.7 1.4 -1.1
v -0.6 1.2 -1.1
v -0.6 1.4 -1.1
v -0.6 1.6 -1.1
v -0.4 1.4 -1.1
v -0.4 1.6 -1.1
v -0.4 1.8 -1.1
v -0.0999999 1.8 -1.1
v -0.0999999 1.9 -1.1
v 2.38419e-07 1.6 -1.1
v 2.38419e-07 1.8 -1.1
v 2.38419e-07 1.9 -1.1
v 0.3 1.4 -1.1
v 0.3 1.6 -1.1
v 0.3 1.8 -1.1
v 0.5 1.2 -1.1
v 0.5 1.4 -1.1
v 0.5 1.6 -1.1
v 0.6 1.1 -1.1
v 0.6 1.2 -1.1
v 0.6 1.4 -1.1
v 0.7 1 -1.1
v 0.7 1.1 -1.1
v 0.7 1.2 -1.1
v 0.8 0.9 -1.1
v 0.8 1 -1.1
v 0.8 1.1 -1.1
v 0.9 0.8 -1.1
v 0.9 0.9 -1.1
v 0.9 1 -1.1
v 1 0.7 -1.1
v 1 0.8 -1.1
v 1 0.9 -1.1
v 1.1 0.7 -1.1
v 1.1 0.8 -1.1
v -2.6 0.1 -1.2
v -2.6 0.4 -1.2
v -2.5 0.1 -1.2
v -2.5 0.4 -1.2
v -2.2 0.4 -1.2
v -2.2 0.5 -1.2
v -2.1 0.4 -1.2
v -2.1 0.5 -1.2
v -2 0.5 -1.2
v -2 0.6 -1.2
v -1.9 0.5 -1.2
v -1.9 0.6 -1.2
v -1.3 0.5 -1.2
v -1.3 0.6 -1.2
v -1.2 0.5 -1.2
v -1.2 0.6 -1.2
v -1.1 0.7 -1.2
v -1.1 0.8 -1.2
v -1 0.7 -1.2
v -1 0.8 -1.2
v -1 0.9 -1.2
v -0.9 0.8 -1.2
v -0.9 0.9 -1.2
v -0.9 1 -1.2
v -0.8 0.9 -1.2
v -0.8 1 -1.2
v -0.8 1.1 -1.2
v -0.7 1 -1.2
v -0.7 1.1 -1.2
v -0.7 1.2 -1.2
v -0.6 1.1 -1.2
v -0.6 1.2 -1.2
v -0.6 1.4 -1.2
v -0.4 1.2 -1.2
v -0.4 1.4 -1.2
v -0.4 1.6 -1.2
v 2.38419e-07 1.4 -1.2
v 2.38419e-07 1.6 -1.2
v 0.3 1.2 -1.2
v 0.3 1.4 -1.2
v 0.3 1.6 -1.2
v 0.5 1.1 -1.2
v 0.5 1.2 -1.2
v 0.5 1.4 -1.2
v 0.6 1 -1.2
v 0.6 1.1 -1.2
v 0.6 1.2 -1.2
v 0.7 0.9 -1.2
v 0.7 1 -1.2
v 0.7 1.1 -1.2
v 0.8 0.8 -1.2
v 0.8 0.9 -1.2
v 0.8 1 -1.2
v 0.9 0.7 -1.2
v 0.9 0.8 -1.2
v 0.9 0.9 -1.2
v 1 0.7 -1.2
v 1 0.8 -1.2
v 1.1 0.5 -1.2
v 1.1 0.6 -1.2
v 1.2 0.5 -1.2
v 1.2 0.6 -1.2
v 1.8 0.5 -1.2
v 1.8 0.6 -1.2
v 1.9 0.5 -1.2
v 1.9 0.6 -1.2
v 2 0.4 -1.2
v 2 0.5 -1.2
v 2.1 0.4 -1.2
v 2.1 0.5 -1.2
v 2.4 0.1 -1.2
v 2.4 0.4 -1.2
v 2.5 0.1 -1.2
v 2.5 0.4 -1.2
v -2.5 0.3 -1.3
v -2.5 0.4 -1.3
v -2.4 0.2 -1.3
v -2.4 0.3 -1.3
v -2.4 0.4 -1.3
v -2.3 0.2 -1.3
v -2.3 0.3 -1.3
v -2.1 0.3 -1.3
v -2.1 0.4 -1.3
v -2.1 0.5 -1.3
v -1.9 0.4 -1.3
v -1.9 0.5 -1.3
v -1.9 0.6 -1.3
v -1.8 0.5 -1.3
v -1.8 0.6 -1.3
v -1.5 0.5 -1.3
v -1.5 0.6 -1.3
v -1.3 0.5 -1.3
v -1.3 0.6 -1.3
v -1.2 0.6 -1.3
v -1.2 0.7 -1.3
v -1.1 0.6 -1.3
v -1.1 0.7 -1.3
v -1 0.6 -1.3
v -1 0.7 -1.3
v -1 0.8 -1.3
v -0.9 0.7 -1.3
v -0.9 0.8 -1.3
v -0.9 0.9 -1.3
v -0.8 0.8 -1.3
v -0.8 0.9 -1.3
v -0.8 1 -1.3
v -0.7 0.9 -1.3
v -0.7 1 -1.3
v -0.7 1.1 -1.3
v -0.6 1 -1.3
v -0.6 1.1 -1.3
v -0.6 1.2 -1.3
v -0.4 1.1 -1.3
v -0.4 1.2 -1.3
v -0.4 1.4 -1.3
v 2.38419e-07 1.2 -1.3
v 2.38419e-07 1.4 -1.3
v 0.3 1.1 -1.3
v 0.3 1.2 -1.3
v 0.3 1.4 -1.3
v 0.5 1 -1.3
v 0.5 1.1 -1.3
v 0.5 1.2 -1.3
v 0.6 0.9 -1.3
v 0.6 1 -1.3
v 0.6 1.1 -1.3
v 0.7 0.8 -1.3
v 0.7 0.9 -1.3
v 0.7 1 -1.3
v 0.8 0.7 -1.3
v 0.8 0.8 -1.3
v 0.8 0.9 -1.3
v 0.9 0.6 -1.3
v 0.9 0.7 -1.3
v 0.9 0.8 -1.3
v 1.1 0.6 -1.3
v 1.1 0.7 -1.3
v 1.2 0.5 -1.3
v 1.2 0.6 -1.3
v 1.3 0.5 -1.3
v 1.3 0.6 -1.3
v 1.4 0.5 -1.3
v 1.4 0.6 -1.3
v 1.7 0.5 -1.3
v 1.7 0.6 -1.3
v 1.8 0.4 -1.3
v 1.8 0.5 -1.3
v 1.8 0.6 -1.3
v 2 0.3 -1.3
v 2 0.4 -1.3
v 2 0.5 -1.3
v 2.2 0.2 -1.3
v 2.2 0.3 -1.3
v 2.3 0.2 -1.3
v 2.3 0.3 -1.3
v 2.3 0.4 -1.3
v 2.4 0.3 -1.3
v 2.4 0.4 -1.3
v -2.5 0 -1.4
v -2.5 0.3 -1.4
v -2.4 0 -1.4
v -2.4 0.3 -1.4
v -2.3 0.2 -1.4
v -2.3 0.3 -1.4
v -2.2 0.2 -1.4
v -2.2 0.3 -1.4
v -2.1 0.3 -1.4
v -2.1 0.4 -1.4
v -2 0.3 -1.4
v -2 0.4 -1.4
v -1.8 0.5 -1.4
v -1.8 0.6 -1.4
v -1.7 0.5 -1.4
v -1.7 0.6 -1.4
v -1.3 0.6 -1.4
v -1.3 0.7 -1.4
v -1.2 0.6 -1.4
v -1.2 0.7 -1.4
v -1 0.6 -1.4
v -1 0.7 -1.4
v -0.9 0.6 -1.4
v -0.9 0.7 -1.4
v -0.9 0.8 -1.4
v -0.8 0.7 -1.4
v -0.8 0.8 -1.4
v -0.8 0.9 -1.4
v -0.7 0.8 -1.4
v -0.7 0.9 -1.4
v -0.7 1 -1.4
v -0.6 0.9 -1.4
v -0.6 1 -1.4
v -0.6 1.1 -1.4
v -0.4 1 -1.4
v -0.4 1.1 -1.4
v -0.4 1.2 -1.4
v 2.38419e-07 1.1 -1.4
v 2.38419e-07 1.2 -1.4
v 0.3 1 -1.4
v 0.3 1.1 -1.4
v 0.3 1.2 -1.4
v 0.5 0.9 -1.4
v 0.5 1 -1.4
v 0.5 1.1 -1.4
v 0.6 0.8 -1.4
v 0.6 0.9 -1.4
v 0.6 1 -1.4
v 0.7 0.7 -1.4
v 0.7 0.8 -1.4
v 0.7 0.9 -1.4
v 0.8 0.6 -1.4
v 0.8 0.7 -1.4
v 0.8 0.8 -1.4
v 0.9 0.6 -1.4
v 0.9 0.7 -1.4
v 1.1 0.6 -1.4
v 1.1 0.7 -1.4
v 1.2 0.6 -1.4
v 1.2 0.7 -1.4
v 1.6 0.5 -1.4
v 1.6 0.6 -1.4
v 1.7 0.5 -1.4
v 1.7 0.6 -1.4
v 1.9 0.3 -1.4
v 1.9 0.4 -1.4
v 2 0.3 -1.4
v 2 0.4 -1.4
v 2.1 0.2 -1.4
v 2.1 0.3 -1.4
v 2.2 0.2 -1.4
v 2.2 0.3 -1.4
v 2.3 0 -1.4
v 2.3 0.3 -1.4
v 2.4 0 -1.4
v 2.4 0.3 -1.4
v -1.9 0.4 -1.5
v -1.9 0.5 -1.5
v -1.8 0.4 -1.5
v -1.8 0.5 -1.5
v -1.4 0.6 -1.5
v -1.4 0.7 -1.5
v -1.3 0.6 -1.5
v -1.3 0.7 -1.5
v -0.9 0.6 -1.5
v -0.9 0.7 -1.5
v -0.8 0.6 -1.5
v -0.8 0.7 -1.5
v -0.8 0.8 -1.5
v -0.7 0.7 -1.5
v -0.7 0.8 -1.5
v -0.7 0.9 -1.5
v -0.6 0.8 -1.5
v -0.6 0.9 -1.5
v -0.6 1 -1.5
v -0.4 0.9 -1.5
v -0.4 1 -1.5
v -0.4 1.1 -1.5
v 2.38419e-07 1 -1.5
v 2.38419e-07 1.1 -1.5
v 0.3 0.9 -1.5
v 0.3 1 -1.5
v 0.3 1.1 -1.5
v 0.5 0.8 -1.5
v 0.5 0.9 -1.5
v 0.5 1 -1.5
v 0.6 0.7 -1.5
v 0.6 0.8 -1.5
v 0.6 0.9 -1.5
v 0.7 0.6 -1.5
v 0.7 0.7 -1.5
v 0.7 0.8 -1.5
v 0.8 0.6 -1.5
v 0.8 0.7 -1.5
v 1.2 0.6 -1.5
v 1.2 0.7 -1.5
v 1.3 0.6 -1.5
v 1.3 0.7 -1.5
v 1.7 0.4 -1.5
v 1.7 0.5 -1.5
v 1.8 0.4 -1.5
v 1.8 0.5 -1.5
v -2.4 0 -1.6
v -2.4 0.3 -1.6
v -2.3 0 -1.6
v -2.3 0.3 -1.6
v -2.2 0.2 -1.6
v -2.2 0.3 -1.6
v -2.1 0.2 -1.6
v -2.1 0.3 -1.6
v -2 0.3 -1.6
v -2 0.4 -1.6
v -1.8 0.3 -1.6
v -1.8 0.4 -1.6
v -1.6 0.6 -1.6
v -1.6 0.7 -1.6
v -1.5 0.6 -1.6
v -1.4 0.6 -1.6
v -1.4 0.7 -1.6
v -0.9 0.5 -1.6
v -0.9 0.6 -1.6
v -0.8 0.5 -1.6
v -0.8 0.6 -1.6
v -0.7 0.7 -1.6
v -0.7 0.8 -1.6
v -0.6 0.7 -1.6
v -0.6 0.8 -1.6
v -0.6 0.9 -1.6
v -0.4 0.8 -1.6
v -0.4 0.9 -1.6
v -0.4 1 -1.6
v 2.38419e-07 0.9 -1.6
v 2.38419e-07 1 -1.6
v 0.3 0.8 -1.6
v 0.3 0.9 -1.6
v 0.3 1 -1.6
v 0.5 0.7 -1.6
v 0.5 0.8 -1.6
v 0.5 0.9 -1.6
v 0.6 0.7 -1.6
v 0.6 0.8 -1.6
v 0.7 0.5 -1.6
v 0.7 0.6 -1.6
v 0.8 0.5 -1.6
v 0.8 0.6 -1.6
v 1.3 0.6 -1.6
v 1.3 0.7 -1.6
v 1.5 0.6 -1.6
v 1.5 0.7 -1.6
v 1.7 0.3 -1.6
v 1.7 0.4 -1.6
v 1.9 0.3 -1.6
v 1.9 0.4 -1.6
v 2 0.2 -1.6
v 2 0.3 -1.6
v 2.1 0.2 -1.6
v 2.1 0.3 -1.6
v 2.2 0 -1.6
v 2.2 0.3 -1.6
v 2.3 0 -1.6
v 2.3 0.3 -1.6
v -2.3 0 -1.7
v -2.3 0.3 -1.7
v -2.2 0 -1.7
v -2.2 0.1 -1.7
v -2.2 0.3 -1.7
v -1.8 0.2 -1.7
v -1.8 0.3 -1.7
v -1.7 0.2 -1.7
v -1.7 0.3 -1.7
v -1.7 0.5 -1.7
v -1.7 0.6 -1.7
v -1.6 0.5 -1.7
v -1.5 0.5 -1.7
v -1.5 0.6 -1.7
v -1.4 0.5 -1.7
v -1.4 0.6 -1.7
v -0.8 0.5 -1.7
v -0.8 0.6 -1.7
v -0.7 0.5 -1.7
v -0.7 0.6 -1.7
v -0.6 0.7 -1.7
v -0.6 0.8 -1.7
v -0.4 0.7 -1.7
v -0.4 0.8 -1.7
v -0.4 0.9 -1.7
v 2.38419e-07 0.8 -1.7
v 2.38419e-07 0.9 -1.7
v 0.3 0.7 -1.7
v 0.3 0.8 -1.7
v 0.3 0.9 -1.7
v 0.5 0.7 -1.7
v 0.5 0.8 -1.7
v 0.6 0.5 -1.7
v 0.6 0.6 -1.7
v 0.7 0.5 -1.7
v 0.7 0.6 -1.7
v 1.3 0.5 -1.7
v 1.3 0.6 -1.7
v 1.6 0.2 -1.7
v 1.6 0.4 -1.7
v 1.6 0.5 -1.7
v 1.6 0.6 -1.7
v 1.7 0.2 -1.7
v 1.7 0.3 -1.7
v 1.7 0.4 -1.7
v 2.1 0 -1.7
v 2.1 0.1 -1.7
v 2.1 0.3 -1.7
v 2.2 0 -1.7
v 2.2 0.3 -1.7
v -2.2 0.1 -1.8
v -2.2 0.4 -1.8
v -2.1 0.1 -1.8
v -2.1 0.2 -1.8
v -2.1 0.4 -1.8
v -2 0.2 -1.8
v -2 0.3 -1.8
v -1.9 0.2 -1.8
v -1.9 0.3 -1.8
v -1.8 0.3 -1.8
v -1.8 0.4 -1.8
v -1.7 0.3 -1.8
v -1.7 0.4 -1.8
v -1.7 0.5 -1.8
v -1.6 0.3 -1.8
v -1.6 0.4 -1.8
v -1.6 0.5 -1.8
v -1.5 0.4 -1.8
v -1.5 0.5 -1.8
v -1.4 0.5 -1.8
v -1.4 0.6 -1.8
v -1.3 0.5 -1.8
v -1.3 0.6 -1.8
v -0.7 0.5 -1.8
v -0.7 0.6 -1.8
v -0.6 0.5 -1.8
v -0.6 0.6 -1.8
v -0.4 0.7 -1.8
v -0.4 0.8 -1.8
v 2.38419e-07 0.7 -1.8
v 2.38419e-07 0.8 -1.8
v 0.3 0.7 -1.8
v 0.3 0.8 -1.8
v 0.5 0.5 -1.8
v 0.5 0.6 -1.8
v 0.6 0.5 -1.8
v 0.6 0.6 -1.8
v 1.2 0.5 -1.8
v 1.2 0.6 -1.8
v 1.3 0.5 -1.8
v 1.3 0.6 -1.8
v 1.4 0.4 -1.8
v 1.4 0.5 -1.8
v 1.5 0.3 -1.8
v 1.5 0.4 -1.8
v 1.6 0.3 -1.8
v 1.6 0.4 -1.8
v 1.6 0.5 -1.8
v 1.7 0.2 -1.8
v 1.7 0.3 -1.8
v 1.8 0.3 -1.8
v 1.9 0.2 -1.8
v 1.9 0.3 -1.8
v 2 0.1 -1.8
v 2 0.2 -1.8
v 2 0.4 -1.8
v 2.1 0.1 -1.8
v 2.1 0.4 -1.8
v -2.1 0.2 -1.9
v -2.1 0.5 -1.9
v -2 0.2 -1.9
v -2 0.5 -1.9
v -1.9 0.2 -1.9
v -1.9 0.3 -1.9
v -1.9 0.4 -1.9
v -1.9 0.5 -1.9
v -1.8 0.2 -1.9
v -1.8 0.3 -1.9
v -1.8 0.4 -1.9
v -1.7 0.4 -1.9
v -1.7 0.5 -1.9
v -1.5 0.4 -1.9
v -1.5 0.5 -1.9
v -1.3 0.4 -1.9
v -1.3 0.5 -1.9
v -1.3 0.6 -1.9
v -1.2 0.5 -1.9
v -1.2 0.6 -1.9
v -0.5 0.6 -1.9
v -0.5 0.7 -1.9
v 2.38419e-07 0.6 -1.9
v 2.38419e-07 0.7 -1.9
v 0.4 0.6 -1.9
v 0.4 0.7 -1.9
v 1.1 0.5 -1.9
v 1.1 0.6 -1.9
v 1.2 0.4 -1.9
v 1.2 0.5 -1.9
v 1.2 0.6 -1.9
v 1.4 0.4 -1.9
v 1.4 0.5 -1.9
v 1.6 0.4 -1.9
v 1.6 0.5 -1.9
v 1.7 0.4 -1.9
v 1.8 0.4 -1.9
v 1.8 0.5 -1.9
v 1.9 0.2 -1.9
v 1.9 0.5 -1.9
v 2 0.2 -1.9
v 2 0.5 -1.9
v -2 0.2 -2
v -2 0.5 -2
v -1.9 0.2 -2
v -1.9 0.5 -2
v -1.6 0.3 -2
v -1.6 0.4 -2
v -1.4 0.3 -2
v -1.4 0.4 -2
v -1.2 0.5 -2
v -1.2 0.6 -2
v -0.9 0.5 -2
v -0.9 0.6 -2
v -0.6 0.6 -2
v -0.6 0.7 -2
v -0.5 0.6 -2
v -0.5 0.7 -2
v -0.4 0.5 -2
v -0.4 0.6 -2
v 2.38419e-07 0.5 -2
v 2.38419e-07 0.6 -2
v 0.3 0.5 -2
v 0.3 0.6 -2
v 0.4 0.6 -2
v 0.4 0.7 -2
v 0.5 0.6 -2
v 0.5 0.7 -2
v 0.8 0.5 -2
v 0.8 0.6 -2
v 1.1 0.5 -2
v 1.1 0.6 -2
v 1.3 0.3 -2
v 1.3 0.4 -2
v 1.5 0.3 -2
v 1.5 0.4 -2
v 1.8 0.2 -2
v 1.8 0.5 -2
v 1.9 0.2 -2
v 1.9 0.5 -2
v -1.9 0.2 -2.1
v -1.9 0.5 -2.1
v -1.8 0.2 -2.1
v -1.8 0.4 -2.1
v -1.8 0.5 -2.1
v -1.7 0.2 -2.1
v -1.7 0.3 -2.1
v -1.6 0.2 -2.1
v -1.6 0.3 -2.1
v -1.4 0.3 -2.1
v -1.4 0.4 -2.1
v -1.3 0.3 -2.1
v -1.3 0.4 -2.1
v -1.3 0.5 -2.1
v -1.2 0.4 -2.1
v -1.2 0.5 -2.1
v -0.9 0.6 -2.1
v -0.9 0.7 -2.1
v -0.6 0.6 -2.1
v -0.6 0.7 -2.1
v -0.5 0.5 -2.1
v -0.5 0.6 -2.1
v -0.4 0.5 -2.1
v -0.4 0.6 -2.1
v 0.3 0.5 -2.1
v 0.3 0.6 -2.1
v 0.4 0.5 -2.1
v 0.4 0.6 -2.1
v 0.5 0.6 -2.1
v 0.5 0.7 -2.1
v 0.8 0.6 -2.1
v 0.8 0.7 -2.1
v 1.1 0.4 -2.1
v 1.1 0.5 -2.1
v 1.2 0.3 -2.1
v 1.2 0.4 -2.1
v 1.2 0.5 -2.1
v 1.3 0.3 -2.1
v 1.3 0.4 -2.1
v 1.5 0.2 -2.1
v 1.5 0.3 -2.1
v 1.6 0.2 -2.1
v 1.6 0.3 -2.1
v 1.7 0.2 -2.1
v 1.7 0.4 -2.1
v 1.7 0.5 -2.1
v 1.8 0.2 -2.1
v 1.8 0.5 -2.1
v -1.8 0.1 -2.2
v -1.8 0.4 -2.2
v -1.7 0.1 -2.2
v -1.7 0.3 -2.2
v -1.7 0.4 -2.2
v -1.6 0.2 -2.2
v -1.6 0.3 -2.2
v -1.4 0.2 -2.2
v -1.4 0.3 -2.2
v -1.2 0.4 -2.2
v -1.2 0.5 -2.2
v -0.9 0.4 -2.2
v -0.9 0.5 -2.2
v -0.9 0.6 -2.2
v -0.5 0.5 -2.2
v -0.5 0.6 -2.2
v -0.3 0.4 -2.2
v -0.3 0.5 -2.2
v 2.38419e-07 0.4 -2.2
v 2.38419e-07 0.5 -2.2
v 0.2 0.4 -2.2
v 0.2 0.5 -2.2
v 0.4 0.5 -2.2
v 0.4 0.6 -2.2
v 0.8 0.4 -2.2
v 0.8 0.5 -2.2
v 0.8 0.6 -2.2
v 1.1 0.4 -2.2
v 1.1 0.5 -2.2
v 1.3 0.2 -2.2
v 1.3 0.3 -2.2
v 1.5 0.2 -2.2
v 1.5 0.3 -2.2
v 1.6 0.1 -2.2
v 1.6 0.3 -2.2
v 1.6 0.4 -2.2
v 1.7 0.1 -2.2
v 1.7 0.4 -2.2
v -1.7 0 -2.3
v -1.7 0.3 -2.3
v -1.6 0 -2.3
v -1.6 0.3 -2.3
v -1.4 0.2 -2.3
v -1.4 0.3 -2.3
v -1.3 0.2 -2.3
v -1.3 0.3 -2.3
v -0.4 0.4 -2.3
v -0.4 0.5 -2.3
v -0.3 0.4 -2.3
v -0.3 0.5 -2.3
v 0.2 0.4 -2.3
v 0.2 0.5 -2.3
v 0.3 0.4 -2.3
v 0.3 0.5 -2.3
v 1.2 0.2 -2.3
v 1.2 0.3 -2.3
v 1.3 0.2 -2.3
v 1.3 0.3 -2.3
v 1.5 0 -2.3
v 1.5 0.3 -2.3
v 1.6 0 -2.3
v 1.6 0.3 -2.3
v -1.6 0 -2.4
v -1.6 0.3 -2.4
v -1.4 0 -2.4
v -1.4 0.3 -2.4
v -0.5 0.4 -2.4
v -0.5 0.5 -2.4
v -0.4 0.4 -2.4
v -0.4 0.5 -2.4
v 0.3 0.4 -2.4
v 0.3 0.5 -2.4
v 0.4 0.4 -2.4
v 0.4 0.5 -2.4
v 1.3 0 -2.4
v 1.3 0.3 -2.4
v 1.5 0 -2.4
v 1.5 0.3 -2.4
v -1.4 0 -2.5
v -1.4 0.3 -2.5
v -1.3 0 -2.5
v -1.3 0.1 -2.5
v -1.3 0.3 -2.5
v -1.3 0.4 -2.5
v -1.2 0.1 -2.5
v -1.2 0.4 -2.5
v -0.9 0.4 -2.5
v -0.9 0.5 -2.5
v -0.5 0.4 -2.5
v -0.5 0.5 -2.5
v -0.4 0.3 -2.5
v -0.4 0.4 -2.5
v 2.38419e-07 0.3 -2.5
v 2.38419e-07 0.4 -2.5
v 0.3 0.3 -2.5
v 0.3 0.4 -2.5
v 0.4 0.4 -2.5
v 0.4 0.5 -2.5
v 0.8 0.4 -2.5
v 0.8 0.5 -2.5
v 1.1 0.1 -2.5
v 1.1 0.4 -2.5
v 1.2 0 -2.5
v 1.2 0.1 -2.5
v 1.2 0.3 -2.5
v 1.2 0.4 -2.5
v 1.3 0 -2.5
v 1.3 0.3 -2.5
v -1.2 0.1 -2.6
v -1.2 0.4 -2.6
v -0.9 0.1 -2.6
v -0.9 0.2 -2.6
v -0.9 0.4 -2.6
v -0.5 0.3 -2.6
v -0.5 0.4 -2.6
v -0.4 0.3 -2.6
v -0.4 0.4 -2.6
v 0.3 0.3 -2.6
v 0.3 0.4 -2.6
v 0.4 0.3 -2.6
v 0.4 0.4 -2.6
v 0.8 0.1 -2.6
v 0.8 0.2 -2.6
v 0.8 0.4 -2.6
v 1.1 0.1 -2.6
v 1.1 0.4 -2.6
v -0.9 0.2 -2.7
v -0.9 0.5 -2.7
v -0.6 0.2 -2.7
v -0.6 0.4 -2.7
v -0.6 0.5 -2.7
v 0.5 0.2 -2.7
v 0.5 0.4 -2.7
v 0.5 0.5 -2.7
v 0.8 0.2 -2.7
v 0.8 0.5 -2.7
v -0.6 0.1 -2.8
v -0.6 0.4 -2.8
v -0.2 0 -2.8
v -0.2 0.1 -2.8
v -0.2 0.3 -2.8
v -0.2 0.4 -2.8
v -0.0999999 0 -2.8
v -0.0999999 0.1 -2.8
v 2.38419e-07 0 -2.8
v 2.38419e-07 0.1 -2.8
v 0.1 0 -2.8
v 0.1 0.1 -2.8
v 0.1 0.3 -2.8
v 0.1 0.4 -2.8
v 0.5 0.1 -2.8
v 0.5 0.4 -2.8
v -0.2 0 2.7
v -0.0999999 0 2.7
v 2.38419e-07 0 2.7
v 0.1 0 2.7
v -0.2 0 2.6
v -0.0999999 0 2.6
v 2.38419e-07 0 2.6
v 0.1 0 2.6
v -1.4 0 2.4
v -1.3 0 2.4
v 1.2 0 2.4
v 1.3 0 2.4
v -1.6 0 2.3
v -1.4 0 2.3
v -1.3 0 2.3
v 1.2 0 2.3
v 1.3 0 2.3
v 1.5 0 2.3
v -1.7 0 2.2
v -1.6 0 2.2
v -1.4 0 2.2
v 1.3 0 2.2
v 1.5 0 2.2
v 1.6 0 2.2
v -1.7 0 2.1
v -1.6 0 2.1
v 1.5 0 2.1
v 1.6 0 2.1
v -2.3 0 1.6
v -2.2 0 1.6
v 2.1 0 1.6
v 2.2 0 1.6
v -2.4 0 1.5
v -2.3 0 1.5
v -2.2 0 1.5
v 2.1 0 1.5
v 2.2 0 1.5
v 2.3 0 1.5
v -2.5 0 1.3
v -2.4 0 1.3
v -2.3 0 1.3
v 2.2 0 1.3
v 2.3 0 1.3
v 2.4 0 1.3
v -2.5 0 1.2
v -2.4 0 1.2
v 2.3 0 1.2
v 2.4 0 1.2
v -2.8 0 0.0999999
v -2.7 0 0.0999999
v 2.6 0 0.0999999
v 2.7 0 0.0999999
v -2.8 0 0
v -2.7 0 0
v 2.6 0 0
v 2.7 0 0
v -2.8 0 -0.1
v -2.7 0 -0.1
v 2.6 0 -0.1
v 2.7 0 -0.1
v -2.8 0 -0.2
v -2.7 0 -0.2
v 2.6 0 -0.2
v 2.7 0 -0.2
v -2.5 0 -1.3
v -2.4 0 -1.3
v 2.3 0 -1.3
v 2.4 0 -1.3
v -2.5 0 -1.4
v -2.4 0 -1.4
v -2.3 0 -1.4
v 2.2 0 -1.4
v 2.3 0 -1.4
v 2.4 0 -1.4
v -2.4 0 -1.6
v -2.3 0 -1.6
v -2.2 0 -1.6
v 2.1 0 -1.6
v 2.2 0 -1.6
v 2.3 0 -1.6
v -2.3 0 -1.7
v -2.2 0 -1.7
v 2.1 0 -1.7
v 2.2 0 -1.7
v -1.7 0 -2.2
v -1.6 0 -2.2
v 1.5 0 -2.2
v 1.6 0 -2.2
v -1.7 0 -2.3
v -1.6 0 -2.3
v -1.4 0 -2.3
v 1.3 0 -2.3
v 1.5 0 -2.3
v 1.6 0 -2.3
v -1.6 0 -2.4
v -1.4 0 -2.4
v -1.3 0 -2.4
v 1.2 0 -2.4
v 1.3 0 -2.4
v 1.5 0 -2.4
v -1.4 0 -2.5
v -1.3 0 -2.5
v 1.2 0 -2.5
v 1.3 0 -2.5
v -0.2 0 -2.7
v -0.0999999 0 -2.7
v 2.38419e-07 0 -2.7
v 0.1 0 -2.7
v -0.2 0 -2.8
v -0.0999999 0 -2.8
v 2.38419e-07 0 -2.8
v 0.1 0 -2.8
v -0.6 0.1 2.7
v -0.2 0.1 2.7
v -0.0999999 0.1 2.7
v 2.38419e-07 0.1 2.7
v 0.1 0.1 2.7
v 0.5 0.1 2.7
v -0.6 0.1 2.6
v -0.2 0.1 2.6
v -0.0999999 0.1 2.6
v 2.38419e-07 0.1 2.6
v 0.1 0.1 2.6
v 0.5 0.1 2.6
v -1.2 0.1 2.5
v -0.9 0.1 2.5
v -0.2 0.1 2.5
v 0.1 0.1 2.5
v 0.8 0.1 2.5
v 1.1 0.1 2.5
v -1.3 0.1 2.4
v -1.2 0.1 2.4
v -0.9 0.1 2.4
v 0.8 0.1 2.4
v 1.1 0.1 2.4
v 1.2 0.1 2.4
v -1.4 0.1 2.3
v -1.3 0.1 2.3
v -1.2 0.1 2.3
v 1.1 0.1 2.3
v 1.2 0.1 2.3
v 1.3 0.1 2.3
v -1.6 0.1 2.2
v -1.4 0.1 2.2
v -1.3 0.1 2.2
v 1.2 0.1 2.2
v 1.3 0.1 2.2
v 1.5 0.1 2.2
v -1.8 0.1 2.1
v -1.7 0.1 2.1
v -1.6 0.1 2.1
v -1.4 0.1 2.1
v 1.3 0.1 2.1
v 1.5 0.1 2.1
v 1.6 0.1 2.1
v 1.7 0.1 2.1
v -1.8 0.1 2
v -1.7 0.1 2
v -1.6 0.1 2
v 1.5 0.1 2
v 1.6 0.1 2
v 1.7 0.1 2
v -2.2 0.1 1.7
v -2.1 0.1 1.7
v 2 0.1 1.7
v 2.1 0.1 1.7
v -2.2 0.1 1.6
v -2.1 0.1 1.6
v 2 0.1 1.6
v 2.1 0.1 1.6
v -2.3 0.1 1.5
v -2.2 0.1 1.5
v -2.1 0.1 1.5
v 2 0.1 1.5
v 2.1 0.1 1.5
v 2.2 0.1 1.5
v -2.4 0.1 1.3
v -2.3 0.1 1.3
v -2.2 0.1 1.3
v 2.1 0.1 1.3
v 2.2 0.1 1.3
v 2.3 0.1 1.3
v -2.5 0.1 1.2
v -2.4 0.1 1.2
v -2.3 0.1 1.2
v 2.2 0.1 1.2
v 2.3 0.1 1.2
v 2.4 0.1 1.2
v -2.6 0.1 1.1
v -2.5 0.1 1.1
v -2.4 0.1 1.1
v 2.3 0.1 1.1
v 2.4 0.1 1.1
v 2.5 0.1 1.1
v -2.6 0.1 0.8
v -2.5 0.1 0.8
v 2.4 0.1 0.8
v 2.5 0.1 0.8
v -2.8 0.1 0.5
v -2.7 0.1 0.5
v 2.6 0.1 0.5
v 2.7 0.1 0.5
v -2.8 0.1 0.0999999
v -2.7 0.1 0.0999999
v -2.6 0.1 0.0999999
v 2.6 0.1 0.0999999
v 2.7 0.1 0.0999999
v -2.8 0.1 0
v -2.7 0.1 0
v 2.6 0.1 0
v 2.7 0.1 0
v -2.8 0.1 -0.1
v -2.7 0.1 -0.1
v 2.6 0.1 -0.1
v 2.7 0.1 -0.1
v -2.8 0.1 -0.2
v -2.7 0.1 -0.2
v -2.6 0.1 -0.2
v 2.6 0.1 -0.2
v 2.7 0.1 -0.2
v -2.8 0.1 -0.6
v -2.7 0.1 -0.6
v 2.6 0.1 -0.6
v 2.7 0.1 -0.6
v -2.6 0.1 -0.9
v -2.5 0.1 -0.9
v 2.4 0.1 -0.9
v 2.5 0.1 -0.9
v -2.6 0.1 -1.2
v -2.5 0.1 -1.2
v -2.4 0.1 -1.2
v 2.3 0.1 -1.2
v 2.4 0.1 -1.2
v 2.5 0.1 -1.2
v -2.5 0.1 -1.3
v -2.4 0.1 -1.3
v -2.3 0.1 -1.3
v 2.2 0.1 -1.3
v 2.3 0.1 -1.3
v 2.4 0.1 -1.3
v -2.4 0.1 -1.4
v -2.3 0.1 -1.4
v -2.2 0.1 -1.4
v 2.1 0.1 -1.4
v 2.2 0.1 -1.4
v 2.3 0.1 -1.4
v -2.3 0.1 -1.6
v -2.2 0.1 -1.6
v -2.1 0.1 -1.6
v 2 0.1 -1.6
v 2.1 0.1 -1.6
v 2.2 0.1 -1.6
v -2.2 0.1 -1.7
v -2.1 0.1 -1.7
v 2.1 0.1 -1.7
v -2.2 0.1 -1.8
v -2.1 0.1 -1.8
v 2 0.1 -1.8
v 2.1 0.1 -1.8
v -1.8 0.1 -2.1
v -1.7 0.1 -2.1
v -1.6 0.1 -2.1
v 1.5 0.1 -2.1
v 1.6 0.1 -2.1
v 1.7 0.1 -2.1
v -1.8 0.1 -2.2
v -1.7 0.1 -2.2
v -1.6 0.1 -2.2
v -1.4 0.1 -2.2
v 1.3 0.1 -2.2
v 1.5 0.1 -2.2
v 1.6 0.1 -2.2
v 1.7 0.1 -2.2
v -1.6 0.1 -2.3
v -1.4 0.1 -2.3
v -1.3 0.1 -2.3
v 1.2 0.1 -2.3
v 1.3 0.1 -2.3
v 1.5 0.1 -2.3
v -1.4 0.1 -2.4
v -1.3 0.1 -2.4
v -1.2 0.1 -2.4
v 1.1 0.1 -2.4
v 1.2 0.1 -2.4
v 1.3 0.1 -2.4
v -1.3 0.1 -2.5
v -1.2 0.1 -2.5
v -0.9 0.1 -2.5
v 0.8 0.1 -2.5
v 1.1 0.1 -2.5
v 1.2 0.1 -2.5
v -1.2 0.1 -2.6
v -0.9 0.1 -2.6
v 0.8 0.1 -2.6
v 1.1 0.1 -2.6
v -0.6 0.1 -2.7
v -0.2 0.1 -2.7
v -0.0999999 0.1 -2.7
v 2.38419e-07 0.1 -2.7
v 0.1 0.1 -2.7
v 0.5 0.1 -2.7
v -0.6 0.1 -2.8
v -0.2 0.1 -2.8
v -0.0999999 0.1 -2.8
v 2.38419e-07 0.1 -2.8
v 0.1 0.1 -2.8
v 0.5 0.1 -2.8
v -0.9 0.2 2.6
v -0.6 0.2 2.6
v -0.2 0.2 2.6
v 0.1 0.2 2.6
v 0.5 0.2 2.6
v 0.8 0.2 2.6
v -0.9 0.2 2.5
v -0.6 0.2 2.5
v -0.2 0.2 2.5
v 2.38419e-07 0.2 2.5
v 0.1 0.2 2.5
v 0.5 0.2 2.5
v 0.8 0.2 2.5
v -0.6 0.2 2.4
v -0.5 0.2 2.4
v 2.38419e-07 0.2 2.4
v 0.4 0.2 2.4
v 0.5 0.2 2.4
v -1.3 0.2 2.3
v -1.2 0.2 2.3
v -0.5 0.2 2.3
v -0.4 0.2 2.3
v 0.3 0.2 2.3
v 0.4 0.2 2.3
v 1.1 0.2 2.3
v 1.2 0.2 2.3
v -1.4 0.2 2.2
v -1.3 0.2 2.2
v -0.4 0.2 2.2
v 0.3 0.2 2.2
v 1.2 0.2 2.2
v 1.3 0.2 2.2
v -1.6 0.2 2.1
v -1.4 0.2 2.1
v -1.3 0.2 2.1
v -1.2 0.2 2.1
v 1.1 0.2 2.1
v 1.2 0.2 2.1
v 1.3 0.2 2.1
v 1.5 0.2 2.1
v -1.9 0.2 2
v -1.8 0.2 2
v -1.7 0.2 2
v -1.6 0.2 2
v 1.5 0.2 2
v 1.6 0.2 2
v 1.7 0.2 2
v 1.8 0.2 2
v -2 0.2 1.9
v -1.9 0.2 1.9
v -1.8 0.2 1.9
v -1.4 0.2 1.9
v -1.3 0.2 1.9
v 1.2 0.2 1.9
v 1.3 0.2 1.9
v 1.7 0.2 1.9
v 1.8 0.2 1.9
v 1.9 0.2 1.9
v -2.1 0.2 1.8
v -2 0.2 1.8
v -1.9 0.2 1.8
v -1.8 0.2 1.8
v -1.7 0.2 1.8
v 1.7 0.2 1.8
v 1.8 0.2 1.8
v 1.9 0.2 1.8
v 2 0.2 1.8
v -2.1 0.2 1.7
v -2 0.2 1.7
v -1.8 0.2 1.7
v -1.7 0.2 1.7
v -1.6 0.2 1.7
v -1.4 0.2 1.7
v 1.3 0.2 1.7
v 1.5 0.2 1.7
v 1.6 0.2 1.7
v 1.7 0.2 1.7
v 1.8 0.2 1.7
v 1.9 0.2 1.7
v 2 0.2 1.7
v -2.1 0.2 1.6
v -1.7 0.2 1.6
v -1.6 0.2 1.6
v 1.5 0.2 1.6
v 1.6 0.2 1.6
v 1.7 0.2 1.6
v 2 0.2 1.6
v -2.2 0.2 1.5
v -2.1 0.2 1.5
v -1.8 0.2 1.5
v -1.7 0.2 1.5
v 1.6 0.2 1.5
v 1.7 0.2 1.5
v 2 0.2 1.5
v 2.1 0.2 1.5
v -2.3 0.2 1.3
v -2.2 0.2 1.3
v -2 0.2 1.3
v -1.8 0.2 1.3
v 1.7 0.2 1.3
v 1.9 0.2 1.3
v 2.1 0.2 1.3
v 2.2 0.2 1.3
v -2.4 0.2 1.2
v -2.3 0.2 1.2
v -2.2 0.2 1.2
v -2 0.2 1.2
v 1.9 0.2 1.2
v 2.1 0.2 1.2
v 2.2 0.2 1.2
v 2.3 0.2 1.2
v -2.4 0.2 1.1
v -2.2 0.2 1.1
v 2.1 0.2 1.1
v 2.3 0.2 1.1
v -2.7 0.2 0.8
v -2.6 0.2 0.8
v 2.5 0.2 0.8
v 2.6 0.2 0.8
v -2.7 0.2 0.5
v -2.6 0.2 0.5
v -2.5 0.2 0.5
v 2.4 0.2 0.5
v 2.5 0.2 0.5
v 2.6 0.2 0.5
v -2.5 0.2 0.4
v -2.4 0.2 0.4
v -2.4 0.2 0.3
v -2.3 0.2 0.3
v -2.7 0.2 0.0999999
v -2.6 0.2 0.0999999
v -2.7 0.2 -0.2
v -2.6 0.2 -0.2
v -2.4 0.2 -0.4
v -2.3 0.2 -0.4
v -2.5 0.2 -0.5
v -2.4 0.2 -0.5
v -2.7 0.2 -0.6
v -2.6 0.2 -0.6
v -2.5 0.2 -0.6
v 2.4 0.2 -0.6
v 2.5 0.2 -0.6
v 2.6 0.2 -0.6
v -2.7 0.2 -0.9
v -2.6 0.2 -0.9
v 2.5 0.2 -0.9
v 2.6 0.2 -0.9
v -2.4 0.2 -1.2
v -2.2 0.2 -1.2
v 2.1 0.2 -1.2
v 2.3 0.2 -1.2
v -2.4 0.2 -1.3
v -2.3 0.2 -1.3
v -2.2 0.2 -1.3
v -2 0.2 -1.3
v 1.9 0.2 -1.3
v 2.1 0.2 -1.3
v 2.2 0.2 -1.3
v 2.3 0.2 -1.3
v -2.3 0.2 -1.4
v -2.2 0.2 -1.4
v -2 0.2 -1.4
v -1.8 0.2 -1.4
v 1.7 0.2 -1.4
v 1.9 0.2 -1.4
v 2.1 0.2 -1.4
v 2.2 0.2 -1.4
v -2.2 0.2 -1.6
v -2.1 0.2 -1.6
v -1.8 0.2 -1.6
v -1.7 0.2 -1.6
v 1.6 0.2 -1.6
v 1.7 0.2 -1.6
v 2 0.2 -1.6
v 2.1 0.2 -1.6
v -2.1 0.2 -1.7
v -1.8 0.2 -1.7
v -1.7 0.2 -1.7
v -1.6 0.2 -1.7
v 1.5 0.2 -1.7
v 1.6 0.2 -1.7
v 1.7 0.2 -1.7
v -2.1 0.2 -1.8
v -2 0.2 -1.8
v -1.9 0.2 -1.8
v -1.8 0.2 -1.8
v -1.7 0.2 -1.8
v -1.6 0.2 -1.8
v -1.4 0.2 -1.8
v 1.3 0.2 -1.8
v 1.5 0.2 -1.8
v 1.6 0.2 -1.8
v 1.7 0.2 -1.8
v 1.9 0.2 -1.8
v 2 0.2 -1.8
v -2.1 0.2 -1.9
v -2 0.2 -1.9
v -1.9 0.2 -1.9
v -1.8 0.2 -1.9
v 1.8 0.2 -1.9
v 1.9 0.2 -1.9
v 2 0.2 -1.9
v -2 0.2 -2
v -1.9 0.2 -2
v -1.8 0.2 -2
v -1.7 0.2 -2
v -1.4 0.2 -2
v -1.3 0.2 -2
v 1.2 0.2 -2
v 1.3 0.2 -2
v 1.7 0.2 -2
v 1.8 0.2 -2
v 1.9 0.2 -2
v -1.9 0.2 -2.1
v -1.8 0.2 -2.1
v -1.7 0.2 -2.1
v -1.6 0.2 -2.1
v 1.5 0.2 -2.1
v 1.6 0.2 -2.1
v 1.7 0.2 -2.1
v 1.8 0.2 -2.1
v -1.6 0.2 -2.2
v -1.4 0.2 -2.2
v -1.3 0.2 -2.2
v -1.2 0.2 -2.2
v 1.1 0.2 -2.2
v 1.2 0.2 -2.2
v 1.3 0.2 -2.2
v 1.5 0.2 -2.2
v -1.4 0.2 -2.3
v -1.3 0.2 -2.3
v 1.2 0.2 -2.3
v 1.3 0.2 -2.3
v -1.3 0.2 -2.4
v -1.2 0.2 -2.4
v 1.1 0.2 -2.4
v 1.2 0.2 -2.4
v -0.6 0.2 -2.5
v 2.38419e-07 0.2 -2.5
v 0.5 0.2 -2.5
v -0.9 0.2 -2.6
v -0.6 0.2 -2.6
v 0.5 0.2 -2.6
v 0.8 0.2 -2.6
v -0.9 0.2 -2.7
v -0.6 0.2 -2.7
v 2.38419e-07 0.2 -2.7
v 0.5 0.2 -2.7
v 0.8 0.2 -2.7
v -0.9 0.3 2.5
v -0.6 0.3 2.5
v 0.5 0.3 2.5
v 0.8 0.3 2.5
v -1.2 0.3 2.4
v -0.9 0.3 2.4
v -0.6 0.3 2.4
v -0.5 0.3 2.4
v 0.4 0.3 2.4
v 0.5 0.3 2.4
v 0.8 0.3 2.4
v 1.1 0.3 2.4
v -1.2 0.3 2.3
v -0.9 0.3 2.3
v -0.6 0.3 2.3
v -0.5 0.3 2.3
v -0.4 0.3 2.3
v 0.3 0.3 2.3
v 0.4 0.3 2.3
v 0.5 0.3 2.3
v 0.8 0.3 2.3
v 1.1 0.3 2.3
v -0.4 0.3 2.2
v 2.38419e-07 0.3 2.2
v 0.3 0.3 2.2
v -1.3 0.3 2.1
v -1.2 0.3 2.1
v -0.6 0.3 2.1
v -0.3 0.3 2.1
v 2.38419e-07 0.3 2.1
v 0.2 0.3 2.1
v 0.5 0.3 2.1
v 1.1 0.3 2.1
v 1.2 0.3 2.1
v -1.3 0.3 2
v -0.9 0.3 2
v -0.3 0.3 2
v 0.2 0.3 2
v 0.8 0.3 2
v 1.2 0.3 2
v -1.9 0.3 1.9
v -1.8 0.3 1.9
v -1.4 0.3 1.9
v -1.3 0.3 1.9
v 1.2 0.3 1.9
v 1.3 0.3 1.9
v 1.7 0.3 1.9
v 1.8 0.3 1.9
v -2 0.3 1.8
v -1.9 0.3 1.8
v -1.8 0.3 1.8
v -1.4 0.3 1.8
v -1.3 0.3 1.8
v 1.2 0.3 1.8
v 1.3 0.3 1.8
v 1.7 0.3 1.8
v 1.8 0.3 1.8
v 1.9 0.3 1.8
v -2 0.3 1.7
v -1.9 0.3 1.7
v -1.6 0.3 1.7
v -1.5 0.3 1.7
v 1.4 0.3 1.7
v 1.5 0.3 1.7
v 1.6 0.3 1.7
v 1.7 0.3 1.7
v 1.8 0.3 1.7
v 1.9 0.3 1.7
v -1.6 0.3 1.6
v -1.5 0.3 1.6
v 1.4 0.3 1.6
v 1.5 0.3 1.6
v 1.6 0.3 1.6
v 1.7 0.3 1.6
v -1.8 0.3 1.5
v -1.7 0.3 1.5
v 1.6 0.3 1.5
v 1.7 0.3 1.5
v -1.8 0.3 1.4
v -1.7 0.3 1.4
v 1.6 0.3 1.4
v 1.7 0.3 1.4
v -2 0.3 1.3
v -1.9 0.3 1.3
v 1.8 0.3 1.3
v 1.9 0.3 1.3
v -2.2 0.3 1.2
v -2.1 0.3 1.2
v -2 0.3 1.2
v -1.9 0.3 1.2
v 1.8 0.3 1.2
v 1.9 0.3 1.2
v 2 0.3 1.2
v 2.1 0.3 1.2
v -2.5 0.3 1.1
v -2.4 0.3 1.1
v -2.2 0.3 1.1
v 2.1 0.3 1.1
v 2.3 0.3 1.1
v 2.4 0.3 1.1
v -2.6 0.3 0.8
v -2.5 0.3 0.8
v -2.4 0.3 0.8
v -2.1 0.3 0.8
v 2 0.3 0.8
v 2.3 0.3 0.8
v 2.4 0.3 0.8
v 2.5 0.3 0.8
v 2.4 0.3 0.6
v 2.5 0.3 0.6
v -2.6 0.3 0.5
v -2.5 0.3 0.5
v -2.4 0.3 0.5
v -2.2 0.3 0.5
v 2.1 0.3 0.5
v 2.3 0.3 0.5
v 2.4 0.3 0.5
v 2.5 0.3 0.5
v -2.5 0.3 0.4
v -2.4 0.3 0.4
v -2.4 0.3 0.3
v -2.3 0.3 0.3
v -2.2 0.3 0.2
v -2.1 0.3 0.2
v -2.2 0.3 -0.3
v -2.1 0.3 -0.3
v -2.4 0.3 -0.4
v -2.3 0.3 -0.4
v -2.5 0.3 -0.5
v -2.4 0.3 -0.5
v -2.6 0.3 -0.6
v -2.5 0.3 -0.6
v -2.4 0.3 -0.6
v -2.2 0.3 -0.6
v 2.1 0.3 -0.6
v 2.3 0.3 -0.6
v 2.4 0.3 -0.6
v 2.5 0.3 -0.6
v 2.4 0.3 -0.7
v 2.5 0.3 -0.7
v -2.6 0.3 -0.9
v -2.5 0.3 -0.9
v -2.4 0.3 -0.9
v -2.1 0.3 -0.9
v 2 0.3 -0.9
v 2.3 0.3 -0.9
v 2.4 0.3 -0.9
v 2.5 0.3 -0.9
v -2.5 0.3 -1.2
v -2.4 0.3 -1.2
v -2.2 0.3 -1.2
v 2.1 0.3 -1.2
v 2.3 0.3 -1.2
v 2.4 0.3 -1.2
v -2.2 0.3 -1.3
v -2.1 0.3 -1.3
v -2 0.3 -1.3
v -1.9 0.3 -1.3
v 1.8 0.3 -1.3
v 1.9 0.3 -1.3
v 2 0.3 -1.3
v 2.1 0.3 -1.3
v -2 0.3 -1.4
v -1.9 0.3 -1.4
v 1.8 0.3 -1.4
v 1.9 0.3 -1.4
v -1.8 0.3 -1.5
v -1.7 0.3 -1.5
v 1.6 0.3 -1.5
v 1.7 0.3 -1.5
v -1.8 0.3 -1.6
v -1.7 0.3 -1.6
v 1.6 0.3 -1.6
v 1.7 0.3 -1.6
v -1.8 0.3 -1.7
v -1.7 0.3 -1.7
v -1.6 0.3 -1.7
v -1.5 0.3 -1.7
v 1.4 0.3 -1.7
v 1.5 0.3 -1.7
v -2 0.3 -1.8
v -1.9 0.3 -1.8
v -1.8 0.3 -1.8
v -1.7 0.3 -1.8
v -1.6 0.3 -1.8
v -1.5 0.3 -1.8
v 1.4 0.3 -1.8
v 1.5 0.3 -1.8
v 1.8 0.3 -1.8
v 1.9 0.3 -1.8
v -2 0.3 -1.9
v -1.9 0.3 -1.9
v -1.8 0.3 -1.9
v -1.4 0.3 -1.9
v -1.3 0.3 -1.9
v 1.2 0.3 -1.9
v 1.3 0.3 -1.9
v 1.7 0.3 -1.9
v 1.8 0.3 -1.9
v 1.9 0.3 -1.9
v -1.9 0.3 -2
v -1.8 0.3 -2
v -1.4 0.3 -2
v -1.3 0.3 -2
v 1.2 0.3 -2
v 1.3 0.3 -2
v 1.7 0.3 -2
v 1.8 0.3 -2
v -1.3 0.3 -2.1
v -0.9 0.3 -2.1
v 0.8 0.3 -2.1
v 1.2 0.3 -2.1
v -1.3 0.3 -2.2
v -1.2 0.3 -2.2
v -0.6 0.3 -2.2
v 2.38419e-07 0.3 -2.2
v 0.5 0.3 -2.2
v 1.1 0.3 -2.2
v 1.2 0.3 -2.2
v -1.2 0.3 -2.4
v -0.9 0.3 -2.4
v -0.6 0.3 -2.4
v 0.5 0.3 -2.4
v 0.8 0.3 -2.4
v 1.1 0.3 -2.4
v -1.2 0.3 -2.5
v -0.9 0.3 -2.5
v -0.6 0.3 -2.5
v 2.38419e-07 0.3 -2.5
v 0.5 0.3 -2.5
v 0.8 0.3 -2.5
v 1.1 0.3 -2.5
v -0.9 0.3 -2.6
v -0.6 0.3 -2.6
v 0.5 0.3 -2.6
v 0.8 0.3 -2.6
v -0.9 0.4 2.3
v -0.6 0.4 2.3
v 0.5 0.4 2.3
v 0.8 0.4 2.3
v -0.6 0.4 2.1
v -0.3 0.4 2.1
v 0.2 0.4 2.1
v 0.5 0.4 2.1
v -1.3 0.4 2
v -0.9 0.4 2
v -0.6 0.4 2
v -0.3 0.4 2
v 2.38419e-07 0.4 2
v 0.2 0.4 2
v 0.5 0.4 2
v 0.8 0.4 2
v 1.2 0.4 2
v -0.6 0.4 1.9
v -0.2 0.4 1.9
v 2.38419e-07 0.4 1.9
v 0.1 0.4 1.9
v 0.5 0.4 1.9
v -1.9 0.4 1.8
v -1.8 0.4 1.8
v -1.4 0.4 1.8
v -1.3 0.4 1.8
v -1.2 0.4 1.8
v -0.9 0.4 1.8
v -0.2 0.4 1.8
v 0.1 0.4 1.8
v 0.8 0.4 1.8
v 1.1 0.4 1.8
v 1.2 0.4 1.8
v 1.3 0.4 1.8
v -1.9 0.4 1.7
v -1.8 0.4 1.7
v -1.5 0.4 1.7
v -1.4 0.4 1.7
v -1.3 0.4 1.7
v -1.2 0.4 1.7
v 1.1 0.4 1.7
v 1.2 0.4 1.7
v 1.3 0.4 1.7
v 1.4 0.4 1.7
v 1.7 0.4 1.7
v 1.8 0.4 1.7
v -1.7 0.4 1.6
v -1.6 0.4 1.6
v -1.5 0.4 1.6
v -1.3 0.4 1.6
v 1.2 0.4 1.6
v 1.4 0.4 1.6
v 1.5 0.4 1.6
v 1.6 0.4 1.6
v 1.7 0.4 1.6
v 1.8 0.4 1.6
v -1.7 0.4 1.5
v -1.6 0.4 1.5
v 1.5 0.4 1.5
v 1.6 0.4 1.5
v -1.8 0.4 1.4
v -1.7 0.4 1.4
v 1.6 0.4 1.4
v 1.7 0.4 1.4
v -1.9 0.4 1.3
v -1.8 0.4 1.3
v 1.7 0.4 1.3
v 1.8 0.4 1.3
v -2.1 0.4 1.2
v -1.9 0.4 1.2
v -1.8 0.4 1.2
v -1.7 0.4 1.2
v 1.6 0.4 1.2
v 1.7 0.4 1.2
v 1.8 0.4 1.2
v 2 0.4 1.2
v -1.9 0.4 1.1
v -1.8 0.4 1.1
v 1.7 0.4 1.1
v 1.8 0.4 1.1
v -2.4 0.4 0.8
v -2.1 0.4 0.8
v -1.9 0.4 0.8
v 1.8 0.4 0.8
v 2 0.4 0.8
v 2.3 0.4 0.8
v -2.4 0.4 0.7
v -2.3 0.4 0.7
v -2.3 0.4 0.6
v -2.1 0.4 0.6
v 2.1 0.4 0.6
v 2.3 0.4 0.6
v -2.4 0.4 0.5
v -2.2 0.4 0.5
v -2.1 0.4 0.5
v -2 0.4 0.5
v 1.9 0.4 0.5
v 2 0.4 0.5
v 2.1 0.4 0.5
v 2.3 0.4 0.5
v -2.2 0.4 0.2
v -2.1 0.4 0.2
v -2 0.4 0.0999999
v -1.9 0.4 0.0999999
v -2 0.4 -0.2
v -1.9 0.4 -0.2
v -2.2 0.4 -0.3
v -2.1 0.4 -0.3
v -2.4 0.4 -0.6
v -2.2 0.4 -0.6
v -2.1 0.4 -0.6
v -2 0.4 -0.6
v 1.9 0.4 -0.6
v 2 0.4 -0.6
v 2.1 0.4 -0.6
v 2.3 0.4 -0.6
v 2.1 0.4 -0.7
v 2.3 0.4 -0.7
v -2.4 0.4 -0.9
v -2.1 0.4 -0.9
v -1.9 0.4 -0.9
v 1.8 0.4 -0.9
v 2 0.4 -0.9
v 2.3 0.4 -0.9
v -1.9 0.4 -1.2
v -1.8 0.4 -1.2
v 1.7 0.4 -1.2
v 1.8 0.4 -1.2
v -2.1 0.4 -1.3
v -1.9 0.4 -1.3
v -1.8 0.4 -1.3
v -1.7 0.4 -1.3
v 1.6 0.4 -1.3
v 1.7 0.4 -1.3
v 1.8 0.4 -1.3
v 2 0.4 -1.3
v -1.9 0.4 -1.4
v -1.8 0.4 -1.4
v 1.7 0.4 -1.4
v 1.8 0.4 -1.4
v -1.8 0.4 -1.5
v -1.7 0.4 -1.5
v 1.6 0.4 -1.5
v 1.7 0.4 -1.5
v -1.7 0.4 -1.6
v -1.6 0.4 -1.6
v 1.5 0.4 -1.6
v 1.6 0.4 -1.6
v -1.7 0.4 -1.7
v -1.6 0.4 -1.7
v -1.5 0.4 -1.7
v -1.3 0.4 -1.7
v 1.2 0.4 -1.7
v 1.4 0.4 -1.7
v 1.5 0.4 -1.7
v 1.6 0.4 -1.7
v 1.7 0.4 -1.7
v 1.8 0.4 -1.7
v -1.8 0.4 -1.8
v -1.7 0.4 -1.8
v -1.5 0.4 -1.8
v -1.4 0.4 -1.8
v -1.3 0.4 -1.8
v -1.2 0.4 -1.8
v 1.1 0.4 -1.8
v 1.2 0.4 -1.8
v 1.3 0.4 -1.8
v 1.4 0.4 -1.8
v 1.6 0.4 -1.8
v 1.8 0.4 -1.8
v -1.8 0.4 -1.9
v -1.7 0.4 -1.9
v -1.4 0.4 -1.9
v -1.3 0.4 -1.9
v -1.2 0.4 -1.9
v -0.9 0.4 -1.9
v 0.8 0.4 -1.9
v 1.1 0.4 -1.9
v 1.2 0.4 -1.9
v 1.3 0.4 -1.9
v 1.6 0.4 -1.9
v 1.7 0.4 -1.9
v 1.8 0.4 -1.9
v -0.6 0.4 -2
v 2.38419e-07 0.4 -2
v 0.5 0.4 -2
v -1.3 0.4 -2.1
v -0.9 0.4 -2.1
v -0.6 0.4 -2.1
v 0.5 0.4 -2.1
v 0.8 0.4 -2.1
v 1.2 0.4 -2.1
v -0.6 0.4 -2.2
v 2.38419e-07 0.4 -2.2
v 0.5 0.4 -2.2
v -0.9 0.4 -2.4
v -0.6 0.4 -2.4
v 0.5 0.4 -2.4
v 0.8 0.4 -2.4
v -0.9 0.5 2
v -0.6 0.5 2
v 0.5 0.5 2
v 0.8 0.5 2
v -0.6 0.5 1.9
v -0.2 0.5 1.9
v 0.1 0.5 1.9
v 0.5 0.5 1.9
v -1.2 0.5 1.8
v -0.9 0.5 1.8
v -0.7 0.5 1.8
v -0.4 0.5 1.8
v -0.2 0.5 1.8
v 0.1 0.5 1.8
v 0.3 0.5 1.8
v 0.5 0.5 1.8
v 0.8 0.5 1.8
v 1.1 0.5 1.8
v -1.3 0.5 1.7
v -1.2 0.5 1.7
v -0.2 0.5 1.7
v 0.1 0.5 1.7
v 0.5 0.5 1.7
v 0.6 0.5 1.7
v 1.1 0.5 1.7
v 1.2 0.5 1.7
v -1.6 0.5 1.6
v -1.5 0.5 1.6
v -1.3 0.5 1.6
v -0.8 0.5 1.6
v -0.7 0.5 1.6
v -0.6 0.5 1.6
v -0.4 0.5 1.6
v 0.3 0.5 1.6
v 0.5 0.5 1.6
v 0.6 0.5 1.6
v 0.7 0.5 1.6
v 1.2 0.5 1.6
v 1.5 0.5 1.6
v -1.7 0.5 1.5
v -1.6 0.5 1.5
v -1.5 0.5 1.5
v -1.4 0.5 1.5
v -0.9 0.5 1.5
v -0.8 0.5 1.5
v -0.7 0.5 1.5
v -0.6 0.5 1.5
v 0.5 0.5 1.5
v 0.6 0.5 1.5
v 0.7 0.5 1.5
v 0.8 0.5 1.5
v 1.5 0.5 1.5
v 1.6 0.5 1.5
v -1.5 0.5 1.4
v -1.4 0.5 1.4
v -1.3 0.5 1.4
v -0.8 0.5 1.4
v -0.7 0.5 1.4
v 0.6 0.5 1.4
v 0.7 0.5 1.4
v 1.2 0.5 1.4
v 1.4 0.5 1.4
v 1.5 0.5 1.4
v 1.6 0.5 1.4
v -1.3 0.5 1.3
v -1.2 0.5 1.3
v -0.9 0.5 1.3
v -0.8 0.5 1.3
v 0.7 0.5 1.3
v 0.8 0.5 1.3
v 1.4 0.5 1.3
v 1.5 0.5 1.3
v -1.8 0.5 1.2
v -1.7 0.5 1.2
v -1.5 0.5 1.2
v -1.3 0.5 1.2
v -1.2 0.5 1.2
v -1 0.5 1.2
v -0.9 0.5 1.2
v 0.8 0.5 1.2
v 0.9 0.5 1.2
v 1.1 0.5 1.2
v 1.2 0.5 1.2
v 1.3 0.5 1.2
v 1.4 0.5 1.2
v 1.6 0.5 1.2
v 1.7 0.5 1.2
v -1.9 0.5 1.1
v -1.8 0.5 1.1
v -1.3 0.5 1.1
v -1.2 0.5 1.1
v -1.1 0.5 1.1
v -1 0.5 1.1
v 0.9 0.5 1.1
v 1 0.5 1.1
v 1.1 0.5 1.1
v 1.2 0.5 1.1
v 1.3 0.5 1.1
v 1.7 0.5 1.1
v 1.8 0.5 1.1
v -1.2 0.5 1
v -1.1 0.5 1
v 1 0.5 1
v 1.1 0.5 1
v -1.3 0.5 0.9
v -1.2 0.5 0.9
v 1.1 0.5 0.9
v 1.2 0.5 0.9
v -2.1 0.5 0.8
v -1.9 0.5 0.8
v -1.6 0.5 0.8
v -1.4 0.5 0.8
v -1.3 0.5 0.8
v 1.2 0.5 0.8
v 1.3 0.5 0.8
v 1.5 0.5 0.8
v 1.8 0.5 0.8
v 2 0.5 0.8
v -1.7 0.5 0.7
v -1.6 0.5 0.7
v -1.5 0.5 0.7
v -1.4 0.5 0.7
v 1.3 0.5 0.7
v 1.4 0.5 0.7
v 1.5 0.5 0.7
v 1.6 0.5 0.7
v -2.1 0.5 0.6
v -1.9 0.5 0.6
v -1.7 0.5 0.6
v -1.6 0.5 0.6
v -1.5 0.5 0.6
v 1.4 0.5 0.6
v 1.5 0.5 0.6
v 1.6 0.5 0.6
v 1.7 0.5 0.6
v -2.1 0.5 0.5
v -2 0.5 0.5
v -1.9 0.5 0.5
v -1.7 0.5 0.5
v -1.6 0.5 0.5
v 1.5 0.5 0.5
v 1.6 0.5 0.5
v 1.7 0.5 0.5
v 1.8 0.5 0.5
v 1.9 0.5 0.5
v 2 0.5 0.5
v -1.9 0.5 0.3
v -1.7 0.5 0.3
v 1.6 0.5 0.3
v 1.7 0.5 0.3
v 1.8 0.5 0.3
v -2 0.5 0.0999999
v -1.9 0.5 0.0999999
v -1.8 0.5 0.0999999
v -2 0.5 -0.2
v -1.9 0.5 -0.2
v -1.8 0.5 -0.2
v -1.9 0.5 -0.4
v -1.8 0.5 -0.4
v -1.7 0.5 -0.4
v 1.6 0.5 -0.4
v 1.7 0.5 -0.4
v 1.8 0.5 -0.4
v -2.1 0.5 -0.6
v -2 0.5 -0.6
v -1.9 0.5 -0.6
v -1.8 0.5 -0.6
v -1.7 0.5 -0.6
v -1.6 0.5 -0.6
v 1.5 0.5 -0.6
v 1.6 0.5 -0.6
v 1.7 0.5 -0.6
v 1.8 0.5 -0.6
v 1.9 0.5 -0.6
v 2 0.5 -0.6
v -1.8 0.5 -0.7
v -1.7 0.5 -0.7
v -1.6 0.5 -0.7
v -1.5 0.5 -0.7
v 1.4 0.5 -0.7
v 1.5 0.5 -0.7
v 1.6 0.5 -0.7
v 1.7 0.5 -0.7
v 1.9 0.5 -0.7
v 2 0.5 -0.7
v -1.7 0.5 -0.8
v -1.6 0.5 -0.8
v -1.5 0.5 -0.8
v -1.4 0.5 -0.8
v 1.3 0.5 -0.8
v 1.4 0.5 -0.8
v 1.5 0.5 -0.8
v 1.6 0.5 -0.8
v -2.1 0.5 -0.9
v -1.9 0.5 -0.9
v -1.6 0.5 -0.9
v -1.4 0.5 -0.9
v -1.3 0.5 -0.9
v 1.2 0.5 -0.9
v 1.3 0.5 -0.9
v 1.5 0.5 -0.9
v 1.8 0.5 -0.9
v 2 0.5 -0.9
v -1.3 0.5 -1
v -1.2 0.5 -1
v 1.1 0.5 -1
v 1.2 0.5 -1
v -1.2 0.5 -1.1
v -1.1 0.5 -1.1
v 1 0.5 -1.1
v 1.1 0.5 -1.1
v 1.2 0.5 -1.1
v -1.9 0.5 -1.2
v -1.8 0.5 -1.2
v -1.3 0.5 -1.2
v -1.2 0.5 -1.2
v -1.1 0.5 -1.2
v -1 0.5 -1.2
v 0.9 0.5 -1.2
v 1 0.5 -1.2
v 1.1 0.5 -1.2
v 1.2 0.5 -1.2
v 1.3 0.5 -1.2
v 1.7 0.5 -1.2
v 1.8 0.5 -1.2
v -1.8 0.5 -1.3
v -1.7 0.5 -1.3
v -1.5 0.5 -1.3
v -1.3 0.5 -1.3
v -1.2 0.5 -1.3
v -1 0.5 -1.3
v -0.9 0.5 -1.3
v 0.8 0.5 -1.3
v 0.9 0.5 -1.3
v 1.1 0.5 -1.3
v 1.2 0.5 -1.3
v 1.3 0.5 -1.3
v 1.4 0.5 -1.3
v 1.6 0.5 -1.3
v 1.7 0.5 -1.3
v -1.3 0.5 -1.4
v -1.2 0.5 -1.4
v -0.9 0.5 -1.4
v -0.8 0.5 -1.4
v 0.7 0.5 -1.4
v 0.8 0.5 -1.4
v 1.4 0.5 -1.4
v 1.5 0.5 -1.4
v -1.5 0.5 -1.5
v -1.3 0.5 -1.5
v -0.8 0.5 -1.5
v -0.7 0.5 -1.5
v 0.6 0.5 -1.5
v 0.7 0.5 -1.5
v 1.2 0.5 -1.5
v 1.4 0.5 -1.5
v 1.5 0.5 -1.5
v 1.6 0.5 -1.5
v -1.7 0.5 -1.6
v -1.6 0.5 -1.6
v -0.9 0.5 -1.6
v -0.8 0.5 -1.6
v -0.7 0.5 -1.6
v -0.6 0.5 -1.6
v 0.5 0.5 -1.6
v 0.6 0.5 -1.6
v 0.7 0.5 -1.6
v 0.8 0.5 -1.6
v 1.5 0.5 -1.6
v 1.6 0.5 -1.6
v -1.6 0.5 -1.7
v -1.5 0.5 -1.7
v -1.3 0.5 -1.7
v -0.8 0.5 -1.7
v -0.7 0.5 -1.7
v -0.6 0.5 -1.7
v -0.4 0.5 -1.7
v 0.3 0.5 -1.7
v 0.5 0.5 -1.7
v 0.6 0.5 -1.7
v 0.7 0.5 -1.7
v 1.2 0.5 -1.7
v 1.5 0.5 -1.7
v -1.3 0.5 -1.8
v -1.2 0.5 -1.8
v -0.7 0.5 -1.8
v -0.6 0.5 -1.8
v 0.5 0.5 -1.8
v 0.6 0.5 -1.8
v 1.1 0.5 -1.8
v 1.2 0.5 -1.8
v -1.2 0.5 -1.9
v -0.9 0.5 -1.9
v -0.6 0.5 -1.9
v -0.4 0.5 -1.9
v 2.38419e-07 0.5 -1.9
v 0.3 0.5 -1.9
v 0.5 0.5 -1.9
v 0.8 0.5 -1.9
v 1.1 0.5 -1.9
v -0.6 0.5 -2
v 2.38419e-07 0.5 -2
v 0.5 0.5 -2
v -0.9 0.5 -2.1
v -0.6 0.5 -2.1
v 0.5 0.5 -2.1
v 0.8 0.5 -2.1
v -0.9 0.6 1.8
v -0.7 0.6 1.8
v -0.4 0.6 1.8
v -0.2 0.6 1.8
v 0.1 0.6 1.8
v 0.3 0.6 1.8
v 0.5 0.6 1.8
v 0.8 0.6 1.8
v -0.4 0.6 1.7
v -0.2 0.6 1.7
v 0.1 0.6 1.7
v 0.3 0.6 1.7
v 0.5 0.6 1.7
v 0.6 0.6 1.7
v -0.8 0.6 1.6
v -0.7 0.6 1.6
v -0.6 0.6 1.6
v -0.4 0.6 1.6
v -0.2 0.6 1.6
v 0.1 0.6 1.6
v 0.3 0.6 1.6
v 0.5 0.6 1.6
v 0.6 0.6 1.6
v 0.7 0.6 1.6
v -0.9 0.6 1.5
v -0.8 0.6 1.5
v -0.7 0.6 1.5
v -0.6 0.6 1.5
v -0.5 0.6 1.5
v -0.4 0.6 1.5
v 0.3 0.6 1.5
v 0.4 0.6 1.5
v 0.5 0.6 1.5
v 0.6 0.6 1.5
v 0.7 0.6 1.5
v 0.8 0.6 1.5
v -1.5 0.6 1.4
v -1.4 0.6 1.4
v -1.3 0.6 1.4
v -0.8 0.6 1.4
v -0.7 0.6 1.4
v -0.5 0.6 1.4
v 0.4 0.6 1.4
v 0.6 0.6 1.4
v 0.7 0.6 1.4
v 1.2 0.6 1.4
v 1.4 0.6 1.4
v -1.3 0.6 1.3
v -0.9 0.6 1.3
v -0.8 0.6 1.3
v -0.7 0.6 1.3
v 0.6 0.6 1.3
v 0.7 0.6 1.3
v 0.8 0.6 1.3
v 1.4 0.6 1.3
v -1.5 0.6 1.2
v -1.3 0.6 1.2
v -1.2 0.6 1.2
v -1 0.6 1.2
v -0.9 0.6 1.2
v -0.8 0.6 1.2
v 0.7 0.6 1.2
v 0.8 0.6 1.2
v 0.9 0.6 1.2
v 1.1 0.6 1.2
v 1.2 0.6 1.2
v 1.3 0.6 1.2
v 1.4 0.6 1.2
v -1.3 0.6 1.1
v -1.2 0.6 1.1
v -1.1 0.6 1.1
v -1 0.6 1.1
v -0.9 0.6 1.1
v 0.8 0.6 1.1
v 0.9 0.6 1.1
v 1 0.6 1.1
v 1.1 0.6 1.1
v 1.2 0.6 1.1
v -1.2 0.6 1
v -1.1 0.6 1
v -1 0.6 1
v 0.9 0.6 1
v 1 0.6 1
v 1.1 0.6 1
v -1.3 0.6 0.9
v -1.2 0.6 0.9
v -1.1 0.6 0.9
v 1 0.6 0.9
v 1.1 0.6 0.9
v 1.2 0.6 0.9
v -1.9 0.6 0.8
v -1.6 0.6 0.8
v -1.4 0.6 0.8
v -1.3 0.6 0.8
v -1.2 0.6 0.8
v 1.1 0.6 0.8
v 1.2 0.6 0.8
v 1.3 0.6 0.8
v 1.5 0.6 0.8
v 1.8 0.6 0.8
v -1.7 0.6 0.7
v -1.6 0.6 0.7
v -1.5 0.6 0.7
v -1.4 0.6 0.7
v -1.3 0.6 0.7
v 1.2 0.6 0.7
v 1.3 0.6 0.7
v 1.4 0.6 0.7
v 1.5 0.6 0.7
v 1.6 0.6 0.7
v -1.9 0.6 0.6
v -1.7 0.6 0.6
v -1.6 0.6 0.6
v -1.5 0.6 0.6
v -1.4 0.6 0.6
v 1.3 0.6 0.6
v 1.4 0.6 0.6
v 1.5 0.6 0.6
v 1.6 0.6 0.6
v 1.7 0.6 0.6
v -1.7 0.6 0.5
v -1.6 0.6 0.5
v -1.5 0.6 0.5
v 1.5 0.6 0.5
v 1.6 0.6 0.5
v 1.7 0.6 0.5
v 1.8 0.6 0.5
v -1.6 0.6 0.4
v -1.5 0.6 0.4
v 1.4 0.6 0.4
v 1.5 0.6 0.4
v -1.9 0.6 0.3
v -1.8 0.6 0.3
v -1.7 0.6 0.3
v -1.6 0.6 0.3
v 1.5 0.6 0.3
v 1.6 0.6 0.3
v 1.7 0.6 0.3
v 1.8 0.6 0.3
v -1.9 0.6 0.0999999
v -1.8 0.6 0.0999999
v -1.7 0.6 0.0999999
v -1.9 0.6 -0.2
v -1.8 0.6 -0.2
v -1.7 0.6 -0.2
v -1.9 0.6 -0.4
v -1.8 0.6 -0.4
v -1.7 0.6 -0.4
v -1.6 0.6 -0.4
v 1.5 0.6 -0.4
v 1.6 0.6 -0.4
v 1.7 0.6 -0.4
v 1.8 0.6 -0.4
v -1.6 0.6 -0.5
v -1.5 0.6 -0.5
v 1.4 0.6 -0.5
v 1.5 0.6 -0.5
v -1.9 0.6 -0.6
v -1.8 0.6 -0.6
v -1.7 0.6 -0.6
v -1.6 0.6 -0.6
v 1.5 0.6 -0.6
v 1.6 0.6 -0.6
v 1.7 0.6 -0.6
v 1.8 0.6 -0.6
v -1.8 0.6 -0.7
v -1.7 0.6 -0.7
v -1.6 0.6 -0.7
v -1.5 0.6 -0.7
v -1.4 0.6 -0.7
v 1.3 0.6 -0.7
v 1.4 0.6 -0.7
v 1.5 0.6 -0.7
v 1.6 0.6 -0.7
v 1.7 0.6 -0.7
v -1.7 0.6 -0.8
v -1.6 0.6 -0.8
v -1.5 0.6 -0.8
v -1.4 0.6 -0.8
v -1.3 0.6 -0.8
v 1.2 0.6 -0.8
v 1.3 0.6 -0.8
v 1.4 0.6 -0.8
v 1.5 0.6 -0.8
v 1.6 0.6 -0.8
v -1.9 0.6 -0.9
v -1.6 0.6 -0.9
v -1.4 0.6 -0.9
v -1.3 0.6 -0.9
v -1.2 0.6 -0.9
v 1.1 0.6 -0.9
v 1.2 0.6 -0.9
v 1.3 0.6 -0.9
v 1.5 0.6 -0.9
v 1.8 0.6 -0.9
v -1.3 0.6 -1
v -1.2 0.6 -1
v -1.1 0.6 -1
v 1 0.6 -1
v 1.1 0.6 -1
v 1.2 0.6 -1
v -1.2 0.6 -1.1
v -1.1 0.6 -1.1
v -1 0.6 -1.1
v 0.9 0.6 -1.1
v 1 0.6 -1.1
v 1.1 0.6 -1.1
v -1.3 0.6 -1.2
v -1.2 0.6 -1.2
v -1.1 0.6 -1.2
v -1 0.6 -1.2
v -0.9 0.6 -1.2
v 0.8 0.6 -1.2
v 0.9 0.6 -1.2
v 1 0.6 -1.2
v 1.1 0.6 -1.2
v 1.2 0.6 -1.2
v -1.5 0.6 -1.3
v -1.3 0.6 -1.3
v -1.2 0.6 -1.3
v -1 0.6 -1.3
v -0.9 0.6 -1.3
v -0.8 0.6 -1.3
v 0.7 0.6 -1.3
v 0.8 0.6 -1.3
v 0.9 0.6 -1.3
v 1.1 0.6 -1.3
v 1.2 0.6 -1.3
v 1.3 0.6 -1.3
v 1.4 0.6 -1.3
v -1.3 0.6 -1.4
v -0.9 0.6 -1.4
v -0.8 0.6 -1.4
v -0.7 0.6 -1.4
v 0.6 0.6 -1.4
v 0.7 0.6 -1.4
v 0.8 0.6 -1.4
v 1.4 0.6 -1.4
v -1.5 0.6 -1.5
v -1.3 0.6 -1.5
v -0.8 0.6 -1.5
v -0.7 0.6 -1.5
v -0.5 0.6 -1.5
v 0.4 0.6 -1.5
v 0.6 0.6 -1.5
v 0.7 0.6 -1.5
v 1.2 0.6 -1.5
v 1.4 0.6 -1.5
v -0.9 0.6 -1.6
v -0.8 0.6 -1.6
v -0.7 0.6 -1.6
v -0.6 0.6 -1.6
v -0.5 0.6 -1.6
v -0.4 0.6 -1.6
v 0.3 0.6 -1.6
v 0.4 0.6 -1.6
v 0.5 0.6 -1.6
v 0.6 0.6 -1.6
v 0.7 0.6 -1.6
v 0.8 0.6 -1.6
v -0.8 0.6 -1.7
v -0.7 0.6 -1.7
v -0.6 0.6 -1.7
v -0.4 0.6 -1.7
v 0.3 0.6 -1.7
v 0.5 0.6 -1.7
v 0.6 0.6 -1.7
v 0.7 0.6 -1.7
v -0.7 0.6 -1.8
v -0.6 0.6 -1.8
v -0.4 0.6 -1.8
v 2.38419e-07 0.6 -1.8
v 0.3 0.6 -1.8
v 0.5 0.6 -1.8
v 0.6 0.6 -1.8
v -0.9 0.6 -1.9
v -0.6 0.6 -1.9
v -0.4 0.6 -1.9
v 2.38419e-07 0.6 -1.9
v 0.3 0.6 -1.9
v 0.5 0.6 -1.9
v 0.8 0.6 -1.9
v -0.4 0.7 1.7
v -0.2 0.7 1.7
v 0.1 0.7 1.7
v 0.3 0.7 1.7
v -0.4 0.7 1.6
v -0.2 0.7 1.6
v 0.1 0.7 1.6
v 0.3 0.7 1.6
v -0.5 0.7 1.5
v -0.4 0.7 1.5
v -0.2 0.7 1.5
v 0.1 0.7 1.5
v 0.3 0.7 1.5
v 0.4 0.7 1.5
v -0.7 0.7 1.4
v -0.6 0.7 1.4
v -0.5 0.7 1.4
v -0.4 0.7 1.4
v 0.3 0.7 1.4
v 0.4 0.7 1.4
v 0.5 0.7 1.4
v 0.6 0.7 1.4
v -0.8 0.7 1.3
v -0.7 0.7 1.3
v -0.6 0.7 1.3
v 0.5 0.7 1.3
v 0.6 0.7 1.3
v 0.7 0.7 1.3
v -0.9 0.7 1.2
v -0.8 0.7 1.2
v -0.7 0.7 1.2
v 0.6 0.7 1.2
v 0.7 0.7 1.2
v 0.8 0.7 1.2
v -1 0.7 1.1
v -0.9 0.7 1.1
v -0.8 0.7 1.1
v 0.7 0.7 1.1
v 0.8 0.7 1.1
v 0.9 0.7 1.1
v -1.1 0.7 1
v -1 0.7 1
v -0.9 0.7 1
v 0.8 0.7 1
v 0.9 0.7 1
v 1 0.7 1
v -1.2 0.7 0.9
v -1.1 0.7 0.9
v -1 0.7 0.9
v 0.9 0.7 0.9
v 1 0.7 0.9
v 1.1 0.7 0.9
v -1.3 0.7 0.8
v -1.2 0.7 0.8
v -1.1 0.7 0.8
v 1 0.7 0.8
v 1.1 0.7 0.8
v 1.2 0.7 0.8
v -1.4 0.7 0.7
v -1.3 0.7 0.7
v -1.2 0.7 0.7
v 1.1 0.7 0.7
v 1.2 0.7 0.7
v 1.3 0.7 0.7
v -1.5 0.7 0.6
v -1.4 0.7 0.6
v -1.3 0.7 0.6
v 1.2 0.7 0.6
v 1.3 0.7 0.6
v 1.4 0.7 0.6
v -1.5 0.7 0.5
v -1.4 0.7 0.5
v 1.3 0.7 0.5
v 1.4 0.7 0.5
v -1.6 0.7 0.4
v -1.5 0.7 0.4
v 1.4 0.7 0.4
v 1.5 0.7 0.4
v -1.8 0.7 0.3
v -1.7 0.7 0.3
v -1.6 0.7 0.3
v -1.5 0.7 0.3
v 1.4 0.7 0.3
v 1.5 0.7 0.3
v 1.6 0.7 0.3
v 1.7 0.7 0.3
v -1.8 0.7 0.0999999
v -1.7 0.7 0.0999999
v -1.6 0.7 0.0999999
v -1.8 0.7 -0.2
v -1.7 0.7 -0.2
v -1.6 0.7 -0.2
v -1.8 0.7 -0.4
v -1.7 0.7 -0.4
v -1.6 0.7 -0.4
v -1.5 0.7 -0.4
v 1.4 0.7 -0.4
v 1.5 0.7 -0.4
v 1.6 0.7 -0.4
v 1.7 0.7 -0.4
v -1.6 0.7 -0.5
v -1.5 0.7 -0.5
v 1.4 0.7 -0.5
v 1.5 0.7 -0.5
v -1.5 0.7 -0.6
v -1.4 0.7 -0.6
v 1.3 0.7 -0.6
v 1.4 0.7 -0.6
v -1.5 0.7 -0.7
v -1.4 0.7 -0.7
v -1.3 0.7 -0.7
v 1.2 0.7 -0.7
v 1.3 0.7 -0.7
v 1.4 0.7 -0.7
v -1.4 0.7 -0.8
v -1.3 0.7 -0.8
v -1.2 0.7 -0.8
v 1.1 0.7 -0.8
v 1.2 0.7 -0.8
v 1.3 0.7 -0.8
v -1.3 0.7 -0.9
v -1.2 0.7 -0.9
v -1.1 0.7 -0.9
v 1 0.7 -0.9
v 1.1 0.7 -0.9
v 1.2 0.7 -0.9
v -1.2 0.7 -1
v -1.1 0.7 -1
v -1 0.7 -1
v 0.9 0.7 -1
v 1 0.7 -1
v 1.1 0.7 -1
v -1.1 0.7 -1.1
v -1 0.7 -1.1
v -0.9 0.7 -1.1
v 0.8 0.7 -1.1
v 0.9 0.7 -1.1
v 1 0.7 -1.1
v -1 0.7 -1.2
v -0.9 0.7 -1.2
v -0.8 0.7 -1.2
v 0.7 0.7 -1.2
v 0.8 0.7 -1.2
v 0.9 0.7 -1.2
v -0.9 0.7 -1.3
v -0.8 0.7 -1.3
v -0.7 0.7 -1.3
v 0.6 0.7 -1.3
v 0.7 0.7 -1.3
v 0.8 0.7 -1.3
v -0.8 0.7 -1.4
v -0.7 0.7 -1.4
v -0.6 0.7 -1.4
v 0.5 0.7 -1.4
v 0.6 0.7 -1.4
v 0.7 0.7 -1.4
v -0.7 0.7 -1.5
v -0.6 0.7 -1.5
v -0.5 0.7 -1.5
v -0.4 0.7 -1.5
v 0.3 0.7 -1.5
v 0.4 0.7 -1.5
v 0.5 0.7 -1.5
v 0.6 0.7 -1.5
v -0.5 0.7 -1.6
v -0.4 0.7 -1.6
v 0.3 0.7 -1.6
v 0.4 0.7 -1.6
v -0.4 0.7 -1.7
v 2.38419e-07 0.7 -1.7
v 0.3 0.7 -1.7
v -0.4 0.7 -1.8
v 2.38419e-07 0.7 -1.8
v 0.3 0.7 -1.8
v -0.4 0.8 1.6
v -0.2 0.8 1.6
v 0.1 0.8 1.6
v 0.3 0.8 1.6
v -0.4 0.8 1.5
v -0.2 0.8 1.5
v 0.1 0.8 1.5
v 0.3 0.8 1.5
v -0.6 0.8 1.4
v -0.4 0.8 1.4
v -0.2 0.8 1.4
v 0.1 0.8 1.4
v 0.3 0.8 1.4
v 0.5 0.8 1.4
v -0.7 0.8 1.3
v -0.6 0.8 1.3
v -0.4 0.8 1.3
v 0.3 0.8 1.3
v 0.5 0.8 1.3
v 0.6 0.8 1.3
v -0.8 0.8 1.2
v -0.7 0.8 1.2
v -0.6 0.8 1.2
v 0.5 0.8 1.2
v 0.6 0.8 1.2
v 0.7 0.8 1.2
v -0.9 0.8 1.1
v -0.8 0.8 1.1
v -0.7 0.8 1.1
v 0.6 0.8 1.1
v 0.7 0.8 1.1
v 0.8 0.8 1.1
v -1 0.8 1
v -0.9 0.8 1
v -0.8 0.8 1
v 0.7 0.8 1
v 0.8 0.8 1
v 0.9 0.8 1
v -1.1 0.8 0.9
v -1 0.8 0.9
v -0.9 0.8 0.9
v 0.8 0.8 0.9
v 0.9 0.8 0.9
v 1 0.8 0.9
v -1.2 0.8 0.8
v -1.1 0.8 0.8
v -1 0.8 0.8
v 0.9 0.8 0.8
v 1 0.8 0.8
v 1.1 0.8 0.8
v -1.3 0.8 0.7
v -1.2 0.8 0.7
v -1.1 0.8 0.7
v 1 0.8 0.7
v 1.1 0.8 0.7
v 1.2 0.8 0.7
v -1.4 0.8 0.6
v -1.3 0.8 0.6
v -1.2 0.8 0.6
v 1.1 0.8 0.6
v 1.2 0.8 0.6
v 1.3 0.8 0.6
v -1.5 0.8 0.5
v -1.4 0.8 0.5
v -1.3 0.8 0.5
v 1.2 0.8 0.5
v 1.3 0.8 0.5
v 1.4 0.8 0.5
v -1.5 0.8 0.4
v -1.4 0.8 0.4
v -1.7 0.8 0.3
v -1.6 0.8 0.3
v -1.5 0.8 0.3
v -1.4 0.8 0.3
v 1.3 0.8 0.3
v 1.4 0.8 0.3
v 1.5 0.8 0.3
v 1.6 0.8 0.3
v -1.7 0.8 0.0999999
v -1.6 0.8 0.0999999
v -1.5 0.8 0.0999999
v -1.7 0.8 -0.2
v -1.6 0.8 -0.2
v -1.5 0.8 -0.2
v -1.7 0.8 -0.4
v -1.6 0.8 -0.4
v -1.5 0.8 -0.4
v -1.4 0.8 -0.4
v 1.3 0.8 -0.4
v 1.4 0.8 -0.4
v 1.5 0.8 -0.4
v 1.6 0.8 -0.4
v -1.5 0.8 -0.6
v -1.4 0.8 -0.6
v -1.3 0.8 -0.6
v 1.2 0.8 -0.6
v 1.3 0.8 -0.6
v 1.4 0.8 -0.6
v -1.4 0.8 -0.7
v -1.3 0.8 -0.7
v -1.2 0.8 -0.7
v 1.1 0.8 -0.7
v 1.2 0.8 -0.7
v 1.3 0.8 -0.7
v -1.3 0.8 -0.8
v -1.2 0.8 -0.8
v -1.1 0.8 -0.8
v 1 0.8 -0.8
v 1.1 0.8 -0.8
v 1.2 0.8 -0.8
v -1.2 0.8 -0.9
v -1.1 0.8 -0.9
v -1 0.8 -0.9
v 0.9 0.8 -0.9
v 1 0.8 -0.9
v 1.1 0.8 -0.9
v -1.1 0.8 -1
v -1 0.8 -1
v -0.9 0.8 -1
v 0.8 0.8 -1
v 0.9 0.8 -1
v 1 0.8 -1
v -1 0.8 -1.1
v -0.9 0.8 -1.1
v -0.8 0.8 -1.1
v 0.7 0.8 -1.1
v 0.8 0.8 -1.1
v 0.9 0.8 -1.1
v -0.9 0.8 -1.2
v -0.8 0.8 -1.2
v -0.7 0.8 -1.2
v 0.6 0.8 -1.2
v 0.7 0.8 -1.2
v 0.8 0.8 -1.2
v -0.8 0.8 -1.3
v -0.7 0.8 -1.3
v -0.6 0.8 -1.3
v 0.5 0.8 -1.3
v 0.6 0.8 -1.3
v 0.7 0.8 -1.3
v -0.7 0.8 -1.4
v -0.6 0.8 -1.4
v -0.4 0.8 -1.4
v 0.3 0.8 -1.4
v 0.5 0.8 -1.4
v 0.6 0.8 -1.4
v -0.6 0.8 -1.5
v -0.4 0.8 -1.5
v 0.3 0.8 -1.5
v 0.5 0.8 -1.5
v -0.4 0.8 -1.6
v 2.38419e-07 0.8 -1.6
v 0.3 0.8 -1.6
v -0.4 0.8 -1.7
v 2.38419e-07 0.8 -1.7
v 0.3 0.8 -1.7
v -0.4 0.9 1.5
v -0.2 0.9 1.5
v 0.1 0.9 1.5
v 0.3 0.9 1.5
v -0.4 0.9 1.4
v -0.2 0.9 1.4
v 0.1 0.9 1.4
v 0.3 0.9 1.4
v -0.6 0.9 1.3
v -0.4 0.9 1.3
v -0.2 0.9 1.3
v 0.1 0.9 1.3
v 0.3 0.9 1.3
v 0.5 0.9 1.3
v -0.7 0.9 1.2
v -0.6 0.9 1.2
v -0.4 0.9 1.2
v 0.3 0.9 1.2
v 0.5 0.9 1.2
v 0.6 0.9 1.2
v -0.8 0.9 1.1
v -0.7 0.9 1.1
v -0.6 0.9 1.1
v 0.5 0.9 1.1
v 0.6 0.9 1.1
v 0.7 0.9 1.1
v -0.9 0.9 1
v -0.8 0.9 1
v -0.7 0.9 1
v 0.6 0.9 1
v 0.7 0.9 1
v 0.8 0.9 1
v -1 0.9 0.9
v -0.9 0.9 0.9
v -0.8 0.9 0.9
v 0.7 0.9 0.9
v 0.8 0.9 0.9
v 0.9 0.9 0.9
v -1.1 0.9 0.8
v -1 0.9 0.8
v -0.9 0.9 0.8
v 0.8 0.9 0.8
v 0.9 0.9 0.8
v 1 0.9 0.8
v -1.2 0.9 0.7
v -1.1 0.9 0.7
v -1 0.9 0.7
v 0.9 0.9 0.7
v 1 0.9 0.7
v 1.1 0.9 0.7
v -1.3 0.9 0.6
v -1.2 0.9 0.6
v -1.1 0.9 0.6
v 1 0.9 0.6
v 1.1 0.9 0.6
v 1.2 0.9 0.6
v -1.4 0.9 0.5
v -1.3 0.9 0.5
v -1.2 0.9 0.5
v 1.1 0.9 0.5
v 1.2 0.9 0.5
v 1.3 0.9 0.5
v -1.4 0.9 0.4
v -1.3 0.9 0.4
v -1.6 0.9 0.3
v -1.5 0.9 0.3
v -1.4 0.9 0.3
v -1.3 0.9 0.3
v 1.2 0.9 0.3
v 1.3 0.9 0.3
v 1.4 0.9 0.3
v 1.5 0.9 0.3
v -1.6 0.9 0.0999999
v -1.5 0.9 0.0999999
v -1.4 0.9 0.0999999
v -1.6 0.9 -0.2
v -1.5 0.9 -0.2
v -1.4 0.9 -0.2
v -1.6 0.9 -0.4
v -1.5 0.9 -0.4
v -1.4 0.9 -0.4
v -1.3 0.9 -0.4
v 1.2 0.9 -0.4
v 1.3 0.9 -0.4
v 1.4 0.9 -0.4
v 1.5 0.9 -0.4
v -1.4 0.9 -0.6
v -1.3 0.9 -0.6
v -1.2 0.9 -0.6
v 1.1 0.9 -0.6
v 1.2 0.9 -0.6
v 1.3 0.9 -0.6
v -1.3 0.9 -0.7
v -1.2 0.9 -0.7
v -1.1 0.9 -0.7
v 1 0.9 -0.7
v 1.1 0.9 -0.7
v 1.2 0.9 -0.7
v -1.2 0.9 -0.8
v -1.1 0.9 -0.8
v -1 0.9 -0.8
v 0.9 0.9 -0.8
v 1 0.9 -0.8
v 1.1 0.9 -0.8
v -1.1 0.9 -0.9
v -1 0.9 -0.9
v -0.9 0.9 -0.9
v 0.8 0.9 -0.9
v 0.9 0.9 -0.9
v 1 0.9 -0.9
v -1 0.9 -1
v -0.9 0.9 -1
v -0.8 0.9 -1
v 0.7 0.9 -1
v 0.8 0.9 -1
v 0.9 0.9 -1
v -0.9 0.9 -1.1
v -0.8 0.9 -1.1
v -0.7 0.9 -1.1
v 0.6 0.9 -1.1
v 0.7 0.9 -1.1
v 0.8 0.9 -1.1
v -0.8 0.9 -1.2
v -0.7 0.9 -1.2
v -0.6 0.9 -1.2
v 0.5 0.9 -1.2
v 0.6 0.9 -1.2
v 0.7 0.9 -1.2
v -0.7 0.9 -1.3
v -0.6 0.9 -1.3
v -0.4 0.9 -1.3
v 0.3 0.9 -1.3
v 0.5 0.9 -1.3
v 0.6 0.9 -1.3
v -0.6 0.9 -1.4
v -0.4 0.9 -1.4
v 0.3 0.9 -1.4
v 0.5 0.9 -1.4
v -0.4 0.9 -1.5
v 2.38419e-07 0.9 -1.5
v 0.3 0.9 -1.5
v -0.4 0.9 -1.6
v 2.38419e-07 0.9 -1.6
v 0.3 0.9 -1.6
v -0.4 1 1.4
v -0.2 1 1.4
v 0.1 1 1.4
v 0.3 1 1.4
v -0.4 1 1.3
v -0.2 1 1.3
v 0.1 1 1.3
v 0.3 1 1.3
v -0.6 1 1.2
v -0.4 1 1.2
v -0.2 1 1.2
v 0.1 1 1.2
v 0.3 1 1.2
v 0.5 1 1.2
v -0.7 1 1.1
v -0.6 1 1.1
v -0.4 1 1.1
v 0.3 1 1.1
v 0.5 1 1.1
v 0.6 1 1.1
v -0.8 1 1
v -0.7 1 1
v -0.6 1 1
v 0.5 1 1
v 0.6 1 1
v 0.7 1 1
v -0.9 1 0.9
v -0.8 1 0.9
v -0.7 1 0.9
v 0.6 1 0.9
v 0.7 1 0.9
v 0.8 1 0.9
v -1 1 0.8
v -0.9 1 0.8
v -0.8 1 0.8
v 0.7 1 0.8
v 0.8 1 0.8
v 0.9 1 0.8
v -1.1 1 0.7
v -1 1 0.7
v -0.9 1 0.7
v 0.8 1 0.7
v 0.9 1 0.7
v 1 1 0.7
v -1.2 1 0.6
v -1.1 1 0.6
v -1 1 0.6
v 0.9 1 0.6
v 1 1 0.6
v 1.1 1 0.6
v -1.3 1 0.5
v -1.2 1 0.5
v -1.1 1 0.5
v 1 1 0.5
v 1.1 1 0.5
v 1.2 1 0.5
v -1.3 1 0.4
v -1.2 1 0.4
v -1.5 1 0.3
v -1.4 1 0.3
v -1.3 1 0.3
v -1.2 1 0.3
v 1.1 1 0.3
v 1.2 1 0.3
v 1.3 1 0.3
v 1.4 1 0.3
v -1.5 1 0.0999999
v -1.4 1 0.0999999
v -1.3 1 0.0999999
v -1.5 1 -0.2
v -1.4 1 -0.2
v -1.3 1 -0.2
v -1.5 1 -0.4
v -1.4 1 -0.4
v -1.3 1 -0.4
v -1.2 1 -0.4
v 1.1 1 -0.4
v 1.2 1 -0.4
v 1.3 1 -0.4
v 1.4 1 -0.4
v -1.3 1 -0.6
v -1.2 1 -0.6
v -1.1 1 -0.6
v 1 1 -0.6
v 1.1 1 -0.6
v 1.2 1 -0.6
v -1.2 1 -0.7
v -1.1 1 -0.7
v -1 1 -0.7
v 0.9 1 -0.7
v 1 1 -0.7
v 1.1 1 -0.7
v -1.1 1 -0.8
v -1 1 -0.8
v -0.9 1 -0.8
v 0.8 1 -0.8
v 0.9 1 -0.8
v 1 1 -0.8
v -1 1 -0.9
v -0.9 1 -0.9
v -0.8 1 -0.9
v 0.7 1 -0.9
v 0.8 1 -0.9
v 0.9 1 -0.9
v -0.9 1 -1
v -0.8 1 -1
v -0.7 1 -1
v 0.6 1 -1
v 0.7 1 -1
v 0.8 1 -1
v -0.8 1 -1.1
v -0.7 1 -1.1
v -0.6 1 -1.1
v 0.5 1 -1.1
v 0.6 1 -1.1
v 0.7 1 -1.1
v -0.7 1 -1.2
v -0.6 1 -1.2
v -0.4 1 -1.2
v 0.3 1 -1.2
v 0.5 1 -1.2
v 0.6 1 -1.2
v -0.6 1 -1.3
v -0.4 1 -1.3
v 0.3 1 -1.3
v 0.5 1 -1.3
v -0.4 1 -1.4
v 2.38419e-07 1 -1.4
v 0.3 1 -1.4
v -0.4 1 -1.5
v 2.38419e-07 1 -1.5
v 0.3 1 -1.5
v -0.4 1.1 1.3
v -0.2 1.1 1.3
v 0.1 1.1 1.3
v 0.3 1.1 1.3
v -0.3 1.1 1.2
v -0.2 1.1 1.2
v 0.1 1.1 1.2
v 0.2 1.1 1.2
v -0.6 1.1 1.1
v -0.4 1.1 1.1
v -0.3 1.1 1.1
v 0.2 1.1 1.1
v 0.3 1.1 1.1
v 0.5 1.1 1.1
v -0.7 1.1 1
v -0.6 1.1 1
v -0.4 1.1 1
v 0.3 1.1 1
v 0.5 1.1 1
v 0.6 1.1 1
v -0.8 1.1 0.9
v -0.7 1.1 0.9
v -0.6 1.1 0.9
v 0.5 1.1 0.9
v 0.6 1.1 0.9
v 0.7 1.1 0.9
v -0.9 1.1 0.8
v -0.8 1.1 0.8
v -0.7 1.1 0.8
v 0.6 1.1 0.8
v 0.7 1.1 0.8
v 0.8 1.1 0.8
v -1 1.1 0.7
v -0.9 1.1 0.7
v -0.8 1.1 0.7
v 0.7 1.1 0.7
v 0.8 1.1 0.7
v 0.9 1.1 0.7
v -1.1 1.1 0.6
v -1 1.1 0.6
v -0.9 1.1 0.6
v 0.8 1.1 0.6
v 0.9 1.1 0.6
v 1 1.1 0.6
v -1.2 1.1 0.5
v -1.1 1.1 0.5
v -1 1.1 0.5
v 0.9 1.1 0.5
v 1 1.1 0.5
v 1.1 1.1 0.5
v -1.2 1.1 0.4
v -1.1 1.1 0.4
v -1.4 1.1 0.3
v -1.2 1.1 0.3
v -1.1 1.1 0.3
v 1 1.1 0.3
v 1.1 1.1 0.3
v 1.2 1.1 0.3
v 1.3 1.1 0.3
v -1.3 1.1 0.2
v -1.2 1.1 0.2
v 1.1 1.1 0.2
v 1.2 1.1 0.2
v -1.4 1.1 0.0999999
v -1.3 1.1 0.0999999
v -1.4 1.1 -0.2
v -1.3 1.1 -0.2
v -1.3 1.1 -0.3
v -1.2 1.1 -0.3
v 1.1 1.1 -0.3
v 1.2 1.1 -0.3
v -1.4 1.1 -0.4
v -1.3 1.1 -0.4
v -1.2 1.1 -0.4
v -1.1 1.1 -0.4
v 1 1.1 -0.4
v 1.1 1.1 -0.4
v 1.2 1.1 -0.4
v 1.3 1.1 -0.4
v -1.2 1.1 -0.6
v -1.1 1.1 -0.6
v -1 1.1 -0.6
v 0.9 1.1 -0.6
v 1 1.1 -0.6
v 1.1 1.1 -0.6
v -1.1 1.1 -0.7
v -1 1.1 -0.7
v -0.9 1.1 -0.7
v 0.8 1.1 -0.7
v 0.9 1.1 -0.7
v 1 1.1 -0.7
v -1 1.1 -0.8
v -0.9 1.1 -0.8
v -0.8 1.1 -0.8
v 0.7 1.1 -0.8
v 0.8 1.1 -0.8
v 0.9 1.1 -0.8
v -0.9 1.1 -0.9
v -0.8 1.1 -0.9
v -0.7 1.1 -0.9
v 0.6 1.1 -0.9
v 0.7 1.1 -0.9
v 0.8 1.1 -0.9
v -0.8 1.1 -1
v -0.7 1.1 -1
v -0.6 1.1 -1
v 0.5 1.1 -1
v 0.6 1.1 -1
v 0.7 1.1 -1
v -0.7 1.1 -1.1
v -0.6 1.1 -1.1
v -0.4 1.1 -1.1
v 0.3 1.1 -1.1
v 0.5 1.1 -1.1
v 0.6 1.1 -1.1
v -0.6 1.1 -1.2
v -0.4 1.1 -1.2
v -0.3 1.1 -1.2
v 0.2 1.1 -1.2
v 0.3 1.1 -1.2
v 0.5 1.1 -1.2
v -0.3 1.1 -1.3
v 2.38419e-07 1.1 -1.3
v 0.2 1.1 -1.3
v -0.4 1.1 -1.4
v 2.38419e-07 1.1 -1.4
v 0.3 1.1 -1.4
v -0.3 1.2 1.2
v 2.38419e-07 1.2 1.2
v 0.2 1.2 1.2
v -0.4 1.2 1.1
v -0.3 1.2 1.1
v 2.38419e-07 1.2 1.1
v 0.2 1.2 1.1
v 0.3 1.2 1.1
v -0.6 1.2 1
v -0.5 1.2 1
v -0.4 1.2 1
v -0.3 1.2 1
v 0.2 1.2 1
v 0.3 1.2 1
v 0.4 1.2 1
v 0.5 1.2 1
v -0.7 1.2 0.9
v -0.6 1.2 0.9
v -0.5 1.2 0.9
v 0.4 1.2 0.9
v 0.5 1.2 0.9
v 0.6 1.2 0.9
v -0.8 1.2 0.8
v -0.7 1.2 0.8
v -0.6 1.2 0.8
v 0.5 1.2 0.8
v 0.6 1.2 0.8
v 0.7 1.2 0.8
v -0.9 1.2 0.7
v -0.8 1.2 0.7
v -0.7 1.2 0.7
v 0.6 1.2 0.7
v 0.7 1.2 0.7
v 0.8 1.2 0.7
v -1 1.2 0.6
v -0.9 1.2 0.6
v -0.8 1.2 0.6
v 0.7 1.2 0.6
v 0.8 1.2 0.6
v 0.9 1.2 0.6
v -1.1 1.2 0.5
v -1 1.2 0.5
v -0.9 1.2 0.5
v 0.8 1.2 0.5
v 0.9 1.2 0.5
v 1 1.2 0.5
v -1.1 1.2 0.4
v -1 1.2 0.4
v 0.9 1.2 0.4
v 1 1.2 0.4
v -1.2 1.2 0.3
v -1.1 1.2 0.3
v 1 1.2 0.3
v 1.1 1.2 0.3
v -1.3 1.2 0.2
v -1.2 1.2 0.2
v -1.1 1.2 0.2
v 1 1.2 0.2
v 1.1 1.2 0.2
v 1.2 1.2 0.2
v -1.3 1.2 -0.3
v -1.2 1.2 -0.3
v -1.1 1.2 -0.3
v 1 1.2 -0.3
v 1.1 1.2 -0.3
v 1.2 1.2 -0.3
v -1.2 1.2 -0.4
v -1.1 1.2 -0.4
v 1 1.2 -0.4
v 1.1 1.2 -0.4
v -1.1 1.2 -0.5
v -1 1.2 -0.5
v 0.9 1.2 -0.5
v 1 1.2 -0.5
v -1.1 1.2 -0.6
v -1 1.2 -0.6
v -0.9 1.2 -0.6
v 0.8 1.2 -0.6
v 0.9 1.2 -0.6
v 1 1.2 -0.6
v -1 1.2 -0.7
v -0.9 1.2 -0.7
v -0.8 1.2 -0.7
v 0.7 1.2 -0.7
v 0.8 1.2 -0.7
v 0.9 1.2 -0.7
v -0.9 1.2 -0.8
v -0.8 1.2 -0.8
v -0.7 1.2 -0.8
v 0.6 1.2 -0.8
v 0.7 1.2 -0.8
v 0.8 1.2 -0.8
v -0.8 1.2 -0.9
v -0.7 1.2 -0.9
v -0.6 1.2 -0.9
v 0.5 1.2 -0.9
v 0.6 1.2 -0.9
v 0.7 1.2 -0.9
v -0.7 1.2 -1
v -0.6 1.2 -1
v -0.5 1.2 -1
v 0.4 1.2 -1
v 0.5 1.2 -1
v 0.6 1.2 -1
v -0.6 1.2 -1.1
v -0.5 1.2 -1.1
v -0.4 1.2 -1.1
v -0.3 1.2 -1.1
v 0.2 1.2 -1.1
v 0.3 1.2 -1.1
v 0.4 1.2 -1.1
v 0.5 1.2 -1.1
v -0.4 1.2 -1.2
v -0.3 1.2 -1.2
v 2.38419e-07 1.2 -1.2
v 0.2 1.2 -1.2
v 0.3 1.2 -1.2
v -0.3 1.2 -1.3
v 2.38419e-07 1.2 -1.3
v 0.2 1.2 -1.3
v -0.3 1.4 1.1
v 2.38419e-07 1.4 1.1
v 0.2 1.4 1.1
v -0.5 1.4 1
v -0.4 1.4 1
v -0.3 1.4 1
v 2.38419e-07 1.4 1
v 0.2 1.4 1
v 0.3 1.4 1
v 0.4 1.4 1
v -0.5 1.4 0.9
v -0.4 1.4 0.9
v 0.3 1.4 0.9
v 0.4 1.4 0.9
v -1.1 1.4 0.4
v -1 1.4 0.4
v 0.9 1.4 0.4
v 1 1.4 0.4
v -1.1 1.4 0.3
v -1 1.4 0.3
v 0.9 1.4 0.3
v 1 1.4 0.3
v -1.2 1.4 0.2
v -1.1 1.4 0.2
v 1 1.4 0.2
v 1.1 1.4 0.2
v -1.2 1.4 -0.3
v -1.1 1.4 -0.3
v 1 1.4 -0.3
v 1.1 1.4 -0.3
v -1.1 1.4 -0.4
v -1 1.4 -0.4
v 0.9 1.4 -0.4
v 1 1.4 -0.4
v -1.1 1.4 -0.5
v -1 1.4 -0.5
v 0.9 1.4 -0.5
v 1 1.4 -0.5
v -0.5 1.4 -1
v -0.4 1.4 -1
v 0.3 1.4 -1
v 0.4 1.4 -1
v -0.5 1.4 -1.1
v -0.4 1.4 -1.1
v -0.3 1.4 -1.1
v 2.38419e-07 1.4 -1.1
v 0.2 1.4 -1.1
v 0.3 1.4 -1.1
v 0.4 1.4 -1.1
v -0.3 1.4 -1.2
v 2.38419e-07 1.4 -1.2
v 0.2 1.4 -1.2
v -0.4 1.5 1
v -0.3 1.5 1
v 0.2 1.5 1
v 0.3 1.5 1
v -0.6 1.5 0.9
v -0.5 1.5 0.9
v -0.4 1.5 0.9
v -0.3 1.5 0.9
v 0.2 1.5 0.9
v 0.3 1.5 0.9
v 0.4 1.5 0.9
v 0.5 1.5 0.9
v -0.7 1.5 0.8
v -0.6 1.5 0.8
v -0.5 1.5 0.8
v 0.4 1.5 0.8
v 0.5 1.5 0.8
v 0.6 1.5 0.8
v -0.8 1.5 0.7
v -0.7 1.5 0.7
v -0.6 1.5 0.7
v 0.5 1.5 0.7
v 0.6 1.5 0.7
v 0.7 1.5 0.7
v -0.9 1.5 0.6
v -0.8 1.5 0.6
v -0.7 1.5 0.6
v 0.6 1.5 0.6
v 0.7 1.5 0.6
v 0.8 1.5 0.6
v -1 1.5 0.5
v -0.9 1.5 0.5
v -0.8 1.5 0.5
v 0.7 1.5 0.5
v 0.8 1.5 0.5
v 0.9 1.5 0.5
v -1 1.5 0.4
v -0.9 1.5 0.4
v 0.8 1.5 0.4
v 0.9 1.5 0.4
v -1.1 1.5 0.3
v -1 1.5 0.3
v 0.9 1.5 0.3
v 1 1.5 0.3
v -1.1 1.5 0.2
v -1 1.5 0.2
v 0.9 1.5 0.2
v 1 1.5 0.2
v -0.0999999 1.5 0
v 2.38419e-07 1.5 0
v -0.0999999 1.5 -0.1
v 2.38419e-07 1.5 -0.1
v -1.1 1.5 -0.3
v -1 1.5 -0.3
v 0.9 1.5 -0.3
v 1 1.5 -0.3
v -1.1 1.5 -0.4
v -1 1.5 -0.4
v 0.9 1.5 -0.4
v 1 1.5 -0.4
v -1 1.5 -0.5
v -0.9 1.5 -0.5
v 0.8 1.5 -0.5
v 0.9 1.5 -0.5
v -1 1.5 -0.6
v -0.9 1.5 -0.6
v -0.8 1.5 -0.6
v 0.7 1.5 -0.6
v 0.8 1.5 -0.6
v 0.9 1.5 -0.6
v -0.9 1.5 -0.7
v -0.8 1.5 -0.7
v -0.7 1.5 -0.7
v 0.6 1.5 -0.7
v 0.7 1.5 -0.7
v 0.8 1.5 -0.7
v -0.8 1.5 -0.8
v -0.7 1.5 -0.8
v -0.6 1.5 -0.8
v 0.5 1.5 -0.8
v 0.6 1.5 -0.8
v 0.7 1.5 -0.8
v -0.7 1.5 -0.9
v -0.6 1.5 -0.9
v -0.5 1.5 -0.9
v 0.4 1.5 -0.9
v 0.5 1.5 -0.9
v 0.6 1.5 -0.9
v -0.6 1.5 -1
v -0.5 1.5 -1
v -0.4 1.5 -1
v -0.3 1.5 -1
v 0.2 1.5 -1
v 0.3 1.5 -1
v 0.4 1.5 -1
v 0.5 1.5 -1
v -0.4 1.5 -1.1
v -0.3 1.5 -1.1
v 0.2 1.5 -1.1
v 0.3 1.5 -1.1
v -0.3 1.6 1
v 2.38419e-07 1.6 1
v 0.2 1.6 1
v -0.5 1.6 0.9
v -0.4 1.6 0.9
v -0.3 1.6 0.9
v 2.38419e-07 1.6 0.9
v 0.2 1.6 0.9
v 0.3 1.6 0.9
v 0.4 1.6 0.9
v -0.5 1.6 0.8
v -0.4 1.6 0.8
v -0.3 1.6 0.8
v -0.0999999 1.6 0.8
v 2.38419e-07 1.6 0.8
v 0.2 1.6 0.8
v 0.3 1.6 0.8
v 0.4 1.6 0.8
v -0.6 1.6 0.7
v -0.5 1.6 0.7
v -0.3 1.6 0.7
v 0.2 1.6 0.7
v 0.4 1.6 0.7
v 0.5 1.6 0.7
v -0.7 1.6 0.6
v -0.6 1.6 0.6
v -0.5 1.6 0.6
v 0.4 1.6 0.6
v 0.5 1.6 0.6
v 0.6 1.6 0.6
v -0.8 1.6 0.5
v -0.7 1.6 0.5
v -0.6 1.6 0.5
v 0.5 1.6 0.5
v 0.6 1.6 0.5
v 0.7 1.6 0.5
v -1 1.6 0.4
v -0.9 1.6 0.4
v -0.8 1.6 0.4
v -0.7 1.6 0.4
v 0.6 1.6 0.4
v 0.7 1.6 0.4
v 0.8 1.6 0.4
v 0.9 1.6 0.4
v -1 1.6 0.3
v -0.9 1.6 0.3
v 0.8 1.6 0.3
v 0.9 1.6 0.3
v -1.1 1.6 0.2
v -1 1.6 0.2
v -0.9 1.6 0.2
v -0.8 1.6 0.2
v 0.7 1.6 0.2
v 0.8 1.6 0.2
v 0.9 1.6 0.2
v 1 1.6 0.2
v -0.9 1.6 0
v -0.0999999 1.6 0
v 2.38419e-07 1.6 0
v 0.8 1.6 0
v -0.9 1.6 -0.1
v -0.0999999 1.6 -0.1
v 2.38419e-07 1.6 -0.1
v 0.8 1.6 -0.1
v -0.9 1.6 -0.2
v -0.8 1.6 -0.2
v -1.1 1.6 -0.3
v -1 1.6 -0.3
v -0.9 1.6 -0.3
v 0.7 1.6 -0.3
v 0.8 1.6 -0.3
v 0.9 1.6 -0.3
v 1 1.6 -0.3
v -1 1.6 -0.4
v -0.9 1.6 -0.4
v 0.8 1.6 -0.4
v 0.9 1.6 -0.4
v -1 1.6 -0.5
v -0.9 1.6 -0.5
v -0.8 1.6 -0.5
v -0.7 1.6 -0.5
v 0.6 1.6 -0.5
v 0.7 1.6 -0.5
v 0.8 1.6 -0.5
v 0.9 1.6 -0.5
v -0.8 1.6 -0.6
v -0.7 1.6 -0.6
v -0.6 1.6 -0.6
v 0.5 1.6 -0.6
v 0.6 1.6 -0.6
v 0.7 1.6 -0.6
v -0.7 1.6 -0.7
v -0.6 1.6 -0.7
v -0.5 1.6 -0.7
v 0.4 1.6 -0.7
v 0.5 1.6 -0.7
v 0.6 1.6 -0.7
v -0.6 1.6 -0.8
v -0.5 1.6 -0.8
v -0.3 1.6 -0.8
v 0.2 1.6 -0.8
v 0.4 1.6 -0.8
v 0.5 1.6 -0.8
v -0.5 1.6 -0.9
v -0.4 1.6 -0.9
v -0.3 1.6 -0.9
v -0.0999999 1.6 -0.9
v 2.38419e-07 1.6 -0.9
v 0.2 1.6 -0.9
v 0.3 1.6 -0.9
v 0.4 1.6 -0.9
v -0.5 1.6 -1
v -0.4 1.6 -1
v -0.3 1.6 -1
v 2.38419e-07 1.6 -1
v 0.2 1.6 -1
v 0.3 1.6 -1
v 0.4 1.6 -1
v -0.3 1.6 -1.1
v 2.38419e-07 1.6 -1.1
v 0.2 1.6 -1.1
v -0.4 1.7 0.9
v -0.3 1.7 0.9
v 0.2 1.7 0.9
v 0.3 1.7 0.9
v -0.6 1.7 0.8
v -0.5 1.7 0.8
v -0.4 1.7 0.8
v -0.3 1.7 0.8
v 0.2 1.7 0.8
v 0.3 1.7 0.8
v 0.4 1.7 0.8
v 0.5 1.7 0.8
v -0.7 1.7 0.7
v -0.6 1.7 0.7
v -0.5 1.7 0.7
v 0.4 1.7 0.7
v 0.5 1.7 0.7
v 0.6 1.7 0.7
v -0.8 1.7 0.6
v -0.7 1.7 0.6
v -0.6 1.7 0.6
v 0.5 1.7 0.6
v 0.6 1.7 0.6
v 0.7 1.7 0.6
v -0.9 1.7 0.5
v -0.8 1.7 0.5
v -0.7 1.7 0.5
v 0.6 1.7 0.5
v 0.7 1.7 0.5
v 0.8 1.7 0.5
v -0.9 1.7 0.4
v -0.8 1.7 0.4
v 0.7 1.7 0.4
v 0.8 1.7 0.4
v -1 1.7 0.3
v -0.9 1.7 0.3
v 0.8 1.7 0.3
v 0.9 1.7 0.3
v -1 1.7 0.2
v -0.9 1.7 0.2
v 0.8 1.7 0.2
v 0.9 1.7 0.2
v -1 1.7 -0.3
v -0.9 1.7 -0.3
v 0.8 1.7 -0.3
v 0.9 1.7 -0.3
v -1 1.7 -0.4
v -0.9 1.7 -0.4
v 0.8 1.7 -0.4
v 0.9 1.7 -0.4
v -0.9 1.7 -0.5
v -0.8 1.7 -0.5
v 0.7 1.7 -0.5
v 0.8 1.7 -0.5
v -0.9 1.7 -0.6
v -0.8 1.7 -0.6
v -0.7 1.7 -0.6
v 0.6 1.7 -0.6
v 0.7 1.7 -0.6
v 0.8 1.7 -0.6
v -0.8 1.7 -0.7
v -0.7 1.7 -0.7
v -0.6 1.7 -0.7
v 0.5 1.7 -0.7
v 0.6 1.7 -0.7
v 0.7 1.7 -0.7
v -0.7 1.7 -0.8
v -0.6 1.7 -0.8
v -0.5 1.7 -0.8
v 0.4 1.7 -0.8
v 0.5 1.7 -0.8
v 0.6 1.7 -0.8
v -0.6 1.7 -0.9
v -0.5 1.7 -0.9
v -0.4 1.7 -0.9
v -0.3 1.7 -0.9
v 0.2 1.7 -0.9
v 0.3 1.7 -0.9
v 0.4 1.7 -0.9
v 0.5 1.7 -0.9
v -0.4 1.7 -1
v -0.3 1.7 -1
v 0.2 1.7 -1
v 0.3 1.7 -1
v -0.4 1.8 0.8
v -0.3 1.8 0.8
v 2.38419e-07 1.8 0.8
v 0.3 1.8 0.8
v -0.6 1.8 0.7
v -0.4 1.8 0.7
v 2.38419e-07 1.8 0.7
v 0.3 1.8 0.7
v 0.5 1.8 0.7
v -0.7 1.8 0.6
v -0.6 1.8 0.6
v -0.4 1.8 0.6
v 0.3 1.8 0.6
v 0.5 1.8 0.6
v 0.6 1.8 0.6
v -0.8 1.8 0.5
v -0.7 1.8 0.5
v -0.6 1.8 0.5
v 0.5 1.8 0.5
v 0.6 1.8 0.5
v 0.7 1.8 0.5
v -0.9 1.8 0.3
v -0.8 1.8 0.3
v -0.7 1.8 0.3
v 0.6 1.8 0.3
v 0.7 1.8 0.3
v 0.8 1.8 0.3
v -0.9 1.8 -0.1
v -0.8 1.8 -0.1
v 0.7 1.8 -0.1
v 0.8 1.8 -0.1
v -0.9 1.8 -0.4
v -0.8 1.8 -0.4
v -0.7 1.8 -0.4
v 0.6 1.8 -0.4
v 0.7 1.8 -0.4
v 0.8 1.8 -0.4
v -0.8 1.8 -0.6
v -0.7 1.8 -0.6
v -0.6 1.8 -0.6
v 0.5 1.8 -0.6
v 0.6 1.8 -0.6
v 0.7 1.8 -0.6
v -0.7 1.8 -0.7
v -0.6 1.8 -0.7
v -0.4 1.8 -0.7
v 0.3 1.8 -0.7
v 0.5 1.8 -0.7
v 0.6 1.8 -0.7
v -0.6 1.8 -0.8
v -0.4 1.8 -0.8
v -0.0999999 1.8 -0.8
v 0.3 1.8 -0.8
v 0.5 1.8 -0.8
v -0.4 1.8 -0.9
v -0.0999999 1.8 -0.9
v 0.3 1.8 -0.9
v -0.4 1.9 0.7
v 2.38419e-07 1.9 0.7
v 0.3 1.9 0.7
v -0.6 1.9 0.6
v -0.5 1.9 0.6
v -0.4 1.9 0.6
v 2.38419e-07 1.9 0.6
v 0.3 1.9 0.6
v 0.4 1.9 0.6
v 0.5 1.9 0.6
v -0.7 1.9 0.5
v -0.6 1.9 0.5
v -0.5 1.9 0.5
v 0.4 1.9 0.5
v 0.5 1.9 0.5
v 0.6 1.9 0.5
v -0.7 1.9 0.4
v -0.6 1.9 0.4
v 0.5 1.9 0.4
v 0.6 1.9 0.4
v -0.8 1.9 0.3
v -0.7 1.9 0.3
v 0.6 1.9 0.3
v 0.7 1.9 0.3
v -0.8 1.9 -0.1
v -0.7 1.9 -0.1
v 0.6 1.9 -0.1
v 0.7 1.9 -0.1
v -0.8 1.9 -0.4
v -0.7 1.9 -0.4
v 0.6 1.9 -0.4
v 0.7 1.9 -0.4
v -0.7 1.9 -0.5
v -0.6 1.9 -0.5
v 0.5 1.9 -0.5
v 0.6 1.9 -0.5
v -0.7 1.9 -0.6
v -0.6 1.9 -0.6
v -0.5 1.9 -0.6
v 0.4 1.9 -0.6
v 0.5 1.9 -0.6
v 0.6 1.9 -0.6
v -0.6 1.9 -0.7
v -0.5 1.9 -0.7
v -0.4 1.9 -0.7
v -0.0999999 1.9 -0.7
v 0.3 1.9 -0.7
v 0.4 1.9 -0.7
v 0.5 1.9 -0.7
v -0.4 1.9 -0.8
v -0.0999999 1.9 -0.8
v 0.3 1.9 -0.8
v -0.5 2 0.6
v 2.38419e-07 2 0.6
v 0.4 2 0.6
v -0.6 2 0.5
v -0.5 2 0.5
v 2.38419e-07 2 0.5
v 0.4 2 0.5
v 0.5 2 0.5
v -0.7 2 0.4
v -0.6 2 0.4
v -0.5 2 0.4
v 0.4 2 0.4
v 0.5 2 0.4
v 0.6 2 0.4
v -0.7 2 -0.1
v -0.6 2 -0.1
v 0.5 2 -0.1
v 0.6 2 -0.1
v -0.7 2 -0.5
v -0.6 2 -0.5
v -0.5 2 -0.5
v 0.4 2 -0.5
v 0.5 2 -0.5
v 0.6 2 -0.5
v -0.6 2 -0.6
v -0.5 2 -0.6
v -0.0999999 2 -0.6
v 0.4 2 -0.6
v 0.5 2 -0.6
v -0.5 2 -0.7
v -0.0999999 2 -0.7
v 0.4 2 -0.7
v -0.5 2.1 0.5
v 2.38419e-07 2.1 0.5
v 0.4 2.1 0.5
v -0.6 2.1 0.4
v -0.5 2.1 0.4
v -0.4 2.1 0.4
v 2.38419e-07 2.1 0.4
v 0.3 2.1 0.4
v 0.4 2.1 0.4
v 0.5 2.1 0.4
v -0.5 2.1 0.3
v -0.4 2.1 0.3
v 0.3 2.1 0.3
v 0.4 2.1 0.3
v -0.6 2.1 -0.1
v -0.5 2.1 -0.1
v 0.4 2.1 -0.1
v 0.5 2.1 -0.1
v -0.5 2.1 -0.4
v -0.4 2.1 -0.4
v 0.3 2.1 -0.4
v 0.4 2.1 -0.4
v -0.6 2.1 -0.5
v -0.5 2.1 -0.5
v -0.4 2.1 -0.5
v -0.0999999 2.1 -0.5
v 0.3 2.1 -0.5
v 0.4 2.1 -0.5
v 0.5 2.1 -0.5
v -0.5 2.1 -0.6
v -0.0999999 2.1 -0.6
v 0.4 2.1 -0.6
v -0.4 2.2 0.4
v 2.38419e-07 2.2 0.4
v 0.3 2.2 0.4
v -0.5 2.2 0.3
v -0.4 2.2 0.3
v 2.38419e-07 2.2 0.3
v 0.3 2.2 0.3
v 0.4 2.2 0.3
v -0.5 2.2 -0.1
v -0.4 2.2 -0.1
v 0.3 2.2 -0.1
v 0.4 2.2 -0.1
v -0.5 2.2 -0.4
v -0.4 2.2 -0.4
v -0.0999999 2.2 -0.4
v 0.3 2.2 -0.4
v 0.4 2.2 -0.4
v -0.4 2.2 -0.5
v -0.0999999 2.2 -0.5
v 0.3 2.2 -0.5
v -0.4 2.3 0.3
v 2.38419e-07 2.3 0.3
v 0.3 2.3 0.3
v -0.3 2.3 0.2
v 2.38419e-07 2.3 0.2
v 0.2 2.3 0.2
v -0.4 2.3 -0.1
v -0.3 2.3 -0.1
v 0.2 2.3 -0.1
v 0.3 2.3 -0.1
v -0.3 2.3 -0.3
v -0.0999999 2.3 -0.3
v 0.2 2.3 -0.3
v -0.4 2.3 -0.4
v -0.0999999 2.3 -0.4
v 0.3 2.3 -0.4
v -0.3 2.5 0.2
v 2.38419e-07 2.5 0.2
v 0.2 2.5 0.2
v -0.2 2.5 0.0999999
v 2.38419e-07 2.5 0.0999999
v 0.1 2.5 0.0999999
v -0.3 2.5 -0.1
v -0.2 2.5 -0.1
v 0.1 2.5 -0.1
v 0.2 2.5 -0.1
v -0.2 2.5 -0.2
v -0.0999999 2.5 -0.2
v 0.1 2.5 -0.2
v -0.3 2.5 -0.3
v -0.0999999 2.5 -0.3
v 0.2 2.5 -0.3
v -0.2 2.6 0.0999999
v -0.0999999 2.6 0.0999999
v 2.38419e-07 2.6 0.0999999
v 0.1 2.6 0.0999999
v -0.2 2.6 0
v -0.0999999 2.6 0
v 2.38419e-07 2.6 0
v 0.1 2.6 0
v -0.2 2.6 -0.1
v -0.0999999 2.6 -0.1
v 2.38419e-07 2.6 -0.1
v 0.1 2.6 -0.1
v -0.2 2.6 -0.2
v -0.0999999 2.6 -0.2
v 2.38419e-07 2.6 -0.2
v 0.1 2.6 -0.2
v -0.0999999 2.7 0.0999999
v 2.38419e-07 2.7 0.0999999
v -0.2 2.7 0
v -0.0999999 2.7 0
v 2.38419e-07 2.7 0
v 0.1 2.7 0
v -0.2 2.7 -0.1
v -0.0999999 2.7 -0.1
v 2.38419e-07 2.7 -0.1
v 0.1 2.7 -0.1
v -0.0999999 2.7 -0.2
v 2.38419e-07 2.7 -0.2
v -1.4 0.2 2.3
v -1.3 0.2 2.3
v 1.2 0.2 2.3
v 1.3 0.2 2.3
v -1.6 0.2 2.2
v -1.4 0.2 2.2
v -1.3 0.2 2.2
v 1.2 0.2 2.2
v 1.3 0.2 2.2
v 1.5 0.2 2.2
v -1.7 0.2 2.1
v -1.6 0.2 2.1
v -1.4 0.2 2.1
v 1.3 0.2 2.1
v 1.5 0.2 2.1
v 1.6 0.2 2.1
v -1.7 0.2 2
v -1.6 0.2 2
v 1.5 0.2 2
v 1.6 0.2 2
v -2.2 0.2 1.6
v -2.1 0.2 1.6
v 2 0.2 1.6
v 2.1 0.2 1.6
v -2.3 0.2 1.5
v -2.2 0.2 1.5
v -2.1 0.2 1.5
v 2 0.2 1.5
v 2.1 0.2 1.5
v 2.2 0.2 1.5
v -2.4 0.2 1.3
v -2.3 0.2 1.3
v -2.2 0.2 1.3
v 2.1 0.2 1.3
v 2.2 0.2 1.3
v 2.3 0.2 1.3
v -2.4 0.2 1.2
v -2.3 0.2 1.2
v 2.2 0.2 1.2
v 2.3 0.2 1.2
v -2.4 0.2 -1.3
v -2.3 0.2 -1.3
v 2.2 0.2 -1.3
v 2.3 0.2 -1.3
v -2.4 0.2 -1.4
v -2.3 0.2 -1.4
v -2.2 0.2 -1.4
v 2.1 0.2 -1.4
v 2.2 0.2 -1.4
v 2.3 0.2 -1.4
v -2.3 0.2 -1.6
v -2.2 0.2 -1.6
v -2.1 0.2 -1.6
v 2 0.2 -1.6
v 2.1 0.2 -1.6
v 2.2 0.2 -1.6
v -2.2 0.2 -1.7
v -2.1 0.2 -1.7
v 2 0.2 -1.7
v 2.1 0.2 -1.7
v -1.7 0.2 -2.1
v -1.6 0.2 -2.1
v 1.5 0.2 -2.1
v 1.6 0.2 -2.1
v -1.7 0.2 -2.2
v -1.6 0.2 -2.2
v -1.4 0.2 -2.2
v 1.3 0.2 -2.2
v 1.5 0.2 -2.2
v 1.6 0.2 -2.2
v -1.6 0.2 -2.3
v -1.4 0.2 -2.3
v -1.3 0.2 -2.3
v 1.2 0.2 -2.3
v 1.3 0.2 -2.3
v 1.5 0.2 -2.3
v -1.4 0.2 -2.4
v -1.3 0.2 -2.4
v 1.2 0.2 -2.4
v 1.3 0.2 -2.4
v -0.2 0.3 2.7
v 0.1 0.3 2.7
v -0.3 0.3 2.6
v -0.2 0.3 2.6
v 2.38419e-07 0.3 2.6
v 0.1 0.3 2.6
v 0.3 0.3 2.6
v -0.5 0.3 2.5
v -0.3 0.3 2.5
v -0.0999999 0.3 2.5
v 2.38419e-07 0.3 2.5
v 0.3 0.3 2.5
v -1.4 0.3 2.4
v -1.3 0.3 2.4
v -0.5 0.3 2.4
v -0.0999999 0.3 2.4
v 2.38419e-07 0.3 2.4
v 0.3 0.3 2.4
v 1.2 0.3 2.4
v 1.3 0.3 2.4
v -1.6 0.3 2.3
v -1.4 0.3 2.3
v -1.3 0.3 2.3
v 1.2 0.3 2.3
v 1.3 0.3 2.3
v 1.5 0.3 2.3
v -1.7 0.3 2.2
v -1.6 0.3 2.2
v -1.4 0.3 2.2
v -1.3 0.3 2.2
v 1.2 0.3 2.2
v 1.3 0.3 2.2
v 1.5 0.3 2.2
v 1.6 0.3 2.2
v -1.7 0.3 2.1
v -1.6 0.3 2.1
v -1.4 0.3 2.1
v 1.3 0.3 2.1
v 1.5 0.3 2.1
v 1.6 0.3 2.1
v -1.8 0.3 2
v -1.7 0.3 2
v -1.6 0.3 2
v -1.4 0.3 2
v -1.3 0.3 2
v 1.2 0.3 2
v 1.3 0.3 2
v 1.5 0.3 2
v 1.6 0.3 2
v 1.7 0.3 2
v -1.8 0.3 1.9
v -1.6 0.3 1.9
v -1.4 0.3 1.9
v 1.3 0.3 1.9
v 1.5 0.3 1.9
v 1.7 0.3 1.9
v -1.8 0.3 1.8
v -1.7 0.3 1.8
v 1.6 0.3 1.8
v 1.7 0.3 1.8
v -2.1 0.3 1.7
v -2 0.3 1.7
v -1.9 0.3 1.7
v -1.7 0.3 1.7
v -1.6 0.3 1.7
v 1.5 0.3 1.7
v 1.6 0.3 1.7
v 1.7 0.3 1.7
v 1.9 0.3 1.7
v 2 0.3 1.7
v -2.3 0.3 1.6
v -2.2 0.3 1.6
v -2.1 0.3 1.6
v -1.9 0.3 1.6
v -1.8 0.3 1.6
v 1.7 0.3 1.6
v 2 0.3 1.6
v 2.1 0.3 1.6
v 2.2 0.3 1.6
v -2.4 0.3 1.5
v -2.3 0.3 1.5
v -2.2 0.3 1.5
v -2.1 0.3 1.5
v -2 0.3 1.5
v -1.8 0.3 1.5
v 1.7 0.3 1.5
v 1.9 0.3 1.5
v 2 0.3 1.5
v 2.1 0.3 1.5
v 2.2 0.3 1.5
v 2.3 0.3 1.5
v -2.5 0.3 1.3
v -2.4 0.3 1.3
v -2.3 0.3 1.3
v -2.2 0.3 1.3
v -2.1 0.3 1.3
v -2 0.3 1.3
v 1.9 0.3 1.3
v 2 0.3 1.3
v 2.1 0.3 1.3
v 2.2 0.3 1.3
v 2.3 0.3 1.3
v 2.4 0.3 1.3
v -2.5 0.3 1.2
v -2.4 0.3 1.2
v -2.3 0.3 1.2
v -2.1 0.3 1.2
v 2 0.3 1.2
v 2.2 0.3 1.2
v 2.3 0.3 1.2
v 2.4 0.3 1.2
v -2.6 0.3 0.4
v -2.5 0.3 0.4
v 2.5 0.3 0.4
v 2.6 0.3 0.4
v 2.4 0.3 0.3
v 2.5 0.3 0.3
v -2.7 0.3 0.2
v -2.6 0.3 0.2
v -2.8 0.3 0.0999999
v -2.7 0.3 0.0999999
v 2.6 0.3 0.0999999
v 2.7 0.3 0.0999999
v -2.6 0.3 0
v -2.5 0.3 0
v -2.6 0.3 -0.1
v -2.5 0.3 -0.1
v -2.8 0.3 -0.2
v -2.7 0.3 -0.2
v 2.6 0.3 -0.2
v 2.7 0.3 -0.2
v -2.7 0.3 -0.4
v -2.6 0.3 -0.4
v -2.5 0.3 -0.4
v 2.4 0.3 -0.4
v 2.5 0.3 -0.4
v 2.5 0.3 -0.5
v 2.6 0.3 -0.5
v -2.5 0.3 -1.3
v -2.4 0.3 -1.3
v -2.3 0.3 -1.3
v -2.1 0.3 -1.3
v 2 0.3 -1.3
v 2.2 0.3 -1.3
v 2.3 0.3 -1.3
v 2.4 0.3 -1.3
v -2.5 0.3 -1.4
v -2.4 0.3 -1.4
v -2.3 0.3 -1.4
v -2.2 0.3 -1.4
v -2.1 0.3 -1.4
v -2 0.3 -1.4
v 1.9 0.3 -1.4
v 2 0.3 -1.4
v 2.1 0.3 -1.4
v 2.2 0.3 -1.4
v 2.3 0.3 -1.4
v 2.4 0.3 -1.4
v -2.4 0.3 -1.6
v -2.3 0.3 -1.6
v -2.2 0.3 -1.6
v -2.1 0.3 -1.6
v -2 0.3 -1.6
v -1.8 0.3 -1.6
v 1.7 0.3 -1.6
v 1.9 0.3 -1.6
v 2 0.3 -1.6
v 2.1 0.3 -1.6
v 2.2 0.3 -1.6
v 2.3 0.3 -1.6
v -2.3 0.3 -1.7
v -2.2 0.3 -1.7
v -2.1 0.3 -1.7
v -1.9 0.3 -1.7
v -1.8 0.3 -1.7
v 1.7 0.3 -1.7
v 2 0.3 -1.7
v 2.1 0.3 -1.7
v 2.2 0.3 -1.7
v -2.1 0.3 -1.8
v -2 0.3 -1.8
v -1.9 0.3 -1.8
v -1.8 0.3 -1.8
v -1.7 0.3 -1.8
v -1.6 0.3 -1.8
v 1.5 0.3 -1.8
v 1.6 0.3 -1.8
v 1.7 0.3 -1.8
v 1.8 0.3 -1.8
v 1.9 0.3 -1.8
v 2 0.3 -1.8
v 1.7 0.3 -1.9
v -1.8 0.3 -2
v -1.7 0.3 -2
v -1.6 0.3 -2
v -1.4 0.3 -2
v 1.3 0.3 -2
v 1.5 0.3 -2
v 1.7 0.3 -2
v -1.8 0.3 -2.1
v -1.7 0.3 -2.1
v -1.6 0.3 -2.1
v -1.4 0.3 -2.1
v -1.3 0.3 -2.1
v 1.2 0.3 -2.1
v 1.3 0.3 -2.1
v 1.5 0.3 -2.1
v 1.6 0.3 -2.1
v 1.7 0.3 -2.1
v -1.7 0.3 -2.2
v -1.6 0.3 -2.2
v -1.4 0.3 -2.2
v 1.3 0.3 -2.2
v 1.5 0.3 -2.2
v 1.6 0.3 -2.2
v -1.7 0.3 -2.3
v -1.6 0.3 -2.3
v -1.4 0.3 -2.3
v -1.3 0.3 -2.3
v 1.2 0.3 -2.3
v 1.3 0.3 -2.3
v 1.5 0.3 -2.3
v 1.6 0.3 -2.3
v -1.6 0.3 -2.4
v -1.4 0.3 -2.4
v -1.3 0.3 -2.4
v 1.2 0.3 -2.4
v 1.3 0.3 -2.4
v 1.5 0.3 -2.4
v -1.4 0.3 -2.5
v -1.3 0.3 -2.5
v -0.4 0.3 -2.5
v 2.38419e-07 0.3 -2.5
v 0.3 0.3 -2.5
v 1.2 0.3 -2.5
v 1.3 0.3 -2.5
v -0.5 0.3 -2.6
v -0.4 0.3 -2.6
v 0.3 0.3 -2.6
v 0.4 0.3 -2.6
v -0.5 0.3 -2.7
v -0.2 0.3 -2.7
v 2.38419e-07 0.3 -2.7
v 0.1 0.3 -2.7
v 0.4 0.3 -2.7
v -0.2 0.3 -2.8
v 0.1 0.3 -2.8
v -0.6 0.4 2.7
v -0.2 0.4 2.7
v 0.1 0.4 2.7
v 0.5 0.4 2.7
v -0.6 0.4 2.6
v -0.5 0.4 2.6
v -0.3 0.4 2.6
v -0.2 0.4 2.6
v 0.1 0.4 2.6
v 0.3 0.4 2.6
v 0.5 0.4 2.6
v -0.9 0.4 2.5
v -0.5 0.4 2.5
v -0.3 0.4 2.5
v -0.0999999 0.4 2.5
v 2.38419e-07 0.4 2.5
v 0.3 0.4 2.5
v 0.8 0.4 2.5
v 1.1 0.4 2.5
v -1.2 0.4 2.4
v -0.9 0.4 2.4
v -0.6 0.4 2.4
v -0.5 0.4 2.4
v -0.0999999 0.4 2.4
v 2.38419e-07 0.4 2.4
v 0.3 0.4 2.4
v 0.5 0.4 2.4
v 0.8 0.4 2.4
v 1.1 0.4 2.4
v 1.2 0.4 2.4
v -1.3 0.4 2.3
v -1.2 0.4 2.3
v -0.6 0.4 2.3
v -0.5 0.4 2.3
v 0.4 0.4 2.3
v 0.5 0.4 2.3
v 1.1 0.4 2.3
v 1.2 0.4 2.3
v -0.5 0.4 2.2
v -0.4 0.4 2.2
v -0.0999999 0.4 2.2
v 2.38419e-07 0.4 2.2
v 0.3 0.4 2.2
v 0.4 0.4 2.2
v -1.8 0.4 2.1
v -1.7 0.4 2.1
v -1.2 0.4 2.1
v -0.9 0.4 2.1
v -0.4 0.4 2.1
v -0.0999999 0.4 2.1
v 2.38419e-07 0.4 2.1
v 0.3 0.4 2.1
v 0.8 0.4 2.1
v 1.1 0.4 2.1
v 1.6 0.4 2.1
v 1.7 0.4 2.1
v -1.8 0.4 2
v -1.7 0.4 2
v -1.4 0.4 2
v -1.3 0.4 2
v -1.2 0.4 2
v 1.1 0.4 2
v 1.2 0.4 2
v 1.3 0.4 2
v 1.6 0.4 2
v 1.7 0.4 2
v -1.9 0.4 1.9
v -1.8 0.4 1.9
v -1.6 0.4 1.9
v -1.4 0.4 1.9
v 1.3 0.4 1.9
v 1.5 0.4 1.9
v 1.7 0.4 1.9
v 1.8 0.4 1.9
v -2 0.4 1.8
v -1.9 0.4 1.8
v -1.8 0.4 1.8
v -1.5 0.4 1.8
v -1.3 0.4 1.8
v 1.2 0.4 1.8
v 1.4 0.4 1.8
v 1.7 0.4 1.8
v 1.8 0.4 1.8
v 1.9 0.4 1.8
v -2.2 0.4 1.7
v -2.1 0.4 1.7
v -2 0.4 1.7
v -1.9 0.4 1.7
v -1.6 0.4 1.7
v -1.5 0.4 1.7
v 1.4 0.4 1.7
v 1.5 0.4 1.7
v 1.8 0.4 1.7
v 1.9 0.4 1.7
v 2 0.4 1.7
v 2.1 0.4 1.7
v -2.2 0.4 1.6
v -2.1 0.4 1.6
v 2 0.4 1.6
v 2.1 0.4 1.6
v -2 0.4 1.5
v -1.8 0.4 1.5
v 1.7 0.4 1.5
v 1.9 0.4 1.5
v -1.9 0.4 1.4
v -1.8 0.4 1.4
v 1.7 0.4 1.4
v 1.8 0.4 1.4
v -2.1 0.4 1.3
v -2 0.4 1.3
v 1.9 0.4 1.3
v 2 0.4 1.3
v -2.4 0.4 1.2
v -2.1 0.4 1.2
v -1.9 0.4 1.2
v 1.8 0.4 1.2
v 2 0.4 1.2
v 2.3 0.4 1.2
v 2.4 0.4 1.2
v -2.5 0.4 1.1
v -2.4 0.4 1.1
v -2.2 0.4 1.1
v -2.1 0.4 1.1
v 2 0.4 1.1
v 2.1 0.4 1.1
v 2.3 0.4 1.1
v 2.4 0.4 1.1
v 2.5 0.4 1.1
v -2.6 0.4 0.8
v -2.5 0.4 0.8
v -2.4 0.4 0.8
v -2.2 0.4 0.8
v 2.1 0.4 0.8
v 2.4 0.4 0.8
v 2.5 0.4 0.8
v 2.4 0.4 0.6
v 2.5 0.4 0.6
v -2.8 0.4 0.5
v -2.7 0.4 0.5
v -2.5 0.4 0.5
v -2.4 0.4 0.5
v 2.5 0.4 0.5
v 2.6 0.4 0.5
v 2.7 0.4 0.5
v -2.7 0.4 0.4
v -2.6 0.4 0.4
v -2.5 0.4 0.4
v -2.4 0.4 0.4
v -2.3 0.4 0.4
v 2.3 0.4 0.4
v 2.4 0.4 0.4
v 2.5 0.4 0.4
v 2.6 0.4 0.4
v -2.3 0.4 0.3
v -2.2 0.4 0.3
v 2.2 0.4 0.3
v 2.3 0.4 0.3
v 2.4 0.4 0.3
v 2.5 0.4 0.3
v -2.7 0.4 0.2
v -2.6 0.4 0.2
v 2.1 0.4 0.2
v 2.2 0.4 0.2
v -2.8 0.4 0.0999999
v -2.7 0.4 0.0999999
v 2.6 0.4 0.0999999
v 2.7 0.4 0.0999999
v -2.6 0.4 0
v -2.5 0.4 0
v -2.3 0.4 0
v -2.2 0.4 0
v -2.6 0.4 -0.1
v -2.5 0.4 -0.1
v -2.3 0.4 -0.1
v -2.2 0.4 -0.1
v -2.8 0.4 -0.2
v -2.7 0.4 -0.2
v 2.6 0.4 -0.2
v 2.7 0.4 -0.2
v 2.1 0.4 -0.3
v 2.2 0.4 -0.3
v -2.7 0.4 -0.4
v -2.6 0.4 -0.4
v -2.5 0.4 -0.4
v -2.3 0.4 -0.4
v -2.2 0.4 -0.4
v 2.2 0.4 -0.4
v 2.3 0.4 -0.4
v 2.4 0.4 -0.4
v 2.5 0.4 -0.4
v -2.4 0.4 -0.5
v -2.3 0.4 -0.5
v 2.3 0.4 -0.5
v 2.4 0.4 -0.5
v 2.5 0.4 -0.5
v 2.6 0.4 -0.5
v -2.8 0.4 -0.6
v -2.7 0.4 -0.6
v -2.5 0.4 -0.6
v -2.4 0.4 -0.6
v 2.5 0.4 -0.6
v 2.6 0.4 -0.6
v 2.7 0.4 -0.6
v 2.4 0.4 -0.7
v 2.5 0.4 -0.7
v -2.6 0.4 -0.9
v -2.5 0.4 -0.9
v -2.4 0.4 -0.9
v -2.2 0.4 -0.9
v 2.1 0.4 -0.9
v 2.4 0.4 -0.9
v 2.5 0.4 -0.9
v -2.6 0.4 -1.2
v -2.5 0.4 -1.2
v -2.4 0.4 -1.2
v -2.2 0.4 -1.2
v -2.1 0.4 -1.2
v 2 0.4 -1.2
v 2.1 0.4 -1.2
v 2.3 0.4 -1.2
v 2.4 0.4 -1.2
v 2.5 0.4 -1.2
v -2.5 0.4 -1.3
v -2.4 0.4 -1.3
v -2.1 0.4 -1.3
v -1.9 0.4 -1.3
v 1.8 0.4 -1.3
v 2 0.4 -1.3
v 2.3 0.4 -1.3
v 2.4 0.4 -1.3
v -2.1 0.4 -1.4
v -2 0.4 -1.4
v 1.9 0.4 -1.4
v 2 0.4 -1.4
v -1.9 0.4 -1.5
v -1.8 0.4 -1.5
v 1.7 0.4 -1.5
v 1.8 0.4 -1.5
v -2 0.4 -1.6
v -1.8 0.4 -1.6
v 1.7 0.4 -1.6
v 1.9 0.4 -1.6
v -2.2 0.4 -1.7
v -2.1 0.4 -1.7
v 2 0.4 -1.7
v 2.1 0.4 -1.7
v -2.2 0.4 -1.8
v -2.1 0.4 -1.8
v -2 0.4 -1.8
v -1.9 0.4 -1.8
v -1.6 0.4 -1.8
v -1.5 0.4 -1.8
v 1.4 0.4 -1.8
v 1.5 0.4 -1.8
v 1.8 0.4 -1.8
v 1.9 0.4 -1.8
v 2 0.4 -1.8
v 2.1 0.4 -1.8
v -2 0.4 -1.9
v -1.9 0.4 -1.9
v -1.8 0.4 -1.9
v -1.5 0.4 -1.9
v -1.3 0.4 -1.9
v 1.2 0.4 -1.9
v 1.4 0.4 -1.9
v 1.7 0.4 -1.9
v 1.8 0.4 -1.9
v 1.9 0.4 -1.9
v -1.9 0.4 -2
v -1.8 0.4 -2
v -1.6 0.4 -2
v -1.4 0.4 -2
v 1.3 0.4 -2
v 1.5 0.4 -2
v 1.7 0.4 -2
v 1.8 0.4 -2
v -1.8 0.4 -2.1
v -1.7 0.4 -2.1
v -1.4 0.4 -2.1
v -1.3 0.4 -2.1
v -1.2 0.4 -2.1
v 1.1 0.4 -2.1
v 1.2 0.4 -2.1
v 1.3 0.4 -2.1
v 1.6 0.4 -2.1
v 1.7 0.4 -2.1
v -1.8 0.4 -2.2
v -1.7 0.4 -2.2
v -1.2 0.4 -2.2
v -0.9 0.4 -2.2
v -0.3 0.4 -2.2
v 2.38419e-07 0.4 -2.2
v 0.2 0.4 -2.2
v 0.8 0.4 -2.2
v 1.1 0.4 -2.2
v 1.6 0.4 -2.2
v 1.7 0.4 -2.2
v -0.4 0.4 -2.3
v -0.3 0.4 -2.3
v 0.2 0.4 -2.3
v 0.3 0.4 -2.3
v -1.3 0.4 -2.4
v -1.2 0.4 -2.4
v -0.5 0.4 -2.4
v -0.4 0.4 -2.4
v 0.3 0.4 -2.4
v 0.4 0.4 -2.4
v 1.1 0.4 -2.4
v 1.2 0.4 -2.4
v -1.3 0.4 -2.5
v -1.2 0.4 -2.5
v -0.9 0.4 -2.5
v -0.5 0.4 -2.5
v -0.4 0.4 -2.5
v 2.38419e-07 0.4 -2.5
v 0.3 0.4 -2.5
v 0.4 0.4 -2.5
v 0.8 0.4 -2.5
v 1.1 0.4 -2.5
v 1.2 0.4 -2.5
v -1.2 0.4 -2.6
v -0.9 0.4 -2.6
v -0.6 0.4 -2.6
v -0.5 0.4 -2.6
v -0.4 0.4 -2.6
v 0.3 0.4 -2.6
v 0.4 0.4 -2.6
v 0.5 0.4 -2.6
v 0.8 0.4 -2.6
v 1.1 0.4 -2.6
v -0.6 0.4 -2.7
v -0.5 0.4 -2.7
v -0.2 0.4 -2.7
v 0.1 0.4 -2.7
v 0.4 0.4 -2.7
v 0.5 0.4 -2.7
v -0.6 0.4 -2.8
v -0.2 0.4 -2.8
v 0.1 0.4 -2.8
v 0.5 0.4 -2.8
v -0.9 0.5 2.6
v -0.5 0.5 2.6
v 0.3 0.5 2.6
v 0.8 0.5 2.6
v -1.2 0.5 2.5
v -0.9 0.5 2.5
v -0.5 0.5 2.5
v 0.3 0.5 2.5
v 0.8 0.5 2.5
v -1.3 0.5 2.4
v -1.2 0.5 2.4
v -0.9 0.5 2.4
v -0.6 0.5 2.4
v 0.5 0.5 2.4
v 0.8 0.5 2.4
v -1.3 0.5 2.3
v -1.2 0.5 2.3
v -0.6 0.5 2.3
v -0.5 0.5 2.3
v 0.4 0.5 2.3
v 0.5 0.5 2.3
v -0.5 0.5 2.2
v -0.4 0.5 2.2
v -0.0999999 0.5 2.2
v 2.38419e-07 0.5 2.2
v 0.3 0.5 2.2
v 0.4 0.5 2.2
v -1.2 0.5 2.1
v -0.9 0.5 2.1
v -0.5 0.5 2.1
v -0.4 0.5 2.1
v -0.0999999 0.5 2.1
v 2.38419e-07 0.5 2.1
v 0.3 0.5 2.1
v 0.4 0.5 2.1
v 0.8 0.5 2.1
v 1.1 0.5 2.1
v -1.9 0.5 2
v -1.8 0.5 2
v -1.3 0.5 2
v -1.2 0.5 2
v -0.5 0.5 2
v -0.4 0.5 2
v -0.0999999 0.5 2
v 2.38419e-07 0.5 2
v 0.3 0.5 2
v 0.4 0.5 2
v 1.1 0.5 2
v 1.2 0.5 2
v 1.7 0.5 2
v 1.8 0.5 2
v -2 0.5 1.9
v -1.9 0.5 1.9
v -1.8 0.5 1.9
v -1.2 0.5 1.9
v -0.9 0.5 1.9
v -0.4 0.5 1.9
v -0.0999999 0.5 1.9
v 2.38419e-07 0.5 1.9
v 0.3 0.5 1.9
v 0.8 0.5 1.9
v 1.1 0.5 1.9
v 1.7 0.5 1.9
v 1.8 0.5 1.9
v 1.9 0.5 1.9
v -2.1 0.5 1.8
v -2 0.5 1.8
v -1.9 0.5 1.8
v -1.7 0.5 1.8
v -1.5 0.5 1.8
v -1.3 0.5 1.8
v -1.2 0.5 1.8
v 1.1 0.5 1.8
v 1.2 0.5 1.8
v 1.4 0.5 1.8
v 1.6 0.5 1.8
v 1.8 0.5 1.8
v 1.9 0.5 1.8
v 2 0.5 1.8
v -2.1 0.5 1.7
v -2 0.5 1.7
v -1.7 0.5 1.7
v -1.6 0.5 1.7
v -1.5 0.5 1.7
v -1.4 0.5 1.7
v -1.3 0.5 1.7
v 1.2 0.5 1.7
v 1.3 0.5 1.7
v 1.4 0.5 1.7
v 1.6 0.5 1.7
v 1.9 0.5 1.7
v 2 0.5 1.7
v -1.9 0.5 1.6
v -1.8 0.5 1.6
v -1.7 0.5 1.6
v -1.6 0.5 1.6
v -1.5 0.5 1.6
v -1.4 0.5 1.6
v 1.3 0.5 1.6
v 1.6 0.5 1.6
v 1.7 0.5 1.6
v 1.8 0.5 1.6
v 1.6 0.5 1.5
v 1.7 0.5 1.5
v -1.9 0.5 1.4
v -1.8 0.5 1.4
v 1.6 0.5 1.4
v 1.7 0.5 1.4
v 1.8 0.5 1.4
v -1.8 0.5 1.3
v -1.7 0.5 1.3
v 1.6 0.5 1.3
v 1.7 0.5 1.3
v -2.5 0.5 1.2
v -2.4 0.5 1.2
v -2.1 0.5 1.2
v -1.9 0.5 1.2
v -1.8 0.5 1.2
v 1.7 0.5 1.2
v 1.8 0.5 1.2
v 2 0.5 1.2
v -2.6 0.5 1.1
v -2.5 0.5 1.1
v -2.4 0.5 1.1
v -2.2 0.5 1.1
v -2.1 0.5 1.1
v -2 0.5 1.1
v -1.9 0.5 1.1
v 1.8 0.5 1.1
v 1.9 0.5 1.1
v 2 0.5 1.1
v 2.1 0.5 1.1
v -2.7 0.5 0.8
v -2.6 0.5 0.8
v -2.5 0.5 0.8
v -2.4 0.5 0.8
v -2.2 0.5 0.8
v -2 0.5 0.8
v 1.9 0.5 0.8
v 2.1 0.5 0.8
v 2.4 0.5 0.8
v 2.5 0.5 0.8
v 2.6 0.5 0.8
v -2.4 0.5 0.7
v -2.3 0.5 0.7
v -2.3 0.5 0.6
v -2.2 0.5 0.6
v 2.1 0.5 0.6
v 2.4 0.5 0.6
v -2.5 0.5 0.5
v -2.4 0.5 0.5
v 2.1 0.5 0.5
v 2.5 0.5 0.5
v 2.6 0.5 0.5
v -2.7 0.5 0.4
v -2.6 0.5 0.4
v -2.4 0.5 0.4
v -2.3 0.5 0.4
v -2.2 0.5 0.4
v -2.1 0.5 0.4
v 2 0.5 0.4
v 2.1 0.5 0.4
v 2.3 0.5 0.4
v 2.4 0.5 0.4
v -2.3 0.5 0.3
v -2.2 0.5 0.3
v -2.1 0.5 0.3
v -2 0.5 0.3
v 1.9 0.5 0.3
v 2 0.5 0.3
v 2.2 0.5 0.3
v 2.3 0.5 0.3
v 2.1 0.5 0.2
v 2.2 0.5 0.2
v -2.3 0.5 0
v -2.2 0.5 0
v -2.1 0.5 0
v -2 0.5 0
v -2.3 0.5 -0.1
v -2.2 0.5 -0.1
v -2.1 0.5 -0.1
v -2 0.5 -0.1
v 2.1 0.5 -0.3
v 2.2 0.5 -0.3
v -2.7 0.5 -0.4
v -2.6 0.5 -0.4
v -2.3 0.5 -0.4
v -2.2 0.5 -0.4
v -2.1 0.5 -0.4
v -2 0.5 -0.4
v 1.9 0.5 -0.4
v 2 0.5 -0.4
v 2.2 0.5 -0.4
v 2.3 0.5 -0.4
v -2.4 0.5 -0.5
v -2.3 0.5 -0.5
v -2.2 0.5 -0.5
v -2.1 0.5 -0.5
v 2 0.5 -0.5
v 2.1 0.5 -0.5
v 2.3 0.5 -0.5
v 2.4 0.5 -0.5
v -2.5 0.5 -0.6
v -2.4 0.5 -0.6
v -2.2 0.5 -0.6
v 2.1 0.5 -0.6
v 2.5 0.5 -0.6
v 2.6 0.5 -0.6
v -2.2 0.5 -0.7
v 2.1 0.5 -0.7
v 2.4 0.5 -0.7
v -2.7 0.5 -0.9
v -2.6 0.5 -0.9
v -2.5 0.5 -0.9
v -2.4 0.5 -0.9
v -2.2 0.5 -0.9
v -2 0.5 -0.9
v 1.9 0.5 -0.9
v 2.1 0.5 -0.9
v 2.4 0.5 -0.9
v 2.5 0.5 -0.9
v 2.6 0.5 -0.9
v -2.2 0.5 -1.2
v -2.1 0.5 -1.2
v -2 0.5 -1.2
v -1.9 0.5 -1.2
v 1.8 0.5 -1.2
v 1.9 0.5 -1.2
v 2 0.5 -1.2
v 2.1 0.5 -1.2
v -2.1 0.5 -1.3
v -1.9 0.5 -1.3
v -1.8 0.5 -1.3
v 1.7 0.5 -1.3
v 1.8 0.5 -1.3
v 2 0.5 -1.3
v -1.8 0.5 -1.4
v -1.7 0.5 -1.4
v 1.6 0.5 -1.4
v 1.7 0.5 -1.4
v -1.9 0.5 -1.5
v -1.8 0.5 -1.5
v 1.6 0.5 -1.5
v 1.7 0.5 -1.5
v 1.8 0.5 -1.5
v 1.6 0.5 -1.6
v 1.7 0.5 -1.6
v -1.9 0.5 -1.7
v -1.8 0.5 -1.7
v -1.7 0.5 -1.7
v -1.6 0.5 -1.7
v -1.5 0.5 -1.7
v -1.4 0.5 -1.7
v 1.3 0.5 -1.7
v 1.6 0.5 -1.7
v 1.7 0.5 -1.7
v 1.8 0.5 -1.7
v -2.1 0.5 -1.8
v -2 0.5 -1.8
v -1.7 0.5 -1.8
v -1.6 0.5 -1.8
v -1.5 0.5 -1.8
v -1.4 0.5 -1.8
v -1.3 0.5 -1.8
v 1.2 0.5 -1.8
v 1.3 0.5 -1.8
v 1.4 0.5 -1.8
v 1.6 0.5 -1.8
v 1.9 0.5 -1.8
v 2 0.5 -1.8
v -2.1 0.5 -1.9
v -2 0.5 -1.9
v -1.9 0.5 -1.9
v -1.7 0.5 -1.9
v -1.5 0.5 -1.9
v -1.3 0.5 -1.9
v -1.2 0.5 -1.9
v 1.1 0.5 -1.9
v 1.2 0.5 -1.9
v 1.4 0.5 -1.9
v 1.6 0.5 -1.9
v 1.8 0.5 -1.9
v 1.9 0.5 -1.9
v 2 0.5 -1.9
v -2 0.5 -2
v -1.9 0.5 -2
v -1.8 0.5 -2
v -1.2 0.5 -2
v -0.9 0.5 -2
v -0.4 0.5 -2
v 2.38419e-07 0.5 -2
v 0.3 0.5 -2
v 0.8 0.5 -2
v 1.1 0.5 -2
v 1.7 0.5 -2
v 1.8 0.5 -2
v 1.9 0.5 -2
v -1.9 0.5 -2.1
v -1.8 0.5 -2.1
v -1.3 0.5 -2.1
v -1.2 0.5 -2.1
v -0.5 0.5 -2.1
v -0.4 0.5 -2.1
v 0.3 0.5 -2.1
v 0.4 0.5 -2.1
v 1.1 0.5 -2.1
v 1.2 0.5 -2.1
v 1.7 0.5 -2.1
v 1.8 0.5 -2.1
v -1.2 0.5 -2.2
v -0.9 0.5 -2.2
v -0.5 0.5 -2.2
v -0.3 0.5 -2.2
v 2.38419e-07 0.5 -2.2
v 0.2 0.5 -2.2
v 0.4 0.5 -2.2
v 0.8 0.5 -2.2
v 1.1 0.5 -2.2
v -0.4 0.5 -2.3
v -0.3 0.5 -2.3
v 0.2 0.5 -2.3
v 0.3 0.5 -2.3
v -0.5 0.5 -2.4
v -0.4 0.5 -2.4
v 0.3 0.5 -2.4
v 0.4 0.5 -2.4
v -0.9 0.5 -2.5
v -0.5 0.5 -2.5
v 0.4 0.5 -2.5
v 0.8 0.5 -2.5
v -0.9 0.5 -2.6
v -0.6 0.5 -2.6
v 0.5 0.5 -2.6
v 0.8 0.5 -2.6
v -0.9 0.5 -2.7
v -0.6 0.5 -2.7
v 0.5 0.5 -2.7
v 0.8 0.5 -2.7
v -0.9 0.6 2.1
v -0.5 0.6 2.1
v 0.4 0.6 2.1
v 0.8 0.6 2.1
v -0.9 0.6 2
v -0.6 0.6 2
v -0.5 0.6 2
v -0.4 0.6 2
v -0.0999999 0.6 2
v 2.38419e-07 0.6 2
v 0.3 0.6 2
v 0.4 0.6 2
v 0.5 0.6 2
v 0.8 0.6 2
v -1.2 0.6 1.9
v -0.9 0.6 1.9
v -0.4 0.6 1.9
v -0.0999999 0.6 1.9
v 2.38419e-07 0.6 1.9
v 0.3 0.6 1.9
v 0.8 0.6 1.9
v 1.1 0.6 1.9
v -1.3 0.6 1.8
v -1.2 0.6 1.8
v -0.6 0.6 1.8
v -0.5 0.6 1.8
v -0.4 0.6 1.8
v -0.0999999 0.6 1.8
v 2.38419e-07 0.6 1.8
v 0.3 0.6 1.8
v 0.4 0.6 1.8
v 0.5 0.6 1.8
v 1.1 0.6 1.8
v 1.2 0.6 1.8
v -1.4 0.6 1.7
v -1.3 0.6 1.7
v -0.5 0.6 1.7
v -0.4 0.6 1.7
v 0.3 0.6 1.7
v 0.4 0.6 1.7
v 1.2 0.6 1.7
v 1.3 0.6 1.7
v -1.7 0.6 1.6
v -1.5 0.6 1.6
v -1.4 0.6 1.6
v 1.3 0.6 1.6
v 1.6 0.6 1.6
v -1.6 0.6 1.5
v -1.5 0.6 1.5
v -1.4 0.6 1.5
v -0.9 0.6 1.5
v -0.8 0.6 1.5
v 0.7 0.6 1.5
v 0.8 0.6 1.5
v 1.3 0.6 1.5
v 1.5 0.6 1.5
v -1.4 0.6 1.4
v -1.3 0.6 1.4
v -0.9 0.6 1.4
v -0.8 0.6 1.4
v 0.7 0.6 1.4
v 0.8 0.6 1.4
v 1.2 0.6 1.4
v 1.3 0.6 1.4
v 1.5 0.6 1.4
v 1.6 0.6 1.4
v -1.8 0.6 1.3
v -1.7 0.6 1.3
v -1.6 0.6 1.3
v -1.5 0.6 1.3
v -1.3 0.6 1.3
v -1.2 0.6 1.3
v -1 0.6 1.3
v -0.9 0.6 1.3
v 0.8 0.6 1.3
v 0.9 0.6 1.3
v 1.1 0.6 1.3
v 1.2 0.6 1.3
v 1.4 0.6 1.3
v 1.5 0.6 1.3
v 1.6 0.6 1.3
v 1.7 0.6 1.3
v -1.9 0.6 1.2
v -1.8 0.6 1.2
v -1.5 0.6 1.2
v -1.4 0.6 1.2
v -1.2 0.6 1.2
v -1.1 0.6 1.2
v -1 0.6 1.2
v 0.9 0.6 1.2
v 1.1 0.6 1.2
v 1.3 0.6 1.2
v 1.4 0.6 1.2
v 1.7 0.6 1.2
v 1.8 0.6 1.2
v -2 0.6 1.1
v -1.9 0.6 1.1
v -1.4 0.6 1.1
v -1.3 0.6 1.1
v 1.2 0.6 1.1
v 1.3 0.6 1.1
v 1.8 0.6 1.1
v 1.9 0.6 1.1
v 1.2 0.6 1
v -1.4 0.6 0.9
v -1.3 0.6 0.9
v 1.2 0.6 0.9
v 1.3 0.6 0.9
v -2.2 0.6 0.8
v -2.1 0.6 0.8
v -2 0.6 0.8
v -1.6 0.6 0.8
v -1.5 0.6 0.8
v -1.4 0.6 0.8
v 1.3 0.6 0.8
v 1.4 0.6 0.8
v 1.5 0.6 0.8
v 1.9 0.6 0.8
v 2 0.6 0.8
v 2.1 0.6 0.8
v -1.6 0.6 0.7
v -1.5 0.6 0.7
v 1.4 0.6 0.7
v 1.5 0.6 0.7
v -2.2 0.6 0.6
v -2.1 0.6 0.6
v -2.1 0.6 0.5
v -1.9 0.6 0.5
v 1.9 0.6 0.5
v 2 0.6 0.5
v 2.1 0.6 0.5
v -2.2 0.6 0.4
v -2.1 0.6 0.4
v -1.9 0.6 0.4
v -1.8 0.6 0.4
v 1.8 0.6 0.4
v 1.9 0.6 0.4
v 2 0.6 0.4
v 2.1 0.6 0.4
v -2.1 0.6 0.3
v -2 0.6 0.3
v -1.9 0.6 0.3
v -1.8 0.6 0.3
v 1.9 0.6 0.3
v 2 0.6 0.3
v -2.1 0.6 0
v -2 0.6 0
v -1.9 0.6 0
v -2.1 0.6 -0.1
v -2 0.6 -0.1
v -1.9 0.6 -0.1
v -2.1 0.6 -0.4
v -2 0.6 -0.4
v -1.9 0.6 -0.4
v -1.8 0.6 -0.4
v 1.9 0.6 -0.4
v 2 0.6 -0.4
v -2.2 0.6 -0.5
v -2.1 0.6 -0.5
v -1.9 0.6 -0.5
v -1.8 0.6 -0.5
v 1.8 0.6 -0.5
v 1.9 0.6 -0.5
v 2 0.6 -0.5
v 2.1 0.6 -0.5
v -2.1 0.6 -0.6
v -1.9 0.6 -0.6
v 1.9 0.6 -0.6
v 2 0.6 -0.6
v 2.1 0.6 -0.6
v -2.2 0.6 -0.7
v -2.1 0.6 -0.7
v -1.6 0.6 -0.8
v -1.5 0.6 -0.8
v 1.4 0.6 -0.8
v 1.5 0.6 -0.8
v -2.2 0.6 -0.9
v -2.1 0.6 -0.9
v -2 0.6 -0.9
v -1.6 0.6 -0.9
v -1.5 0.6 -0.9
v -1.4 0.6 -0.9
v 1.3 0.6 -0.9
v 1.4 0.6 -0.9
v 1.5 0.6 -0.9
v 1.9 0.6 -0.9
v 2 0.6 -0.9
v 2.1 0.6 -0.9
v -1.4 0.6 -1
v -1.3 0.6 -1
v 1.2 0.6 -1
v 1.3 0.6 -1
v 1.2 0.6 -1.1
v -2 0.6 -1.2
v -1.9 0.6 -1.2
v -1.4 0.6 -1.2
v -1.3 0.6 -1.2
v 1.2 0.6 -1.2
v 1.3 0.6 -1.2
v 1.8 0.6 -1.2
v 1.9 0.6 -1.2
v -1.9 0.6 -1.3
v -1.8 0.6 -1.3
v -1.5 0.6 -1.3
v -1.4 0.6 -1.3
v -1.2 0.6 -1.3
v -1.1 0.6 -1.3
v -1 0.6 -1.3
v 0.9 0.6 -1.3
v 1.1 0.6 -1.3
v 1.3 0.6 -1.3
v 1.4 0.6 -1.3
v 1.7 0.6 -1.3
v 1.8 0.6 -1.3
v -1.8 0.6 -1.4
v -1.7 0.6 -1.4
v -1.6 0.6 -1.4
v -1.5 0.6 -1.4
v -1.3 0.6 -1.4
v -1.2 0.6 -1.4
v -1 0.6 -1.4
v -0.9 0.6 -1.4
v 0.8 0.6 -1.4
v 0.9 0.6 -1.4
v 1.1 0.6 -1.4
v 1.2 0.6 -1.4
v 1.4 0.6 -1.4
v 1.5 0.6 -1.4
v 1.6 0.6 -1.4
v 1.7 0.6 -1.4
v -1.4 0.6 -1.5
v -1.3 0.6 -1.5
v -0.9 0.6 -1.5
v -0.8 0.6 -1.5
v 0.7 0.6 -1.5
v 0.8 0.6 -1.5
v 1.2 0.6 -1.5
v 1.3 0.6 -1.5
v 1.5 0.6 -1.5
v 1.6 0.6 -1.5
v -1.6 0.6 -1.6
v -1.5 0.6 -1.6
v -1.4 0.6 -1.6
v -0.9 0.6 -1.6
v -0.8 0.6 -1.6
v 0.7 0.6 -1.6
v 0.8 0.6 -1.6
v 1.3 0.6 -1.6
v 1.5 0.6 -1.6
v -1.7 0.6 -1.7
v -1.5 0.6 -1.7
v -1.4 0.6 -1.7
v 1.3 0.6 -1.7
v 1.6 0.6 -1.7
v -1.4 0.6 -1.8
v -1.3 0.6 -1.8
v 1.2 0.6 -1.8
v 1.3 0.6 -1.8
v -1.3 0.6 -1.9
v -1.2 0.6 -1.9
v -0.5 0.6 -1.9
v 2.38419e-07 0.6 -1.9
v 0.4 0.6 -1.9
v 1.1 0.6 -1.9
v 1.2 0.6 -1.9
v -1.2 0.6 -2
v -0.9 0.6 -2
v -0.6 0.6 -2
v -0.5 0.6 -2
v -0.4 0.6 -2
v 2.38419e-07 0.6 -2
v 0.3 0.6 -2
v 0.4 0.6 -2
v 0.5 0.6 -2
v 0.8 0.6 -2
v 1.1 0.6 -2
v -0.9 0.6 -2.1
v -0.6 0.6 -2.1
v -0.5 0.6 -2.1
v -0.4 0.6 -2.1
v 0.3 0.6 -2.1
v 0.4 0.6 -2.1
v 0.5 0.6 -2.1
v 0.8 0.6 -2.1
v -0.9 0.6 -2.2
v -0.5 0.6 -2.2
v 0.4 0.6 -2.2
v 0.8 0.6 -2.2
v -0.9 0.7 2
v -0.6 0.7 2
v 0.5 0.7 2
v 0.8 0.7 2
v -0.0999999 0.7 1.9
v 2.38419e-07 0.7 1.9
v -0.6 0.7 1.8
v -0.5 0.7 1.8
v -0.4 0.7 1.8
v -0.0999999 0.7 1.8
v 2.38419e-07 0.7 1.8
v 0.3 0.7 1.8
v 0.4 0.7 1.8
v 0.5 0.7 1.8
v -0.5 0.7 1.7
v -0.4 0.7 1.7
v 2.38419e-07 0.7 1.7
v 0.3 0.7 1.7
v 0.4 0.7 1.7
v -0.6 0.7 1.6
v -0.4 0.7 1.6
v 0.3 0.7 1.6
v 0.5 0.7 1.6
v -1.6 0.7 1.5
v -1.4 0.7 1.5
v -0.9 0.7 1.5
v -0.8 0.7 1.5
v -0.7 0.7 1.5
v -0.6 0.7 1.5
v 0.5 0.7 1.5
v 0.6 0.7 1.5
v 0.7 0.7 1.5
v 0.8 0.7 1.5
v 1.3 0.7 1.5
v 1.5 0.7 1.5
v -1.4 0.7 1.4
v -1.3 0.7 1.4
v -0.9 0.7 1.4
v -0.8 0.7 1.4
v -0.7 0.7 1.4
v 0.6 0.7 1.4
v 0.7 0.7 1.4
v 0.8 0.7 1.4
v 1.2 0.7 1.4
v 1.3 0.7 1.4
v -1.6 0.7 1.3
v -1.5 0.7 1.3
v -1.3 0.7 1.3
v -1.2 0.7 1.3
v -1 0.7 1.3
v -0.9 0.7 1.3
v -0.8 0.7 1.3
v 0.7 0.7 1.3
v 0.8 0.7 1.3
v 0.9 0.7 1.3
v 1.1 0.7 1.3
v 1.2 0.7 1.3
v 1.4 0.7 1.3
v 1.5 0.7 1.3
v -1.5 0.7 1.2
v -1.4 0.7 1.2
v -1.2 0.7 1.2
v -1.1 0.7 1.2
v -1 0.7 1.2
v -0.9 0.7 1.2
v 0.8 0.7 1.2
v 0.9 0.7 1.2
v 1.1 0.7 1.2
v 1.3 0.7 1.2
v 1.4 0.7 1.2
v -1.4 0.7 1.1
v -1.3 0.7 1.1
v -1.1 0.7 1.1
v -1 0.7 1.1
v 0.9 0.7 1.1
v 1 0.7 1.1
v 1.2 0.7 1.1
v 1.3 0.7 1.1
v -1.2 0.7 1
v -1.1 0.7 1
v 1 0.7 1
v 1.1 0.7 1
v 1.2 0.7 1
v -1.4 0.7 0.9
v -1.3 0.7 0.9
v -1.2 0.7 0.9
v 1.1 0.7 0.9
v 1.2 0.7 0.9
v 1.3 0.7 0.9
v -2.1 0.7 0.8
v -1.6 0.7 0.8
v -1.5 0.7 0.8
v -1.4 0.7 0.8
v -1.3 0.7 0.8
v 1.2 0.7 0.8
v 1.3 0.7 0.8
v 1.4 0.7 0.8
v 1.5 0.7 0.8
v 2 0.7 0.8
v -1.6 0.7 0.7
v -1.5 0.7 0.7
v -1.4 0.7 0.7
v 1.3 0.7 0.7
v 1.4 0.7 0.7
v 1.5 0.7 0.7
v -1.6 0.7 0.6
v -1.5 0.7 0.6
v 1.4 0.7 0.6
v 1.5 0.7 0.6
v -2.1 0.7 0.5
v -1.9 0.7 0.5
v -1.7 0.7 0.5
v -1.6 0.7 0.5
v 1.5 0.7 0.5
v 1.6 0.7 0.5
v 1.7 0.7 0.5
v 1.9 0.7 0.5
v 2 0.7 0.5
v -1.9 0.7 0.4
v -1.8 0.7 0.4
v 1.6 0.7 0.4
v 1.7 0.7 0.4
v 1.8 0.7 0.4
v 1.9 0.7 0.4
v -1.9 0.7 0.3
v -1.8 0.7 0.3
v -1.7 0.7 0.3
v 1.6 0.7 0.3
v 1.7 0.7 0.3
v -2 0.7 0
v -1.9 0.7 0
v -2 0.7 -0.1
v -1.9 0.7 -0.1
v -1.9 0.7 -0.4
v -1.8 0.7 -0.4
v -1.7 0.7 -0.4
v 1.6 0.7 -0.4
v 1.7 0.7 -0.4
v -1.9 0.7 -0.5
v -1.8 0.7 -0.5
v 1.6 0.7 -0.5
v 1.7 0.7 -0.5
v 1.8 0.7 -0.5
v 1.9 0.7 -0.5
v -2.1 0.7 -0.6
v -1.9 0.7 -0.6
v -1.7 0.7 -0.6
v -1.6 0.7 -0.6
v 1.5 0.7 -0.6
v 1.6 0.7 -0.6
v 1.7 0.7 -0.6
v 1.9 0.7 -0.6
v 2 0.7 -0.6
v -1.6 0.7 -0.7
v -1.5 0.7 -0.7
v 1.4 0.7 -0.7
v 1.5 0.7 -0.7
v -1.6 0.7 -0.8
v -1.5 0.7 -0.8
v -1.4 0.7 -0.8
v 1.3 0.7 -0.8
v 1.4 0.7 -0.8
v 1.5 0.7 -0.8
v -2.1 0.7 -0.9
v -1.6 0.7 -0.9
v -1.5 0.7 -0.9
v -1.4 0.7 -0.9
v -1.3 0.7 -0.9
v 1.2 0.7 -0.9
v 1.3 0.7 -0.9
v 1.4 0.7 -0.9
v 1.5 0.7 -0.9
v 2 0.7 -0.9
v -1.4 0.7 -1
v -1.3 0.7 -1
v -1.2 0.7 -1
v 1.1 0.7 -1
v 1.2 0.7 -1
v 1.3 0.7 -1
v -1.2 0.7 -1.1
v -1.1 0.7 -1.1
v 1 0.7 -1.1
v 1.1 0.7 -1.1
v 1.2 0.7 -1.1
v -1.4 0.7 -1.2
v -1.3 0.7 -1.2
v -1.1 0.7 -1.2
v -1 0.7 -1.2
v 0.9 0.7 -1.2
v 1 0.7 -1.2
v 1.2 0.7 -1.2
v 1.3 0.7 -1.2
v -1.5 0.7 -1.3
v -1.4 0.7 -1.3
v -1.2 0.7 -1.3
v -1.1 0.7 -1.3
v -1 0.7 -1.3
v -0.9 0.7 -1.3
v 0.8 0.7 -1.3
v 0.9 0.7 -1.3
v 1.1 0.7 -1.3
v 1.3 0.7 -1.3
v 1.4 0.7 -1.3
v -1.6 0.7 -1.4
v -1.5 0.7 -1.4
v -1.3 0.7 -1.4
v -1.2 0.7 -1.4
v -1 0.7 -1.4
v -0.9 0.7 -1.4
v -0.8 0.7 -1.4
v 0.7 0.7 -1.4
v 0.8 0.7 -1.4
v 0.9 0.7 -1.4
v 1.1 0.7 -1.4
v 1.2 0.7 -1.4
v 1.4 0.7 -1.4
v 1.5 0.7 -1.4
v -1.4 0.7 -1.5
v -1.3 0.7 -1.5
v -0.9 0.7 -1.5
v -0.8 0.7 -1.5
v -0.7 0.7 -1.5
v 0.6 0.7 -1.5
v 0.7 0.7 -1.5
v 0.8 0.7 -1.5
v 1.2 0.7 -1.5
v 1.3 0.7 -1.5
v -1.6 0.7 -1.6
v -1.4 0.7 -1.6
v -0.9 0.7 -1.6
v -0.8 0.7 -1.6
v -0.7 0.7 -1.6
v -0.6 0.7 -1.6
v 0.5 0.7 -1.6
v 0.6 0.7 -1.6
v 0.7 0.7 -1.6
v 0.8 0.7 -1.6
v 1.3 0.7 -1.6
v 1.5 0.7 -1.6
v -0.6 0.7 -1.7
v -0.4 0.7 -1.7
v 0.3 0.7 -1.7
v 0.5 0.7 -1.7
v -0.4 0.7 -1.8
v 2.38419e-07 0.7 -1.8
v 0.3 0.7 -1.8
v -0.5 0.7 -1.9
v 2.38419e-07 0.7 -1.9
v 0.4 0.7 -1.9
v -0.6 0.7 -2
v -0.5 0.7 -2
v 0.4 0.7 -2
v 0.5 0.7 -2
v -0.9 0.7 -2.1
v -0.6 0.7 -2.1
v 0.5 0.7 -2.1
v 0.8 0.7 -2.1
v -0.4 0.8 1.7
v 2.38419e-07 0.8 1.7
v 0.3 0.8 1.7
v -0.6 0.8 1.6
v -0.4 0.8 1.6
v 2.38419e-07 0.8 1.6
v 0.3 0.8 1.6
v 0.5 0.8 1.6
v -0.7 0.8 1.5
v -0.6 0.8 1.5
v -0.4 0.8 1.5
v 0.3 0.8 1.5
v 0.5 0.8 1.5
v 0.6 0.8 1.5
v -0.8 0.8 1.4
v -0.7 0.8 1.4
v -0.6 0.8 1.4
v 0.5 0.8 1.4
v 0.6 0.8 1.4
v 0.7 0.8 1.4
v -0.9 0.8 1.3
v -0.8 0.8 1.3
v -0.7 0.8 1.3
v 0.6 0.8 1.3
v 0.7 0.8 1.3
v 0.8 0.8 1.3
v -1 0.8 1.2
v -0.9 0.8 1.2
v -0.8 0.8 1.2
v 0.7 0.8 1.2
v 0.8 0.8 1.2
v 0.9 0.8 1.2
v -1.1 0.8 1.1
v -1 0.8 1.1
v -0.9 0.8 1.1
v 0.8 0.8 1.1
v 0.9 0.8 1.1
v 1 0.8 1.1
v -1.2 0.8 1
v -1.1 0.8 1
v -1 0.8 1
v 0.9 0.8 1
v 1 0.8 1
v 1.1 0.8 1
v -1.3 0.8 0.9
v -1.2 0.8 0.9
v -1.1 0.8 0.9
v 1 0.8 0.9
v 1.1 0.8 0.9
v 1.2 0.8 0.9
v -1.4 0.8 0.8
v -1.3 0.8 0.8
v -1.2 0.8 0.8
v 1.1 0.8 0.8
v 1.2 0.8 0.8
v 1.3 0.8 0.8
v -1.5 0.8 0.7
v -1.4 0.8 0.7
v -1.3 0.8 0.7
v 1.2 0.8 0.7
v 1.3 0.8 0.7
v 1.4 0.8 0.7
v -1.6 0.8 0.6
v -1.5 0.8 0.6
v -1.4 0.8 0.6
v 1.3 0.8 0.6
v 1.4 0.8 0.6
v 1.5 0.8 0.6
v -1.7 0.8 0.5
v -1.6 0.8 0.5
v -1.5 0.8 0.5
v 1.4 0.8 0.5
v 1.5 0.8 0.5
v 1.6 0.8 0.5
v -1.6 0.8 0.4
v 1.5 0.8 0.4
v 1.6 0.8 0.4
v -1.8 0.8 0.3
v -1.7 0.8 0.3
v -1.6 0.8 0.3
v 1.5 0.8 0.3
v 1.6 0.8 0.3
v 1.7 0.8 0.3
v -1.8 0.8 -0.4
v -1.7 0.8 -0.4
v -1.6 0.8 -0.4
v 1.5 0.8 -0.4
v 1.6 0.8 -0.4
v 1.7 0.8 -0.4
v -1.6 0.8 -0.5
v 1.5 0.8 -0.5
v 1.6 0.8 -0.5
v -1.7 0.8 -0.6
v -1.6 0.8 -0.6
v -1.5 0.8 -0.6
v 1.4 0.8 -0.6
v 1.5 0.8 -0.6
v 1.6 0.8 -0.6
v -1.6 0.8 -0.7
v -1.5 0.8 -0.7
v -1.4 0.8 -0.7
v 1.3 0.8 -0.7
v 1.4 0.8 -0.7
v 1.5 0.8 -0.7
v -1.5 0.8 -0.8
v -1.4 0.8 -0.8
v -1.3 0.8 -0.8
v 1.2 0.8 -0.8
v 1.3 0.8 -0.8
v 1.4 0.8 -0.8
v -1.4 0.8 -0.9
v -1.3 0.8 -0.9
v -1.2 0.8 -0.9
v 1.1 0.8 -0.9
v 1.2 0.8 -0.9
v 1.3 0.8 -0.9
v -1.3 0.8 -1
v -1.2 0.8 -1
v -1.1 0.8 -1
v 1 0.8 -1
v 1.1 0.8 -1
v 1.2 0.8 -1
v -1.2 0.8 -1.1
v -1.1 0.8 -1.1
v -1 0.8 -1.1
v 0.9 0.8 -1.1
v 1 0.8 -1.1
v 1.1 0.8 -1.1
v -1.1 0.8 -1.2
v -1 0.8 -1.2
v -0.9 0.8 -1.2
v 0.8 0.8 -1.2
v 0.9 0.8 -1.2
v 1 0.8 -1.2
v -1 0.8 -1.3
v -0.9 0.8 -1.3
v -0.8 0.8 -1.3
v 0.7 0.8 -1.3
v 0.8 0.8 -1.3
v 0.9 0.8 -1.3
v -0.9 0.8 -1.4
v -0.8 0.8 -1.4
v -0.7 0.8 -1.4
v 0.6 0.8 -1.4
v 0.7 0.8 -1.4
v 0.8 0.8 -1.4
v -0.8 0.8 -1.5
v -0.7 0.8 -1.5
v -0.6 0.8 -1.5
v 0.5 0.8 -1.5
v 0.6 0.8 -1.5
v 0.7 0.8 -1.5
v -0.7 0.8 -1.6
v -0.6 0.8 -1.6
v -0.4 0.8 -1.6
v 0.3 0.8 -1.6
v 0.5 0.8 -1.6
v 0.6 0.8 -1.6
v -0.6 0.8 -1.7
v -0.4 0.8 -1.7
v 2.38419e-07 0.8 -1.7
v 0.3 0.8 -1.7
v 0.5 0.8 -1.7
v -0.4 0.8 -1.8
v 2.38419e-07 0.8 -1.8
v 0.3 0.8 -1.8
v -0.4 0.9 1.6
v 2.38419e-07 0.9 1.6
v 0.3 0.9 1.6
v -0.6 0.9 1.5
v -0.4 0.9 1.5
v 2.38419e-07 0.9 1.5
v 0.3 0.9 1.5
v 0.5 0.9 1.5
v -0.7 0.9 1.4
v -0.6 0.9 1.4
v -0.4 0.9 1.4
v 0.3 0.9 1.4
v 0.5 0.9 1.4
v 0.6 0.9 1.4
v -0.8 0.9 1.3
v -0.7 0.9 1.3
v -0.6 0.9 1.3
v 0.5 0.9 1.3
v 0.6 0.9 1.3
v 0.7 0.9 1.3
v -0.9 0.9 1.2
v -0.8 0.9 1.2
v -0.7 0.9 1.2
v 0.6 0.9 1.2
v 0.7 0.9 1.2
v 0.8 0.9 1.2
v -1 0.9 1.1
v -0.9 0.9 1.1
v -0.8 0.9 1.1
v 0.7 0.9 1.1
v 0.8 0.9 1.1
v 0.9 0.9 1.1
v -1.1 0.9 1
v -1 0.9 1
v -0.9 0.9 1
v 0.8 0.9 1
v 0.9 0.9 1
v 1 0.9 1
v -1.2 0.9 0.9
v -1.1 0.9 0.9
v -1 0.9 0.9
v 0.9 0.9 0.9
v 1 0.9 0.9
v 1.1 0.9 0.9
v -1.3 0.9 0.8
v -1.2 0.9 0.8
v -1.1 0.9 0.8
v 1 0.9 0.8
v 1.1 0.9 0.8
v 1.2 0.9 0.8
v -1.4 0.9 0.7
v -1.3 0.9 0.7
v -1.2 0.9 0.7
v 1.1 0.9 0.7
v 1.2 0.9 0.7
v 1.3 0.9 0.7
v -1.5 0.9 0.6
v -1.4 0.9 0.6
v -1.3 0.9 0.6
v 1.2 0.9 0.6
v 1.3 0.9 0.6
v 1.4 0.9 0.6
v -1.6 0.9 0.5
v -1.5 0.9 0.5
v -1.4 0.9 0.5
v 1.3 0.9 0.5
v 1.4 0.9 0.5
v 1.5 0.9 0.5
v -1.6 0.9 0.4
v -1.5 0.9 0.4
v -1.7 0.9 0.3
v -1.6 0.9 0.3
v -1.5 0.9 0.3
v 1.4 0.9 0.3
v 1.5 0.9 0.3
v 1.6 0.9 0.3
v -1.7 0.9 -0.4
v -1.6 0.9 -0.4
v -1.5 0.9 -0.4
v 1.4 0.9 -0.4
v 1.5 0.9 -0.4
v 1.6 0.9 -0.4
v -1.6 0.9 -0.5
v -1.5 0.9 -0.5
v -1.6 0.9 -0.6
v -1.5 0.9 -0.6
v -1.4 0.9 -0.6
v 1.3 0.9 -0.6
v 1.4 0.9 -0.6
v 1.5 0.9 -0.6
v -1.5 0.9 -0.7
v -1.4 0.9 -0.7
v -1.3 0.9 -0.7
v 1.2 0.9 -0.7
v 1.3 0.9 -0.7
v 1.4 0.9 -0.7
v -1.4 0.9 -0.8
v -1.3 0.9 -0.8
v -1.2 0.9 -0.8
v 1.1 0.9 -0.8
v 1.2 0.9 -0.8
v 1.3 0.9 -0.8
v -1.3 0.9 -0.9
v -1.2 0.9 -0.9
v -1.1 0.9 -0.9
v 1 0.9 -0.9
v 1.1 0.9 -0.9
v 1.2 0.9 -0.9
v -1.2 0.9 -1
v -1.1 0.9 -1
v -1 0.9 -1
v 0.9 0.9 -1
v 1 0.9 -1
v 1.1 0.9 -1
v -1.1 0.9 -1.1
v -1 0.9 -1.1
v -0.9 0.9 -1.1
v 0.8 0.9 -1.1
v 0.9 0.9 -1.1
v 1 0.9 -1.1
v -1 0.9 -1.2
v -0.9 0.9 -1.2
v -0.8 0.9 -1.2
v 0.7 0.9 -1.2
v 0.8 0.9 -1.2
v 0.9 0.9 -1.2
v -0.9 0.9 -1.3
v -0.8 0.9 -1.3
v -0.7 0.9 -1.3
v 0.6 0.9 -1.3
v 0.7 0.9 -1.3
v 0.8 0.9 -1.3
v -0.8 0.9 -1.4
v -0.7 0.9 -1.4
v -0.6 0.9 -1.4
v 0.5 0.9 -1.4
v 0.6 0.9 -1.4
v 0.7 0.9 -1.4
v -0.7 0.9 -1.5
v -0.6 0.9 -1.5
v -0.4 0.9 -1.5
v 0.3 0.9 -1.5
v 0.5 0.9 -1.5
v 0.6 0.9 -1.5
v -0.6 0.9 -1.6
v -0.4 0.9 -1.6
v 2.38419e-07 0.9 -1.6
v 0.3 0.9 -1.6
v 0.5 0.9 -1.6
v -0.4 0.9 -1.7
v 2.38419e-07 0.9 -1.7
v 0.3 0.9 -1.7
v -0.4 1 1.5
v 2.38419e-07 1 1.5
v 0.3 1 1.5
v -0.6 1 1.4
v -0.4 1 1.4
v 2.38419e-07 1 1.4
v 0.3 1 1.4
v 0.5 1 1.4
v -0.7 1 1.3
v -0.6 1 1.3
v -0.4 1 1.3
v 0.3 1 1.3
v 0.5 1 1.3
v 0.6 1 1.3
v -0.8 1 1.2
v -0.7 1 1.2
v -0.6 1 1.2
v 0.5 1 1.2
v 0.6 1 1.2
v 0.7 1 1.2
v -0.9 1 1.1
v -0.8 1 1.1
v -0.7 1 1.1
v 0.6 1 1.1
v 0.7 1 1.1
v 0.8 1 1.1
v -1 1 1
v -0.9 1 1
v -0.8 1 1
v 0.7 1 1
v 0.8 1 1
v 0.9 1 1
v -1.1 1 0.9
v -1 1 0.9
v -0.9 1 0.9
v 0.8 1 0.9
v 0.9 1 0.9
v 1 1 0.9
v -1.2 1 0.8
v -1.1 1 0.8
v -1 1 0.8
v 0.9 1 0.8
v 1 1 0.8
v 1.1 1 0.8
v -1.3 1 0.7
v -1.2 1 0.7
v -1.1 1 0.7
v 1 1 0.7
v 1.1 1 0.7
v 1.2 1 0.7
v -1.4 1 0.6
v -1.3 1 0.6
v -1.2 1 0.6
v 1.1 1 0.6
v 1.2 1 0.6
v 1.3 1 0.6
v -1.5 1 0.5
v -1.4 1 0.5
v -1.3 1 0.5
v 1.2 1 0.5
v 1.3 1 0.5
v 1.4 1 0.5
v -1.5 1 0.4
v -1.4 1 0.4
v -1.6 1 0.3
v -1.5 1 0.3
v -1.4 1 0.3
v 1.3 1 0.3
v 1.4 1 0.3
v 1.5 1 0.3
v -1.6 1 -0.4
v -1.5 1 -0.4
v -1.4 1 -0.4
v 1.3 1 -0.4
v 1.4 1 -0.4
v 1.5 1 -0.4
v -1.5 1 -0.6
v -1.4 1 -0.6
v -1.3 1 -0.6
v 1.2 1 -0.6
v 1.3 1 -0.6
v 1.4 1 -0.6
v -1.4 1 -0.7
v -1.3 1 -0.7
v -1.2 1 -0.7
v 1.1 1 -0.7
v 1.2 1 -0.7
v 1.3 1 -0.7
v -1.3 1 -0.8
v -1.2 1 -0.8
v -1.1 1 -0.8
v 1 1 -0.8
v 1.1 1 -0.8
v 1.2 1 -0.8
v -1.2 1 -0.9
v -1.1 1 -0.9
v -1 1 -0.9
v 0.9 1 -0.9
v 1 1 -0.9
v 1.1 1 -0.9
v -1.1 1 -1
v -1 1 -1
v -0.9 1 -1
v 0.8 1 -1
v 0.9 1 -1
v 1 1 -1
v -1 1 -1.1
v -0.9 1 -1.1
v -0.8 1 -1.1
v 0.7 1 -1.1
v 0.8 1 -1.1
v 0.9 1 -1.1
v -0.9 1 -1.2
v -0.8 1 -1.2
v -0.7 1 -1.2
v 0.6 1 -1.2
v 0.7 1 -1.2
v 0.8 1 -1.2
v -0.8 1 -1.3
v -0.7 1 -1.3
v -0.6 1 -1.3
v 0.5 1 -1.3
v 0.6 1 -1.3
v 0.7 1 -1.3
v -0.7 1 -1.4
v -0.6 1 -1.4
v -0.4 1 -1.4
v 0.3 1 -1.4
v 0.5 1 -1.4
v 0.6 1 -1.4
v -0.6 1 -1.5
v -0.4 1 -1.5
v 2.38419e-07 1 -1.5
v 0.3 1 -1.5
v 0.5 1 -1.5
v -0.4 1 -1.6
v 2.38419e-07 1 -1.6
v 0.3 1 -1.6
v -0.4 1.1 1.4
v -0.0999999 1.1 1.4
v 2.38419e-07 1.1 1.4
v 0.3 1.1 1.4
v -0.6 1.1 1.3
v -0.4 1.1 1.3
v -0.0999999 1.1 1.3
v 2.38419e-07 1.1 1.3
v 0.3 1.1 1.3
v 0.5 1.1 1.3
v -0.7 1.1 1.2
v -0.6 1.1 1.2
v -0.4 1.1 1.2
v 0.3 1.1 1.2
v 0.5 1.1 1.2
v 0.6 1.1 1.2
v -0.8 1.1 1.1
v -0.7 1.1 1.1
v -0.6 1.1 1.1
v 0.5 1.1 1.1
v 0.6 1.1 1.1
v 0.7 1.1 1.1
v -0.9 1.1 1
v -0.8 1.1 1
v -0.7 1.1 1
v 0.6 1.1 1
v 0.7 1.1 1
v 0.8 1.1 1
v -1 1.1 0.9
v -0.9 1.1 0.9
v -0.8 1.1 0.9
v 0.7 1.1 0.9
v 0.8 1.1 0.9
v 0.9 1.1 0.9
v -1.1 1.1 0.8
v -1 1.1 0.8
v -0.9 1.1 0.8
v 0.8 1.1 0.8
v 0.9 1.1 0.8
v 1 1.1 0.8
v -1.2 1.1 0.7
v -1.1 1.1 0.7
v -1 1.1 0.7
v 0.9 1.1 0.7
v 1 1.1 0.7
v 1.1 1.1 0.7
v -1.3 1.1 0.6
v -1.2 1.1 0.6
v -1.1 1.1 0.6
v 1 1.1 0.6
v 1.1 1.1 0.6
v 1.2 1.1 0.6
v -1.4 1.1 0.5
v -1.3 1.1 0.5
v -1.2 1.1 0.5
v 1.1 1.1 0.5
v 1.2 1.1 0.5
v 1.3 1.1 0.5
v -1.4 1.1 0.4
v -1.3 1.1 0.4
v -1.5 1.1 0.3
v -1.4 1.1 0.3
v -1.3 1.1 0.3
v 1.2 1.1 0.3
v 1.3 1.1 0.3
v 1.4 1.1 0.3
v -1.5 1.1 0
v -1.4 1.1 0
v -1.5 1.1 -0.1
v -1.4 1.1 -0.1
v -1.5 1.1 -0.4
v -1.4 1.1 -0.4
v -1.3 1.1 -0.4
v 1.2 1.1 -0.4
v 1.3 1.1 -0.4
v 1.4 1.1 -0.4
v -1.4 1.1 -0.6
v -1.3 1.1 -0.6
v -1.2 1.1 -0.6
v 1.1 1.1 -0.6
v 1.2 1.1 -0.6
v 1.3 1.1 -0.6
v -1.3 1.1 -0.7
v -1.2 1.1 -0.7
v -1.1 1.1 -0.7
v 1 1.1 -0.7
v 1.1 1.1 -0.7
v 1.2 1.1 -0.7
v -1.2 1.1 -0.8
v -1.1 1.1 -0.8
v -1 1.1 -0.8
v 0.9 1.1 -0.8
v 1 1.1 -0.8
v 1.1 1.1 -0.8
v -1.1 1.1 -0.9
v -1 1.1 -0.9
v -0.9 1.1 -0.9
v 0.8 1.1 -0.9
v 0.9 1.1 -0.9
v 1 1.1 -0.9
v -1 1.1 -1
v -0.9 1.1 -1
v -0.8 1.1 -1
v 0.7 1.1 -1
v 0.8 1.1 -1
v 0.9 1.1 -1
v -0.9 1.1 -1.1
v -0.8 1.1 -1.1
v -0.7 1.1 -1.1
v 0.6 1.1 -1.1
v 0.7 1.1 -1.1
v 0.8 1.1 -1.1
v -0.8 1.1 -1.2
v -0.7 1.1 -1.2
v -0.6 1.1 -1.2
v 0.5 1.1 -1.2
v 0.6 1.1 -1.2
v 0.7 1.1 -1.2
v -0.7 1.1 -1.3
v -0.6 1.1 -1.3
v -0.4 1.1 -1.3
v 0.3 1.1 -1.3
v 0.5 1.1 -1.3
v 0.6 1.1 -1.3
v -0.6 1.1 -1.4
v -0.4 1.1 -1.4
v 2.38419e-07 1.1 -1.4
v 0.3 1.1 -1.4
v 0.5 1.1 -1.4
v -0.4 1.1 -1.5
v 2.38419e-07 1.1 -1.5
v 0.3 1.1 -1.5
v -0.0999999 1.2 1.4
v 2.38419e-07 1.2 1.4
v -0.4 1.2 1.3
v -0.0999999 1.2 1.3
v 2.38419e-07 1.2 1.3
v 0.3 1.2 1.3
v -0.6 1.2 1.2
v -0.4 1.2 1.2
v -0.0999999 1.2 1.2
v 2.38419e-07 1.2 1.2
v 0.3 1.2 1.2
v 0.5 1.2 1.2
v -0.7 1.2 1.1
v -0.6 1.2 1.1
v -0.4 1.2 1.1
v 0.3 1.2 1.1
v 0.5 1.2 1.1
v 0.6 1.2 1.1
v -0.8 1.2 1
v -0.7 1.2 1
v -0.6 1.2 1
v 0.5 1.2 1
v 0.6 1.2 1
v 0.7 1.2 1
v -0.9 1.2 0.9
v -0.8 1.2 0.9
v -0.7 1.2 0.9
v 0.6 1.2 0.9
v 0.7 1.2 0.9
v 0.8 1.2 0.9
v -1 1.2 0.8
v -0.9 1.2 0.8
v -0.8 1.2 0.8
v 0.7 1.2 0.8
v 0.8 1.2 0.8
v 0.9 1.2 0.8
v -1.1 1.2 0.7
v -1 1.2 0.7
v -0.9 1.2 0.7
v 0.8 1.2 0.7
v 0.9 1.2 0.7
v 1 1.2 0.7
v -1.2 1.2 0.6
v -1.1 1.2 0.6
v -1 1.2 0.6
v 0.9 1.2 0.6
v 1 1.2 0.6
v 1.1 1.2 0.6
v -1.3 1.2 0.5
v -1.2 1.2 0.5
v -1.1 1.2 0.5
v 1 1.2 0.5
v 1.1 1.2 0.5
v 1.2 1.2 0.5
v -1.4 1.2 0.3
v -1.3 1.2 0.3
v -1.2 1.2 0.3
v 1.1 1.2 0.3
v 1.2 1.2 0.3
v 1.3 1.2 0.3
v -1.5 1.2 0
v -1.4 1.2 0
v -1.3 1.2 0
v -1.5 1.2 -0.1
v -1.4 1.2 -0.1
v -1.3 1.2 -0.1
v -1.4 1.2 -0.4
v -1.3 1.2 -0.4
v -1.2 1.2 -0.4
v 1.1 1.2 -0.4
v 1.2 1.2 -0.4
v 1.3 1.2 -0.4
v -1.3 1.2 -0.6
v -1.2 1.2 -0.6
v -1.1 1.2 -0.6
v 1 1.2 -0.6
v 1.1 1.2 -0.6
v 1.2 1.2 -0.6
v -1.2 1.2 -0.7
v -1.1 1.2 -0.7
v -1 1.2 -0.7
v 0.9 1.2 -0.7
v 1 1.2 -0.7
v 1.1 1.2 -0.7
v -1.1 1.2 -0.8
v -1 1.2 -0.8
v -0.9 1.2 -0.8
v 0.8 1.2 -0.8
v 0.9 1.2 -0.8
v 1 1.2 -0.8
v -1 1.2 -0.9
v -0.9 1.2 -0.9
v -0.8 1.2 -0.9
v 0.7 1.2 -0.9
v 0.8 1.2 -0.9
v 0.9 1.2 -0.9
v -0.9 1.2 -1
v -0.8 1.2 -1
v -0.7 1.2 -1
v 0.6 1.2 -1
v 0.7 1.2 -1
v 0.8 1.2 -1
v -0.8 1.2 -1.1
v -0.7 1.2 -1.1
v -0.6 1.2 -1.1
v 0.5 1.2 -1.1
v 0.6 1.2 -1.1
v 0.7 1.2 -1.1
v -0.7 1.2 -1.2
v -0.6 1.2 -1.2
v -0.4 1.2 -1.2
v 0.3 1.2 -1.2
v 0.5 1.2 -1.2
v 0.6 1.2 -1.2
v -0.6 1.2 -1.3
v -0.4 1.2 -1.3
v 2.38419e-07 1.2 -1.3
v 0.3 1.2 -1.3
v 0.5 1.2 -1.3
v -0.4 1.2 -1.4
v 2.38419e-07 1.2 -1.4
v 0.3 1.2 -1.4
v -0.0999999 1.4 1.3
v 2.38419e-07 1.4 1.3
v -0.4 1.4 1.2
v -0.0999999 1.4 1.2
v 2.38419e-07 1.4 1.2
v 0.3 1.4 1.2
v -0.6 1.4 1.1
v -0.4 1.4 1.1
v -0.0999999 1.4 1.1
v 2.38419e-07 1.4 1.1
v 0.3 1.4 1.1
v 0.5 1.4 1.1
v -0.7 1.4 1
v -0.6 1.4 1
v -0.4 1.4 1
v 0.3 1.4 1
v 0.5 1.4 1
v 0.6 1.4 1
v -0.8 1.4 0.9
v -0.7 1.4 0.9
v -0.6 1.4 0.9
v 0.5 1.4 0.9
v 0.6 1.4 0.9
v 0.7 1.4 0.9
v -0.9 1.4 0.8
v -0.8 1.4 0.8
v -0.7 1.4 0.8
v 0.6 1.4 0.8
v 0.7 1.4 0.8
v 0.8 1.4 0.8
v -1 1.4 0.7
v -0.9 1.4 0.7
v -0.8 1.4 0.7
v 0.7 1.4 0.7
v 0.8 1.4 0.7
v 0.9 1.4 0.7
v -1.1 1.4 0.6
v -1 1.4 0.6
v -0.9 1.4 0.6
v 0.8 1.4 0.6
v 0.9 1.4 0.6
v 1 1.4 0.6
v -1.2 1.4 0.5
v -1.1 1.4 0.5
v -1 1.4 0.5
v 0.9 1.4 0.5
v 1 1.4 0.5
v 1.1 1.4 0.5
v -1.3 1.4 0.3
v -1.2 1.4 0.3
v -1.1 1.4 0.3
v 1 1.4 0.3
v 1.1 1.4 0.3
v 1.2 1.4 0.3
v 1.1 1.4 0.2
v -1.4 1.4 0
v -1.3 1.4 0
v -1.2 1.4 0
v -1.4 1.4 -0.1
v -1.3 1.4 -0.1
v -1.2 1.4 -0.1
v -1.2 1.4 -0.3
v -1.3 1.4 -0.4
v -1.2 1.4 -0.4
v -1.1 1.4 -0.4
v 1 1.4 -0.4
v 1.1 1.4 -0.4
v 1.2 1.4 -0.4
v -1.2 1.4 -0.6
v -1.1 1.4 -0.6
v -1 1.4 -0.6
v 0.9 1.4 -0.6
v 1 1.4 -0.6
v 1.1 1.4 -0.6
v -1.1 1.4 -0.7
v -1 1.4 -0.7
v -0.9 1.4 -0.7
v 0.8 1.4 -0.7
v 0.9 1.4 -0.7
v 1 1.4 -0.7
v -1 1.4 -0.8
v -0.9 1.4 -0.8
v -0.8 1.4 -0.8
v 0.7 1.4 -0.8
v 0.8 1.4 -0.8
v 0.9 1.4 -0.8
v -0.9 1.4 -0.9
v -0.8 1.4 -0.9
v -0.7 1.4 -0.9
v 0.6 1.4 -0.9
v 0.7 1.4 -0.9
v 0.8 1.4 -0.9
v -0.8 1.4 -1
v -0.7 1.4 -1
v -0.6 1.4 -1
v 0.5 1.4 -1
v 0.6 1.4 -1
v 0.7 1.4 -1
v -0.7 1.4 -1.1
v -0.6 1.4 -1.1
v -0.4 1.4 -1.1
v 0.3 1.4 -1.1
v 0.5 1.4 -1.1
v 0.6 1.4 -1.1
v -0.6 1.4 -1.2
v -0.4 1.4 -1.2
v 2.38419e-07 1.4 -1.2
v 0.3 1.4 -1.2
v 0.5 1.4 -1.2
v -0.4 1.4 -1.3
v 2.38419e-07 1.4 -1.3
v 0.3 1.4 -1.3
v -0.0999999 1.6 1.2
v 2.38419e-07 1.6 1.2
v -0.4 1.6 1.1
v -0.0999999 1.6 1.1
v 2.38419e-07 1.6 1.1
v 0.3 1.6 1.1
v -0.6 1.6 1
v -0.4 1.6 1
v -0.0999999 1.6 1
v 2.38419e-07 1.6 1
v 0.3 1.6 1
v 0.5 1.6 1
v -0.7 1.6 0.9
v -0.6 1.6 0.9
v -0.4 1.6 0.9
v 0.3 1.6 0.9
v 0.5 1.6 0.9
v 0.6 1.6 0.9
v -0.8 1.6 0.8
v -0.7 1.6 0.8
v -0.6 1.6 0.8
v 0.5 1.6 0.8
v 0.6 1.6 0.8
v 0.7 1.6 0.8
v -0.9 1.6 0.7
v -0.8 1.6 0.7
v -0.7 1.6 0.7
v 0.6 1.6 0.7
v 0.7 1.6 0.7
v 0.8 1.6 0.7
v -1 1.6 0.6
v -0.9 1.6 0.6
v -0.8 1.6 0.6
v 0.7 1.6 0.6
v 0.8 1.6 0.6
v 0.9 1.6 0.6
v -1.1 1.6 0.5
v -1 1.6 0.5
v -0.9 1.6 0.5
v 0.8 1.6 0.5
v 0.9 1.6 0.5
v 1 1.6 0.5
v -1.2 1.6 0.3
v -1.1 1.6 0.3
v -1 1.6 0.3
v 0.9 1.6 0.3
v 1 1.6 0.3
v 1.1 1.6 0.3
v 1 1.6 0.2
v -1.3 1.6 0
v -1.2 1.6 0
v -1.1 1.6 0
v -1.3 1.6 -0.1
v -1.2 1.6 -0.1
v -1.1 1.6 -0.1
v -1.2 1.6 -0.4
v -1.1 1.6 -0.4
v -1 1.6 -0.4
v 0.9 1.6 -0.4
v 1 1.6 -0.4
v 1.1 1.6 -0.4
v -1.1 1.6 -0.6
v -1 1.6 -0.6
v -0.9 1.6 -0.6
v 0.8 1.6 -0.6
v 0.9 1.6 -0.6
v 1 1.6 -0.6
v -1 1.6 -0.7
v -0.9 1.6 -0.7
v -0.8 1.6 -0.7
v 0.7 1.6 -0.7
v 0.8 1.6 -0.7
v 0.9 1.6 -0.7
v -0.9 1.6 -0.8
v -0.8 1.6 -0.8
v -0.7 1.6 -0.8
v 0.6 1.6 -0.8
v 0.7 1.6 -0.8
v 0.8 1.6 -0.8
v -0.8 1.6 -0.9
v -0.7 1.6 -0.9
v -0.6 1.6 -0.9
v 0.5 1.6 -0.9
v 0.6 1.6 -0.9
v 0.7 1.6 -0.9
v -0.7 1.6 -1
v -0.6 1.6 -1
v -0.4 1.6 -1
v 0.3 1.6 -1
v 0.5 1.6 -1
v 0.6 1.6 -1
v -0.6 1.6 -1.1
v -0.4 1.6 -1.1
v 2.38419e-07 1.6 -1.1
v 0.3 1.6 -1.1
v 0.5 1.6 -1.1
v -0.4 1.6 -1.2
v 2.38419e-07 1.6 -1.2
v 0.3 1.6 -1.2
v -0.0999999 1.7 1.1
v 2.38419e-07 1.7 1.1
v -0.0999999 1.7 1
v 2.38419e-07 1.7 1
v -0.4 1.7 0.8
v -0.3 1.7 0.8
v -0.0999999 1.7 0.8
v 2.38419e-07 1.7 0.8
v 0.2 1.7 0.8
v 0.3 1.7 0.8
v -0.6 1.7 0.7
v -0.5 1.7 0.7
v -0.4 1.7 0.7
v -0.3 1.7 0.7
v 0.2 1.7 0.7
v 0.3 1.7 0.7
v 0.4 1.7 0.7
v 0.5 1.7 0.7
v -0.7 1.7 0.6
v -0.6 1.7 0.6
v -0.5 1.7 0.6
v 0.4 1.7 0.6
v 0.5 1.7 0.6
v 0.6 1.7 0.6
v -0.8 1.7 0.5
v -0.7 1.7 0.5
v -0.6 1.7 0.5
v 0.5 1.7 0.5
v 0.6 1.7 0.5
v 0.7 1.7 0.5
v -0.8 1.7 0.4
v -0.7 1.7 0.4
v 0.6 1.7 0.4
v 0.7 1.7 0.4
v -0.9 1.7 0.3
v -0.8 1.7 0.3
v 0.7 1.7 0.3
v 0.8 1.7 0.3
v -0.9 1.7 0.2
v -0.8 1.7 0.2
v 0.7 1.7 0.2
v 0.8 1.7 0.2
v -1.2 1.7 0
v -1.1 1.7 0
v -0.9 1.7 0
v -0.0999999 1.7 0
v 2.38419e-07 1.7 0
v 0.8 1.7 0
v -1.2 1.7 -0.1
v -1.1 1.7 -0.1
v -0.9 1.7 -0.1
v -0.0999999 1.7 -0.1
v 2.38419e-07 1.7 -0.1
v 0.8 1.7 -0.1
v -0.9 1.7 -0.2
v -0.8 1.7 -0.2
v 0.7 1.7 -0.3
v 0.8 1.7 -0.3
v -0.9 1.7 -0.4
v -0.8 1.7 -0.4
v 0.7 1.7 -0.4
v 0.8 1.7 -0.4
v -0.8 1.7 -0.5
v -0.7 1.7 -0.5
v 0.6 1.7 -0.5
v 0.7 1.7 -0.5
v -0.8 1.7 -0.6
v -0.7 1.7 -0.6
v -0.6 1.7 -0.6
v 0.5 1.7 -0.6
v 0.6 1.7 -0.6
v 0.7 1.7 -0.6
v -0.7 1.7 -0.7
v -0.6 1.7 -0.7
v -0.5 1.7 -0.7
v 0.4 1.7 -0.7
v 0.5 1.7 -0.7
v 0.6 1.7 -0.7
v -0.6 1.7 -0.8
v -0.5 1.7 -0.8
v -0.4 1.7 -0.8
v -0.3 1.7 -0.8
v 0.2 1.7 -0.8
v 0.3 1.7 -0.8
v 0.4 1.7 -0.8
v 0.5 1.7 -0.8
v -0.4 1.7 -0.9
v -0.3 1.7 -0.9
v -0.0999999 1.7 -0.9
v 2.38419e-07 1.7 -0.9
v 0.2 1.7 -0.9
v 0.3 1.7 -0.9
v -0.4 1.8 1
v -0.0999999 1.8 1
v 2.38419e-07 1.8 1
v 0.3 1.8 1
v -0.6 1.8 0.9
v -0.4 1.8 0.9
v -0.3 1.8 0.9
v -0.0999999 1.8 0.9
v 2.38419e-07 1.8 0.9
v 0.3 1.8 0.9
v 0.5 1.8 0.9
v -0.7 1.8 0.8
v -0.6 1.8 0.8
v -0.4 1.8 0.8
v -0.3 1.8 0.8
v 2.38419e-07 1.8 0.8
v 0.3 1.8 0.8
v 0.5 1.8 0.8
v 0.6 1.8 0.8
v -0.7 1.8 0.7
v -0.6 1.8 0.7
v -0.4 1.8 0.7
v 0.3 1.8 0.7
v 0.5 1.8 0.7
v 0.6 1.8 0.7
v -0.9 1.8 0.6
v -0.8 1.8 0.6
v -0.7 1.8 0.6
v -0.6 1.8 0.6
v 0.5 1.8 0.6
v 0.6 1.8 0.6
v 0.7 1.8 0.6
v 0.8 1.8 0.6
v -1 1.8 0.5
v -0.9 1.8 0.5
v -0.8 1.8 0.5
v -0.7 1.8 0.5
v 0.6 1.8 0.5
v 0.7 1.8 0.5
v 0.8 1.8 0.5
v 0.9 1.8 0.5
v -1.1 1.8 0.3
v -1 1.8 0.3
v -0.9 1.8 0.3
v -0.8 1.8 0.3
v 0.7 1.8 0.3
v 0.8 1.8 0.3
v 0.9 1.8 0.3
v 1 1.8 0.3
v -1.1 1.8 0
v -1 1.8 0
v 0.9 1.8 0
v 1 1.8 0
v -1.1 1.8 -0.1
v -1 1.8 -0.1
v -0.9 1.8 -0.1
v 0.8 1.8 -0.1
v 0.9 1.8 -0.1
v 1 1.8 -0.1
v -1.1 1.8 -0.4
v -1 1.8 -0.4
v -0.9 1.8 -0.4
v -0.8 1.8 -0.4
v 0.7 1.8 -0.4
v 0.8 1.8 -0.4
v 0.9 1.8 -0.4
v 1 1.8 -0.4
v -1 1.8 -0.6
v -0.9 1.8 -0.6
v -0.8 1.8 -0.6
v -0.7 1.8 -0.6
v 0.6 1.8 -0.6
v 0.7 1.8 -0.6
v 0.8 1.8 -0.6
v 0.9 1.8 -0.6
v -0.9 1.8 -0.7
v -0.8 1.8 -0.7
v -0.7 1.8 -0.7
v -0.6 1.8 -0.7
v 0.5 1.8 -0.7
v 0.6 1.8 -0.7
v 0.7 1.8 -0.7
v 0.8 1.8 -0.7
v -0.7 1.8 -0.8
v -0.6 1.8 -0.8
v -0.4 1.8 -0.8
v 0.3 1.8 -0.8
v 0.5 1.8 -0.8
v 0.6 1.8 -0.8
v -0.7 1.8 -0.9
v -0.6 1.8 -0.9
v -0.4 1.8 -0.9
v -0.0999999 1.8 -0.9
v 0.3 1.8 -0.9
v 0.5 1.8 -0.9
v 0.6 1.8 -0.9
v -0.6 1.8 -1
v -0.4 1.8 -1
v -0.0999999 1.8 -1
v 2.38419e-07 1.8 -1
v 0.3 1.8 -1
v 0.5 1.8 -1
v -0.4 1.8 -1.1
v -0.0999999 1.8 -1.1
v 2.38419e-07 1.8 -1.1
v 0.3 1.8 -1.1
v -0.0999999 1.9 1
v 2.38419e-07 1.9 1
v -0.0999999 1.9 0.9
v 2.38419e-07 1.9 0.9
v -0.4 1.9 0.8
v 2.38419e-07 1.9 0.8
v 0.3 1.9 0.8
v -0.8 1.9 0.7
v -0.7 1.9 0.7
v -0.6 1.9 0.7
v -0.5 1.9 0.7
v -0.4 1.9 0.7
v 2.38419e-07 1.9 0.7
v 0.3 1.9 0.7
v 0.4 1.9 0.7
v 0.5 1.9 0.7
v 0.6 1.9 0.7
v 0.7 1.9 0.7
v -0.8 1.9 0.6
v -0.7 1.9 0.6
v -0.6 1.9 0.6
v -0.5 1.9 0.6
v 0.4 1.9 0.6
v 0.5 1.9 0.6
v 0.6 1.9 0.6
v 0.7 1.9 0.6
v -0.8 1.9 0.5
v -0.7 1.9 0.5
v -0.6 1.9 0.5
v 0.5 1.9 0.5
v 0.6 1.9 0.5
v 0.7 1.9 0.5
v -0.8 1.9 0.4
v -0.7 1.9 0.4
v 0.6 1.9 0.4
v 0.7 1.9 0.4
v -0.9 1.9 0.3
v -0.8 1.9 0.3
v 0.7 1.9 0.3
v 0.8 1.9 0.3
v -1.1 1.9 0
v -1 1.9 0
v 0.9 1.9 0
v 1 1.9 0
v -1.1 1.9 -0.1
v -1 1.9 -0.1
v -0.9 1.9 -0.1
v -0.8 1.9 -0.1
v 0.7 1.9 -0.1
v 0.8 1.9 -0.1
v 0.9 1.9 -0.1
v 1 1.9 -0.1
v -0.9 1.9 -0.4
v -0.8 1.9 -0.4
v 0.7 1.9 -0.4
v 0.8 1.9 -0.4
v -0.8 1.9 -0.5
v -0.7 1.9 -0.5
v 0.6 1.9 -0.5
v 0.7 1.9 -0.5
v -0.8 1.9 -0.6
v -0.7 1.9 -0.6
v -0.6 1.9 -0.6
v 0.5 1.9 -0.6
v 0.6 1.9 -0.6
v 0.7 1.9 -0.6
v -0.8 1.9 -0.7
v -0.7 1.9 -0.7
v -0.6 1.9 -0.7
v -0.5 1.9 -0.7
v 0.4 1.9 -0.7
v 0.5 1.9 -0.7
v 0.6 1.9 -0.7
v 0.7 1.9 -0.7
v -0.8 1.9 -0.8
v -0.7 1.9 -0.8
v -0.6 1.9 -0.8
v -0.5 1.9 -0.8
v -0.4 1.9 -0.8
v -0.0999999 1.9 -0.8
v 0.3 1.9 -0.8
v 0.4 1.9 -0.8
v 0.5 1.9 -0.8
v 0.6 1.9 -0.8
v 0.7 1.9 -0.8
v -0.4 1.9 -0.9
v -0.0999999 1.9 -0.9
v 0.3 1.9 -0.9
v -0.0999999 1.9 -1
v 2.38419e-07 1.9 -1
v -0.0999999 1.9 -1.1
v 2.38419e-07 1.9 -1.1
v -0.5 2 0.7
v 2.38419e-07 2 0.7
v 0.4 2 0.7
v -0.6 2 0.6
v -0.5 2 0.6
v 2.38419e-07 2 0.6
v 0.4 2 0.6
v 0.5 2 0.6
v -0.7 2 0.5
v -0.6 2 0.5
v -0.5 2 0.5
v 0.4 2 0.5
v 0.5 2 0.5
v 0.6 2 0.5
v -0.8 2 0.4
v -0.7 2 0.4
v -0.6 2 0.4
v 0.5 2 0.4
v 0.6 2 0.4
v 0.7 2 0.4
v -0.8 2 -0.1
v -0.7 2 -0.1
v 0.6 2 -0.1
v 0.7 2 -0.1
v -0.8 2 -0.5
v -0.7 2 -0.5
v -0.6 2 -0.5
v 0.5 2 -0.5
v 0.6 2 -0.5
v 0.7 2 -0.5
v -0.7 2 -0.6
v -0.6 2 -0.6
v -0.5 2 -0.6
v 0.4 2 -0.6
v 0.5 2 -0.6
v 0.6 2 -0.6
v -0.6 2 -0.7
v -0.5 2 -0.7
v -0.0999999 2 -0.7
v 0.4 2 -0.7
v 0.5 2 -0.7
v -0.5 2 -0.8
v -0.0999999 2 -0.8
v 0.4 2 -0.8
v -0.5 2.1 0.6
v 2.38419e-07 2.1 0.6
v 0.4 2.1 0.6
v -0.6 2.1 0.5
v -0.5 2.1 0.5
v 2.38419e-07 2.1 0.5
v 0.4 2.1 0.5
v 0.5 2.1 0.5
v -0.7 2.1 0.4
v -0.6 2.1 0.4
v -0.5 2.1 0.4
v 0.4 2.1 0.4
v 0.5 2.1 0.4
v 0.6 2.1 0.4
v -0.7 2.1 -0.1
v -0.6 2.1 -0.1
v 0.5 2.1 -0.1
v 0.6 2.1 -0.1
v -0.7 2.1 -0.5
v -0.6 2.1 -0.5
v -0.5 2.1 -0.5
v 0.4 2.1 -0.5
v 0.5 2.1 -0.5
v 0.6 2.1 -0.5
v -0.6 2.1 -0.6
v -0.5 2.1 -0.6
v -0.0999999 2.1 -0.6
v 0.4 2.1 -0.6
v 0.5 2.1 -0.6
v -0.5 2.1 -0.7
v -0.0999999 2.1 -0.7
v 0.4 2.1 -0.7
v -0.5 2.2 0.5
v 2.38419e-07 2.2 0.5
v 0.4 2.2 0.5
v -0.6 2.2 0.4
v -0.5 2.2 0.4
v -0.4 2.2 0.4
v 2.38419e-07 2.2 0.4
v 0.3 2.2 0.4
v 0.4 2.2 0.4
v 0.5 2.2 0.4
v -0.5 2.2 0.3
v -0.4 2.2 0.3
v 0.3 2.2 0.3
v 0.4 2.2 0.3
v -0.6 2.2 -0.1
v -0.5 2.2 -0.1
v 0.4 2.2 -0.1
v 0.5 2.2 -0.1
v -0.5 2.2 -0.4
v -0.4 2.2 -0.4
v 0.3 2.2 -0.4
v 0.4 2.2 -0.4
v -0.6 2.2 -0.5
v -0.5 2.2 -0.5
v -0.4 2.2 -0.5
v -0.0999999 2.2 -0.5
v 0.3 2.2 -0.5
v 0.4 2.2 -0.5
v 0.5 2.2 -0.5
v -0.5 2.2 -0.6
v -0.0999999 2.2 -0.6
v 0.4 2.2 -0.6
v -0.4 2.3 0.4
v 2.38419e-07 2.3 0.4
v 0.3 2.3 0.4
v -0.5 2.3 0.3
v -0.4 2.3 0.3
v 2.38419e-07 2.3 0.3
v 0.3 2.3 0.3
v 0.4 2.3 0.3
v -0.5 2.3 -0.1
v -0.4 2.3 -0.1
v 0.3 2.3 -0.1
v 0.4 2.3 -0.1
v -0.5 2.3 -0.4
v -0.4 2.3 -0.4
v -0.0999999 2.3 -0.4
v 0.3 2.3 -0.4
v 0.4 2.3 -0.4
v -0.4 2.3 -0.5
v -0.0999999 2.3 -0.5
v 0.3 2.3 -0.5
v -0.4 2.4 0.3
v -0.3 2.4 0.3
v 0.2 2.4 0.3
v 0.3 2.4 0.3
v -0.4 2.4 0.2
v -0.3 2.4 0.2
v 0.2 2.4 0.2
v 0.3 2.4 0.2
v -0.4 2.4 -0.3
v -0.3 2.4 -0.3
v 0.2 2.4 -0.3
v 0.3 2.4 -0.3
v -0.4 2.4 -0.4
v -0.3 2.4 -0.4
v 0.2 2.4 -0.4
v 0.3 2.4 -0.4
v -0.3 2.5 0.3
v 2.38419e-07 2.5 0.3
v 0.2 2.5 0.3
v -0.4 2.5 0.2
v -0.3 2.5 0.2
v 2.38419e-07 2.5 0.2
v 0.2 2.5 0.2
v 0.3 2.5 0.2
v -0.4 2.5 -0.1
v -0.3 2.5 -0.1
v 0.2 2.5 -0.1
v 0.3 2.5 -0.1
v -0.4 2.5 -0.3
v -0.3 2.5 -0.3
v -0.0999999 2.5 -0.3
v 0.2 2.5 -0.3
v 0.3 2.5 -0.3
v -0.3 2.5 -0.4
v -0.0999999 2.5 -0.4
v 0.2 2.5 -0.4
v -0.3 2.7 0.2
v 2.38419e-07 2.7 0.2
v 0.2 2.7 0.2
v -0.2 2.7 0.0999999
v 2.38419e-07 2.7 0.0999999
v 0.1 2.7 0.0999999
v -0.2 2.7 0
v -0.3 2.7 -0.1
v -0.2 2.7 -0.1
v 0.1 2.7 -0.1
v 0.2 2.7 -0.1
v -0.2 2.7 -0.2
v -0.0999999 2.7 -0.2
v 0.1 2.7 -0.2
v -0.3 2.7 -0.3
v -0.0999999 2.7 -0.3
v 0.2 2.7 -0.3
v -0.2 2.8 0.0999999
v -0.0999999 2.8 0.0999999
v 2.38419e-07 2.8 0.0999999
v 0.1 2.8 0.0999999
v -0.2 2.8 0
v -0.0999999 2.8 0
v 2.38419e-07 2.8 0
v 0.1 2.8 0
v -0.2 2.8 -0.1
v -0.0999999 2.8 -0.1
v 2.38419e-07 2.8 -0.1
v 0.1 2.8 -0.1
v -0.2 2.8 -0.2
v -0.0999999 2.8 -0.2
v 2.38419e-07 2.8 -0.2
v 0.1 2.8 -0.2
v -0.0999999 3.1 0.0999999
v 2.38419e-07 3.1 0.0999999
v -0.2 3.1 0
v -0.0999999 3.1 0
v 2.38419e-07 3.1 0
v 0.1 3.1 0
v -0.2 3.1 -0.1
v -0.0999999 3.1 -0.1
v 2.38419e-07 3.1 -0.1
v 0.1 3.1 -0.1
v -0.0999999 3.1 -0.2
v 2.38419e-07 3.1 -0.2
v -0.0999999 3.4 0
v 2.38419e-07 3.4 0
v -0.0999999 3.4 -0.1
v 2.38419e-07 3.4 -0.1

# faces
f 6/2/1 2/2/1 1/2/1
f 7/2/1 2/2/1 6/2/1
f 8/2/1 4/2/1 3/2/1
f 9/2/1 4/2/1 8/2/1
f 11/2/1 7/2/1 6/2/1
f 11/2/1 10/2/1 9/2/1
f 11/2/1 9/2/1 8/2/1
f 11/2/1 8/2/1 7/2/1
f 11/2/1 6/2/1 5/2/1
f 12/2/1 10/2/1 11/2/1
f 13/2/1 11/2/1 5/2/1
f 14/2/1 11/2/1 13/2/1
f 15/2/1 10/2/1 12/2/1
f 16/2/1 10/2/1 15/2/1
f 21/2/1 18/2/1 17/2/1
f 24/2/1 20/2/1 19/2/1
f 25/2/1 22/2/1 21/2/1
f 25/2/1 21/2/1 17/2/1
f 26/2/1 22/2/1 25/2/1
f 27/2/1 24/2/1 23/2/1
f 28/2/1 20/2/1 24/2/1
f 28/2/1 24/2/1 27/2/1
f 33/2/1 30/2/1 29/2/1
f 34/2/1 32/2/1 31/2/1
f 37/1/1 36/1/1 35/1/1
f 38/1/1 36/1/1 37/1/1
f 39/2/1 32/2/1 34/2/1
f 40/2/1 32/2/1 39/2/1
f 41/2/1 33/2/1 29/2/1
f 42/2/1 33/2/1 41/2/1
f 47/2/1 44/2/1 43/2/1
f 50/2/1 46/2/1 45/2/1
f 51/2/1 48/2/1 47/2/1
f 51/2/1 47/2/1 43/2/1
f 52/2/1 48/2/1 51/2/1
f 57/2/1 50/2/1 49/2/1
f 57/2/1 46/2/1 50/2/1
f 58/2/1 46/2/1 57/2/1
f 61/1/1 54/1/1 53/1/1
f 62/1/1 54/1/1 61/1/1
f 63/1/1 56/1/1 55/1/1
f 64/1/1 56/1/1 63/1/1
f 67/2/1 57/2/1 49/2/1
f 68/2/1 57/2/1 67/2/1
f 69/2/1 48/2/1 52/2/1
f 70/2/1 48/2/1 69/2/1
f 71/1/1 60/1/1 59/1/1
f 72/1/1 60/1/1 71/1/1
f 73/1/1 66/1/1 65/1/1
f 74/1/1 66/1/1 73/1/1
f 79/2/1 76/2/1 75/2/1
f 80/2/1 76/2/1 79/2/1
f 81/2/1 78/2/1 77/2/1
f 82/2/1 78/2/1 81/2/1
f 87/1/1 84/1/1 83/1/1
f 88/1/1 84/1/1 87/1/1
f 89/1/1 86/1/1 85/1/1
f 90/1/1 86/1/1 89/1/1
f 99/2/1 92/2/1 91/2/1
f 100/2/1 92/2/1 99/2/1
f 101/3/1 96/3/1 95/3/1
f 102/3/1 96/3/1 101/3/1
f 103/3/1 98/3/1 97/3/1
f 104/3/1 98/3/1 103/3/1
f 105/2/1 94/2/1 93/2/1
f 106/2/1 94/2/1 105/2/1
f 113/1/1 108/1/1 107/1/1
f 114/1/1 108/1/1 113/1/1
f 115/1/1 110/1/1 109/1/1
f 116/1/1 110/1/1 115/1/1
f 117/1/1 112/1/1 111/1/1
f 118/1/1 112/1/1 117/1/1
f 127/2/1 120/2/1 119/2/1
f 128/3/1 124/3/1 123/3/1
f 129/3/1 124/3/1 128/3/1
f 130/3/1 126/3/1 125/3/1
f 131/3/1 126/3/1 130/3/1
f 132/2/1 122/2/1 121/2/1
f 133/2/1 127/2/1 119/2/1
f 134/2/1 127/2/1 133/2/1
f 143/2/1 122/2/1 132/2/1
f 144/2/1 122/2/1 143/2/1
f 145/3/1 136/3/1 135/3/1
f 146/3/1 136/3/1 145/3/1
f 149/1/1 138/1/1 137/1/1
f 150/1/1 138/1/1 149/1/1
f 151/1/1 140/1/1 139/1/1
f 152/1/1 140/1/1 151/1/1
f 156/3/1 142/3/1 141/3/1
f 157/3/1 142/3/1 156/3/1
f 158/3/1 147/3/1 146/3/1
f 159/1/1 148/1/1 147/1/1
f 159/3/1 147/3/1 158/3/1
f 160/1/1 148/1/1 159/1/1
f 161/1/1 155/1/1 154/1/1
f 161/1/1 154/1/1 153/1/1
f 162/3/1 156/3/1 155/3/1
f 162/1/1 155/1/1 161/1/1
f 163/3/1 156/3/1 162/3/1
f 172/3/1 167/3/1 166/3/1
f 173/3/1 167/3/1 172/3/1
f 178/3/1 169/3/1 168/3/1
f 179/3/1 169/3/1 178/3/1
f 180/2/1 165/2/1 164/2/1
f 181/3/1 175/3/1 174/3/1
f 182/3/1 175/3/1 181/3/1
f 185/3/1 177/3/1 176/3/1
f 186/3/1 177/3/1 185/3/1
f 187/2/1 171/2/1 170/2/1
f 188/2/1 180/2/1 164/2/1
f 189/2/1 180/2/1 188/2/1
f 190/3/1 183/3/1 182/3/1
f 191/3/1 183/3/1 190/3/1
f 198/3/1 185/3/1 184/3/1
f 199/3/1 185/3/1 198/3/1
f 200/2/1 171/2/1 187/2/1
f 201/2/1 171/2/1 200/2/1
f 205/1/1 193/1/1 192/1/1
f 206/1/1 193/1/1 205/1/1
f 207/1/1 195/1/1 194/1/1
f 208/1/1 195/1/1 207/1/1
f 209/1/1 197/1/1 196/1/1
f 210/1/1 197/1/1 209/1/1
f 214/3/1 204/3/1 203/3/1
f 214/3/1 203/3/1 202/3/1
f 215/3/1 204/3/1 214/3/1
f 216/3/1 213/3/1 212/3/1
f 216/3/1 212/3/1 211/3/1
f 217/3/1 213/3/1 216/3/1
f 226/3/1 223/3/1 222/3/1
f 227/3/1 223/3/1 226/3/1
f 228/3/1 225/3/1 224/3/1
f 229/3/1 225/3/1 228/3/1
f 230/2/1 219/2/1 218/2/1
f 231/2/1 219/2/1 230/2/1
f 240/2/1 221/2/1 220/2/1
f 241/2/1 221/2/1 240/2/1
f 242/3/1 233/3/1 232/3/1
f 243/3/1 233/3/1 242/3/1
f 244/1/1 235/1/1 234/1/1
f 245/1/1 235/1/1 244/1/1
f 246/1/1 237/1/1 236/1/1
f 247/1/1 237/1/1 246/1/1
f 248/3/1 239/3/1 238/3/1
f 249/3/1 239/3/1 248/3/1
f 250/1/1 246/1/1 245/1/1
f 251/1/1 246/1/1 250/1/1
f 261/3/1 255/3/1 254/3/1
f 262/3/1 255/3/1 261/3/1
f 264/3/1 259/3/1 258/3/1
f 269/3/1 261/3/1 260/3/1
f 271/2/1 253/2/1 252/2/1
f 272/2/1 253/2/1 271/2/1
f 273/3/1 264/3/1 263/3/1
f 274/3/1 259/3/1 264/3/1
f 274/3/1 264/3/1 273/3/1
f 275/3/1 266/3/1 265/3/1
f 276/3/1 266/3/1 275/3/1
f 279/3/1 268/3/1 267/3/1
f 280/3/1 268/3/1 279/3/1
f 281/3/1 270/3/1 269/3/1
f 281/3/1 269/3/1 260/3/1
f 282/3/1 270/3/1 281/3/1
f 283/2/1 257/2/1 256/2/1
f 284/2/1 257/2/1 283/2/1
f 285/3/1 277/3/1 276/3/1
f 286/3/1 277/3/1 285/3/1
f 295/3/1 279/3/1 278/3/1
f 296/3/1 279/3/1 295/3/1
f 297/1/1 288/1/1 287/1/1
f 298/1/1 288/1/1 297/1/1
f 299/1/1 290/1/1 289/1/1
f 300/1/1 290/1/1 299/1/1
f 301/1/1 292/1/1 291/1/1
f 302/1/1 292/1/1 301/1/1
f 303/1/1 294/1/1 293/1/1
f 304/1/1 294/1/1 303/1/1
f 309/2/1 306/2/1 305/2/1
f 315/2/1 308/2/1 307/2/1
f 316/1/1 311/1/1 310/1/1
f 317/3/1 312/3/1 311/3/1
f 317/1/1 311/1/1 316/1/1
f 322/3/1 314/3/1 313/3/1
f 323/3/1 314/3/1 322/3/1
f 324/2/1 309/2/1 305/2/1
f 325/2/1 309/2/1 324/2/1
f 326/3/1 312/3/1 317/3/1
f 327/3/1 312/3/1 326/3/1
f 328/3/1 319/3/1 318/3/1
f 331/3/1 321/3/1 320/3/1
f 332/2/1 308/2/1 315/2/1
f 333/2/1 308/2/1 332/2/1
f 334/3/1 329/3/1 328/3/1
f 334/3/1 328/3/1 318/3/1
f 335/3/1 329/3/1 334/3/1
f 342/3/1 331/3/1 330/3/1
f 343/3/1 321/3/1 331/3/1
f 343/3/1 331/3/1 342/3/1
f 344/3/1 337/3/1 336/3/1
f 345/3/1 337/3/1 344/3/1
f 350/3/1 339/3/1 338/3/1
f 351/3/1 339/3/1 350/3/1
f 352/3/1 341/3/1 340/3/1
f 353/3/1 341/3/1 352/3/1
f 354/1/1 347/1/1 346/1/1
f 355/1/1 347/1/1 354/1/1
f 356/1/1 349/1/1 348/1/1
f 357/1/1 349/1/1 356/1/1
f 358/1/1 356/1/1 355/1/1
f 359/1/1 356/1/1 358/1/1
f 364/2/1 361/2/1 360/2/1
f 365/2/1 363/2/1 362/2/1
f 368/2/1 364/2/1 360/2/1
f 369/2/1 364/2/1 368/2/1
f 370/1/1 367/1/1 366/1/1
f 371/1/1 367/1/1 370/1/1
f 372/2/1 363/2/1 365/2/1
f 373/2/1 363/2/1 372/2/1
f 382/3/1 375/3/1 374/3/1
f 383/3/1 375/3/1 382/3/1
f 384/3/1 377/3/1 376/3/1
f 385/3/1 377/3/1 384/3/1
f 386/3/1 379/3/1 378/3/1
f 387/3/1 379/3/1 386/3/1
f 388/3/1 381/3/1 380/3/1
f 389/3/1 381/3/1 388/3/1
f 394/1/1 391/1/1 390/1/1
f 395/1/1 391/1/1 394/1/1
f 396/1/1 393/1/1 392/1/1
f 397/1/1 393/1/1 396/1/1
f 398/1/1 396/1/1 395/1/1
f 399/1/1 396/1/1 398/1/1
f 408/2/1 401/2/1 400/2/1
f 409/2/1 401/2/1 408/2/1
f 410/1/1 405/1/1 404/1/1
f 411/1/1 405/1/1 410/1/1
f 416/1/1 407/1/1 406/1/1
f 417/1/1 407/1/1 416/1/1
f 418/2/1 403/2/1 402/2/1
f 419/2/1 403/2/1 418/2/1
f 420/1/1 413/1/1 412/1/1
f 421/1/1 413/1/1 420/1/1
f 422/1/1 415/1/1 414/1/1
f 423/1/1 415/1/1 422/1/1
f 430/3/1 425/3/1 424/3/1
f 431/3/1 425/3/1 430/3/1
f 432/3/1 427/3/1 426/3/1
f 433/3/1 427/3/1 432/3/1
f 436/3/1 429/3/1 428/3/1
f 437/3/1 429/3/1 436/3/1
f 442/3/1 435/3/1 434/3/1
f 443/3/1 435/3/1 442/3/1
f 444/3/1 439/3/1 438/3/1
f 445/3/1 439/3/1 444/3/1
f 450/3/1 441/3/1 440/3/1
f 451/3/1 441/3/1 450/3/1
f 452/3/1 446/3/1 445/3/1
f 453/1/1 447/1/1 446/1/1
f 453/3/1 446/3/1 452/3/1
f 454/1/1 447/1/1 453/1/1
f 455/1/1 449/1/1 448/1/1
f 456/3/1 450/3/1 449/3/1
f 456/1/1 449/1/1 455/1/1
f 457/3/1 450/3/1 456/3/1
f 458/1/1 455/1/1 454/1/1
f 459/1/1 455/1/1 458/1/1
f 464/1/1 461/1/1 460/1/1
f 465/1/1 461/1/1 464/1/1
f 466/1/1 463/1/1 462/1/1
f 467/1/1 463/1/1 466/1/1
f 476/3/1 469/3/1 468/3/1
f 477/3/1 469/3/1 476/3/1
f 478/3/1 471/3/1 470/3/1
f 479/3/1 471/3/1 478/3/1
f 482/3/1 473/3/1 472/3/1
f 483/3/1 473/3/1 482/3/1
f 484/3/1 475/3/1 474/3/1
f 485/3/1 475/3/1 484/3/1
f 486/3/1 480/3/1 479/3/1
f 487/3/1 480/3/1 486/3/1
f 490/3/1 482/3/1 481/3/1
f 491/3/1 482/3/1 490/3/1
f 492/3/1 488/3/1 487/3/1
f 493/3/1 488/3/1 492/3/1
f 498/3/1 490/3/1 489/3/1
f 499/3/1 490/3/1 498/3/1
f 500/3/1 494/3/1 493/3/1
f 501/1/1 495/1/1 494/1/1
f 501/3/1 494/3/1 500/3/1
f 502/1/1 495/1/1 501/1/1
f 503/3/1 497/3/1 496/3/1
f 503/3/1 498/3/1 497/3/1
f 504/3/1 498/3/1 503/3/1
f 505/1/1 503/1/1 502/1/1
f 506/1/1 503/1/1 505/1/1
f 507/1/1 503/1/1 506/1/1
f 508/1/1 503/1/1 507/1/1
f 509/1/1 507/1/1 506/1/1
f 510/1/1 507/1/1 509/1/1
f 519/2/1 512/2/1 511/2/1
f 520/2/1 512/2/1 519/2/1
f 521/1/1 516/1/1 515/1/1
f 522/1/1 516/1/1 521/1/1
f 527/1/1 518/1/1 517/1/1
f 528/1/1 518/1/1 527/1/1
f 529/2/1 514/2/1 513/2/1
f 530/2/1 514/2/1 529/2/1
f 531/1/1 524/1/1 523/1/1
f 532/1/1 524/1/1 531/1/1
f 533/1/1 526/1/1 525/1/1
f 534/1/1 526/1/1 533/1/1
f 539/1/1 536/1/1 535/1/1
f 540/1/1 536/1/1 539/1/1
f 549/1/1 538/1/1 537/1/1
f 550/1/1 538/1/1 549/1/1
f 551/3/1 542/3/1 541/3/1
f 552/3/1 542/3/1 551/3/1
f 553/3/1 544/3/1 543/3/1
f 554/3/1 544/3/1 553/3/1
f 557/3/1 546/3/1 545/3/1
f 558/3/1 546/3/1 557/3/1
f 559/3/1 548/3/1 547/3/1
f 560/3/1 548/3/1 559/3/1
f 561/3/1 555/3/1 554/3/1
f 562/3/1 555/3/1 561/3/1
f 565/3/1 557/3/1 556/3/1
f 566/3/1 557/3/1 565/3/1
f 567/3/1 563/3/1 562/3/1
f 568/3/1 563/3/1 567/3/1
f 571/3/1 565/3/1 564/3/1
f 572/3/1 565/3/1 571/3/1
f 573/3/1 569/3/1 568/3/1
f 574/3/1 569/3/1 573/3/1
f 578/3/1 571/3/1 570/3/1
f 579/3/1 571/3/1 578/3/1
f 580/3/1 575/3/1 574/3/1
f 581/1/1 576/1/1 575/1/1
f 581/3/1 575/3/1 580/3/1
f 582/1/1 576/1/1 581/1/1
f 585/3/1 578/3/1 577/3/1
f 586/3/1 578/3/1 585/3/1
f 587/1/1 583/1/1 582/1/1
f 588/1/1 583/1/1 587/1/1
f 589/1/1 585/1/1 584/1/1
f 590/1/1 585/1/1 589/1/1
f 591/1/1 589/1/1 588/1/1
f 592/1/1 589/1/1 591/1/1
f 598/1/1 594/1/1 593/1/1
f 599/1/1 594/1/1 598/1/1
f 602/1/1 596/1/1 595/1/1
f 603/1/1 596/1/1 602/1/1
f 605/1/1 600/1/1 599/1/1
f 605/2/1 598/2/1 597/2/1
f 605/1/1 599/1/1 598/1/1
f 606/1/1 600/1/1 605/1/1
f 609/1/1 603/1/1 602/1/1
f 609/1/1 602/1/1 601/1/1
f 610/2/1 604/2/1 603/2/1
f 610/1/1 603/1/1 609/1/1
f 611/2/1 604/2/1 610/2/1
f 612/2/1 605/2/1 597/2/1
f 613/2/1 605/2/1 612/2/1
f 614/1/1 607/1/1 606/1/1
f 615/1/1 607/1/1 614/1/1
f 624/1/1 609/1/1 608/1/1
f 625/1/1 609/1/1 624/1/1
f 626/1/1 616/1/1 615/1/1
f 627/1/1 616/1/1 626/1/1
f 628/1/1 618/1/1 617/1/1
f 629/3/1 619/3/1 618/3/1
f 629/1/1 618/1/1 628/1/1
f 630/3/1 619/3/1 629/3/1
f 635/3/1 621/3/1 620/3/1
f 636/1/1 622/1/1 621/1/1
f 636/3/1 621/3/1 635/3/1
f 637/1/1 622/1/1 636/1/1
f 638/1/1 624/1/1 623/1/1
f 639/1/1 624/1/1 638/1/1
f 640/3/1 632/3/1 631/3/1
f 641/3/1 632/3/1 640/3/1
f 644/3/1 634/3/1 633/3/1
f 645/3/1 634/3/1 644/3/1
f 646/3/1 642/3/1 641/3/1
f 647/3/1 642/3/1 646/3/1
f 650/3/1 644/3/1 643/3/1
f 651/3/1 644/3/1 650/3/1
f 652/3/1 648/3/1 647/3/1
f 653/3/1 648/3/1 652/3/1
f 656/3/1 650/3/1 649/3/1
f 657/3/1 650/3/1 656/3/1
f 658/3/1 654/3/1 653/3/1
f 659/3/1 654/3/1 658/3/1
f 662/3/1 656/3/1 655/3/1
f 663/3/1 656/3/1 662/3/1
f 664/3/1 660/3/1 659/3/1
f 665/3/1 660/3/1 664/3/1
f 669/3/1 662/3/1 661/3/1
f 670/3/1 662/3/1 669/3/1
f 671/3/1 667/3/1 666/3/1
f 671/3/1 666/3/1 665/3/1
f 672/3/1 667/3/1 671/3/1
f 675/3/1 669/3/1 668/3/1
f 676/3/1 669/3/1 675/3/1
f 677/1/1 673/1/1 672/1/1
f 678/1/1 673/1/1 677/1/1
f 679/1/1 675/1/1 674/1/1
f 680/1/1 675/1/1 679/1/1
f 681/1/1 679/1/1 678/1/1
f 682/1/1 679/1/1 681/1/1
f 691/2/1 686/2/1 685/2/1
f 692/2/1 686/2/1 691/2/1
f 693/2/1 684/2/1 683/2/1
f 694/2/1 684/2/1 693/2/1
f 695/1/1 688/1/1 687/1/1
f 696/1/1 688/1/1 695/1/1
f 705/1/1 690/1/1 689/1/1
f 706/1/1 690/1/1 705/1/1
f 707/1/1 698/1/1 697/1/1
f 708/1/1 698/1/1 707/1/1
f 709/3/1 700/3/1 699/3/1
f 710/3/1 700/3/1 709/3/1
f 711/1/1 702/1/1 701/1/1
f 712/1/1 702/1/1 711/1/1
f 713/1/1 704/1/1 703/1/1
f 714/1/1 704/1/1 713/1/1
f 719/3/1 716/3/1 715/3/1
f 720/3/1 716/3/1 719/3/1
f 723/3/1 718/3/1 717/3/1
f 724/3/1 718/3/1 723/3/1
f 725/3/1 721/3/1 720/3/1
f 726/3/1 721/3/1 725/3/1
f 729/3/1 723/3/1 722/3/1
f 730/3/1 723/3/1 729/3/1
f 731/3/1 727/3/1 726/3/1
f 732/3/1 727/3/1 731/3/1
f 735/3/1 729/3/1 728/3/1
f 736/3/1 729/3/1 735/3/1
f 737/3/1 733/3/1 732/3/1
f 738/3/1 733/3/1 737/3/1
f 741/3/1 735/3/1 734/3/1
f 742/3/1 735/3/1 741/3/1
f 743/3/1 739/3/1 738/3/1
f 744/3/1 739/3/1 743/3/1
f 747/3/1 741/3/1 740/3/1
f 748/3/1 741/3/1 747/3/1
f 749/3/1 745/3/1 744/3/1
f 750/3/1 745/3/1 749/3/1
f 754/3/1 747/3/1 746/3/1
f 755/3/1 747/3/1 754/3/1
f 756/1/1 753/1/1 752/1/1
f 756/3/1 754/3/1 753/3/1
f 757/3/1 754/3/1 756/3/1
f 758/1/1 751/1/1 750/1/1
f 759/1/1 751/1/1 758/1/1
f 760/1/1 756/1/1 752/1/1
f 760/1/1 757/1/1 756/1/1
f 761/1/1 757/1/1 760/1/1
f 762/1/1 760/1/1 759/1/1
f 763/1/1 760/1/1 762/1/1
f 768/3/1 765/3/1 764/3/1
f 769/3/1 765/3/1 768/3/1
f 772/3/1 767/3/1 766/3/1
f 773/3/1 767/3/1 772/3/1
f 774/3/1 770/3/1 769/3/1
f 775/3/1 770/3/1 774/3/1
f 778/3/1 772/3/1 771/3/1
f 779/3/1 772/3/1 778/3/1
f 780/3/1 776/3/1 775/3/1
f 781/3/1 776/3/1 780/3/1
f 784/3/1 778/3/1 777/3/1
f 785/3/1 778/3/1 784/3/1
f 786/3/1 782/3/1 781/3/1
f 787/3/1 782/3/1 786/3/1
f 790/3/1 784/3/1 783/3/1
f 791/3/1 784/3/1 790/3/1
f 792/3/1 788/3/1 787/3/1
f 793/3/1 788/3/1 792/3/1
f 796/3/1 790/3/1 789/3/1
f 797/3/1 790/3/1 796/3/1
f 798/3/1 794/3/1 793/3/1
f 799/3/1 794/3/1 798/3/1
f 802/3/1 796/3/1 795/3/1
f 803/3/1 796/3/1 802/3/1
f 804/3/1 802/3/1 801/3/1
f 805/3/1 800/3/1 799/3/1
f 806/3/1 800/3/1 805/3/1
f 809/3/1 802/3/1 804/3/1
f 810/3/1 802/3/1 809/3/1
f 811/1/1 807/1/1 806/1/1
f 812/1/1 809/1/1 808/1/1
f 813/1/1 811/1/1 806/1/1
f 813/1/1 812/1/1 811/1/1
f 814/1/1 812/1/1 813/1/1
f 815/1/1 809/1/1 812/1/1
f 815/1/1 812/1/1 814/1/1
f 816/1/1 809/1/1 815/1/1
f 817/1/1 815/1/1 814/1/1
f 818/1/1 815/1/1 817/1/1
f 823/1/1 820/1/1 819/1/1
f 824/1/1 820/1/1 823/1/1
f 827/1/1 822/1/1 821/1/1
f 828/1/1 822/1/1 827/1/1
f 829/1/1 825/1/1 824/1/1
f 830/1/1 825/1/1 829/1/1
f 833/1/1 827/1/1 826/1/1
f 834/1/1 827/1/1 833/1/1
f 835/1/1 831/1/1 830/1/1
f 836/1/1 831/1/1 835/1/1
f 839/1/1 833/1/1 832/1/1
f 840/1/1 833/1/1 839/1/1
f 841/3/1 837/3/1 836/3/1
f 842/3/1 837/3/1 841/3/1
f 845/3/1 839/3/1 838/3/1
f 846/3/1 839/3/1 845/3/1
f 847/3/1 843/3/1 842/3/1
f 848/3/1 843/3/1 847/3/1
f 851/3/1 845/3/1 844/3/1
f 852/3/1 845/3/1 851/3/1
f 853/3/1 849/3/1 848/3/1
f 854/3/1 849/3/1 853/3/1
f 857/3/1 851/3/1 850/3/1
f 858/3/1 851/3/1 857/3/1
f 859/3/1 855/3/1 854/3/1
f 860/3/1 855/3/1 859/3/1
f 863/3/1 857/3/1 856/3/1
f 864/3/1 857/3/1 863/3/1
f 865/3/1 861/3/1 860/3/1
f 866/3/1 861/3/1 865/3/1
f 869/3/1 863/3/1 862/3/1
f 870/3/1 863/3/1 869/3/1
f 871/3/1 867/3/1 866/3/1
f 872/3/1 867/3/1 871/3/1
f 873/3/1 869/3/1 868/3/1
f 874/3/1 869/3/1 873/3/1
f 883/2/1 878/2/1 877/2/1
f 884/2/1 876/2/1 875/2/1
f 885/2/1 876/2/1 884/2/1
f 886/1/1 880/1/1 879/1/1
f 887/1/1 880/1/1 886/1/1
f 890/1/1 882/1/1 881/1/1
f 891/1/1 882/1/1 890/1/1
f 892/2/1 878/2/1 883/2/1
f 893/2/1 878/2/1 892/2/1
f 894/1/1 888/1/1 887/1/1
f 895/1/1 888/1/1 894/1/1
f 896/1/1 888/1/1 895/1/1
f 903/1/1 890/1/1 889/1/1
f 904/1/1 890/1/1 903/1/1
f 905/1/1 890/1/1 904/1/1
f 906/1/1 896/1/1 895/1/1
f 906/1/1 897/1/1 896/1/1
f 907/1/1 897/1/1 906/1/1
f 908/1/1 899/1/1 898/1/1
f 909/1/1 899/1/1 908/1/1
f 912/1/1 901/1/1 900/1/1
f 913/1/1 901/1/1 912/1/1
f 914/1/1 904/1/1 903/1/1
f 914/1/1 903/1/1 902/1/1
f 915/1/1 904/1/1 914/1/1
f 916/1/1 910/1/1 909/1/1
f 917/1/1 910/1/1 916/1/1
f 920/1/1 912/1/1 911/1/1
f 921/1/1 912/1/1 920/1/1
f 922/1/1 918/1/1 917/1/1
f 923/1/1 918/1/1 922/1/1
f 926/1/1 920/1/1 919/1/1
f 927/1/1 920/1/1 926/1/1
f 928/1/1 924/1/1 923/1/1
f 929/1/1 924/1/1 928/1/1
f 932/1/1 926/1/1 925/1/1
f 933/1/1 926/1/1 932/1/1
f 934/1/1 930/1/1 929/1/1
f 935/1/1 930/1/1 934/1/1
f 938/1/1 932/1/1 931/1/1
f 939/1/1 932/1/1 938/1/1
f 940/3/1 936/3/1 935/3/1
f 941/3/1 936/3/1 940/3/1
f 944/3/1 938/3/1 937/3/1
f 945/3/1 938/3/1 944/3/1
f 946/3/1 942/3/1 941/3/1
f 947/3/1 942/3/1 946/3/1
f 950/3/1 944/3/1 943/3/1
f 951/3/1 944/3/1 950/3/1
f 952/3/1 948/3/1 947/3/1
f 953/3/1 948/3/1 952/3/1
f 960/3/1 950/3/1 949/3/1
f 961/3/1 950/3/1 960/3/1
f 962/2/1 956/2/1 955/2/1
f 963/2/1 956/2/1 962/2/1
f 964/2/1 958/2/1 957/2/1
f 965/2/1 958/2/1 964/2/1
f 966/3/1 954/3/1 953/3/1
f 967/3/1 954/3/1 966/3/1
f 971/3/1 960/3/1 959/3/1
f 972/3/1 960/3/1 971/3/1
f 973/3/1 969/3/1 968/3/1
f 974/1/1 970/1/1 969/1/1
f 974/3/1 969/3/1 973/3/1
f 975/1/1 970/1/1 974/1/1
f 980/1/1 977/1/1 976/1/1
f 981/1/1 977/1/1 980/1/1
f 984/1/1 979/1/1 978/1/1
f 985/1/1 979/1/1 984/1/1
f 986/1/1 982/1/1 981/1/1
f 987/1/1 982/1/1 986/1/1
f 990/1/1 984/1/1 983/1/1
f 991/1/1 984/1/1 990/1/1
f 992/1/1 988/1/1 987/1/1
f 993/1/1 988/1/1 992/1/1
f 996/1/1 990/1/1 989/1/1
f 997/1/1 990/1/1 996/1/1
f 998/1/1 994/1/1 993/1/1
f 999/1/1 994/1/1 998/1/1
f 1002/1/1 996/1/1 995/1/1
f 1003/1/1 996/1/1 1002/1/1
f 1004/1/1 1000/1/1 999/1/1
f 1005/1/1 1000/1/1 1004/1/1
f 1008/1/1 1002/1/1 1001/1/1
f 1009/1/1 1002/1/1 1008/1/1
f 1010/1/1 1006/1/1 1005/1/1
f 1011/1/1 1006/1/1 1010/1/1
f 1014/1/1 1008/1/1 1007/1/1
f 1015/1/1 1008/1/1 1014/1/1
f 1016/1/1 1012/1/1 1011/1/1
f 1017/1/1 1012/1/1 1016/1/1
f 1020/1/1 1014/1/1 1013/1/1
f 1021/1/1 1014/1/1 1020/1/1
f 1022/1/1 1018/1/1 1017/1/1
f 1023/1/1 1018/1/1 1022/1/1
f 1026/1/1 1020/1/1 1019/1/1
f 1027/1/1 1020/1/1 1026/1/1
f 1028/3/1 1024/3/1 1023/3/1
f 1029/3/1 1024/3/1 1028/3/1
f 1036/3/1 1026/3/1 1025/3/1
f 1037/3/1 1026/3/1 1036/3/1
f 1038/2/1 1032/2/1 1031/2/1
f 1039/2/1 1032/2/1 1038/2/1
f 1040/2/1 1034/2/1 1033/2/1
f 1041/2/1 1034/2/1 1040/2/1
f 1042/3/1 1030/3/1 1029/3/1
f 1047/3/1 1036/3/1 1035/3/1
f 1048/3/1 1042/3/1 1029/3/1
f 1049/3/1 1042/3/1 1048/3/1
f 1050/3/1 1044/3/1 1043/3/1
f 1051/3/1 1044/3/1 1050/3/1
f 1052/3/1 1044/3/1 1051/3/1
f 1054/1/1 1046/1/1 1045/1/1
f 1055/1/1 1046/1/1 1054/1/1
f 1056/1/1 1046/1/1 1055/1/1
f 1057/3/1 1036/3/1 1047/3/1
f 1058/3/1 1036/3/1 1057/3/1
f 1059/3/1 1053/3/1 1052/3/1
f 1059/3/1 1052/3/1 1051/3/1
f 1060/1/1 1055/1/1 1054/1/1
f 1060/3/1 1053/3/1 1059/3/1
f 1060/1/1 1054/1/1 1053/1/1
f 1061/1/1 1055/1/1 1060/1/1
f 1066/1/1 1063/1/1 1062/1/1
f 1067/1/1 1063/1/1 1066/1/1
f 1068/1/1 1065/1/1 1064/1/1
f 1069/1/1 1065/1/1 1068/1/1
f 1074/1/1 1071/1/1 1070/1/1
f 1075/1/1 1071/1/1 1074/1/1
f 1078/1/1 1073/1/1 1072/1/1
f 1079/1/1 1073/1/1 1078/1/1
f 1080/1/1 1076/1/1 1075/1/1
f 1081/1/1 1076/1/1 1080/1/1
f 1084/1/1 1078/1/1 1077/1/1
f 1085/1/1 1078/1/1 1084/1/1
f 1086/1/1 1082/1/1 1081/1/1
f 1087/1/1 1082/1/1 1086/1/1
f 1090/1/1 1084/1/1 1083/1/1
f 1091/1/1 1084/1/1 1090/1/1
f 1092/1/1 1088/1/1 1087/1/1
f 1093/1/1 1088/1/1 1092/1/1
f 1096/1/1 1090/1/1 1089/1/1
f 1097/1/1 1090/1/1 1096/1/1
f 1098/1/1 1094/1/1 1093/1/1
f 1099/1/1 1094/1/1 1098/1/1
f 1102/1/1 1096/1/1 1095/1/1
f 1103/1/1 1096/1/1 1102/1/1
f 1104/1/1 1100/1/1 1099/1/1
f 1105/1/1 1100/1/1 1104/1/1
f 1108/1/1 1102/1/1 1101/1/1
f 1109/1/1 1102/1/1 1108/1/1
f 1110/1/1 1106/1/1 1105/1/1
f 1111/1/1 1106/1/1 1110/1/1
f 1118/1/1 1108/1/1 1107/1/1
f 1119/1/1 1108/1/1 1118/1/1
f 1120/2/1 1114/2/1 1113/2/1
f 1121/2/1 1114/2/1 1120/2/1
f 1122/2/1 1116/2/1 1115/2/1
f 1123/2/1 1116/2/1 1122/2/1
f 1124/3/1 1112/3/1 1111/3/1
f 1125/3/1 1112/3/1 1124/3/1
f 1130/1/1 1118/1/1 1117/1/1
f 1131/1/1 1118/1/1 1130/1/1
f 1132/3/1 1127/3/1 1126/3/1
f 1133/3/1 1127/3/1 1132/3/1
f 1136/1/1 1129/1/1 1128/1/1
f 1137/1/1 1129/1/1 1136/1/1
f 1138/3/1 1134/3/1 1133/3/1
f 1139/3/1 1134/3/1 1138/3/1
f 1141/1/1 1136/1/1 1135/1/1
f 1142/1/1 1136/1/1 1141/1/1
f 1143/3/1 1140/3/1 1139/3/1
f 1144/1/1 1141/1/1 1140/1/1
f 1144/3/1 1140/3/1 1143/3/1
f 1145/1/1 1141/1/1 1144/1/1
f 1150/2/1 1147/2/1 1146/2/1
f 1155/2/1 1149/2/1 1148/2/1
f 1156/1/1 1152/1/1 1151/1/1
f 1157/1/1 1152/1/1 1156/1/1
f 1162/1/1 1154/1/1 1153/1/1
f 1163/1/1 1154/1/1 1162/1/1
f 1164/2/1 1150/2/1 1146/2/1
f 1165/2/1 1150/2/1 1164/2/1
f 1166/1/1 1159/1/1 1158/1/1
f 1167/1/1 1159/1/1 1166/1/1
f 1172/1/1 1161/1/1 1160/1/1
f 1173/1/1 1161/1/1 1172/1/1
f 1174/2/1 1149/2/1 1155/2/1
f 1175/2/1 1149/2/1 1174/2/1
f 1176/1/1 1169/1/1 1168/1/1
f 1177/1/1 1169/1/1 1176/1/1
f 1180/1/1 1171/1/1 1170/1/1
f 1181/1/1 1171/1/1 1180/1/1
f 1182/1/1 1179/1/1 1178/1/1
f 1183/1/1 1179/1/1 1182/1/1
f 1188/1/1 1185/1/1 1184/1/1
f 1189/1/1 1185/1/1 1188/1/1
f 1192/1/1 1187/1/1 1186/1/1
f 1193/1/1 1187/1/1 1192/1/1
f 1194/1/1 1190/1/1 1189/1/1
f 1195/1/1 1190/1/1 1194/1/1
f 1198/1/1 1192/1/1 1191/1/1
f 1199/1/1 1192/1/1 1198/1/1
f 1200/1/1 1196/1/1 1195/1/1
f 1201/1/1 1196/1/1 1200/1/1
f 1204/1/1 1198/1/1 1197/1/1
f 1205/1/1 1198/1/1 1204/1/1
f 1206/1/1 1202/1/1 1201/1/1
f 1207/1/1 1202/1/1 1206/1/1
f 1210/1/1 1204/1/1 1203/1/1
f 1211/1/1 1204/1/1 1210/1/1
f 1212/1/1 1208/1/1 1207/1/1
f 1213/1/1 1208/1/1 1212/1/1
f 1216/1/1 1210/1/1 1209/1/1
f 1217/1/1 1210/1/1 1216/1/1
f 1218/1/1 1214/1/1 1213/1/1
f 1219/1/1 1214/1/1 1218/1/1
f 1222/1/1 1216/1/1 1215/1/1
f 1223/1/1 1216/1/1 1222/1/1
f 1224/1/1 1220/1/1 1219/1/1
f 1225/1/1 1220/1/1 1224/1/1
f 1232/1/1 1222/1/1 1221/1/1
f 1233/1/1 1222/1/1 1232/1/1
f 1234/2/1 1228/2/1 1227/2/1
f 1235/2/1 1228/2/1 1234/2/1
f 1236/2/1 1230/2/1 1229/2/1
f 1237/2/1 1230/2/1 1236/2/1
f 1238/1/1 1226/1/1 1225/1/1
f 1239/1/1 1226/1/1 1238/1/1
f 1244/1/1 1232/1/1 1231/1/1
f 1245/1/1 1232/1/1 1244/1/1
f 1246/3/1 1241/3/1 1240/3/1
f 1247/3/1 1241/3/1 1246/3/1
f 1250/1/1 1243/1/1 1242/1/1
f 1251/1/1 1243/1/1 1250/1/1
f 1252/3/1 1248/3/1 1247/3/1
f 1253/3/1 1248/3/1 1252/3/1
f 1256/1/1 1250/1/1 1249/1/1
f 1257/1/1 1250/1/1 1256/1/1
f 1258/3/1 1254/3/1 1253/3/1
f 1259/3/1 1254/3/1 1258/3/1
f 1261/1/1 1256/1/1 1255/1/1
f 1262/1/1 1256/1/1 1261/1/1
f 1263/3/1 1260/3/1 1259/3/1
f 1264/1/1 1261/1/1 1260/1/1
f 1264/3/1 1260/3/1 1263/3/1
f 1265/1/1 1261/1/1 1264/1/1
f 1268/1/1 1267/1/1 1266/1/1
f 1269/1/1 1267/1/1 1268/1/1
f 1274/2/1 1271/2/1 1270/2/1
f 1275/2/1 1271/2/1 1274/2/1
f 1276/2/1 1273/2/1 1272/2/1
f 1277/2/1 1273/2/1 1276/2/1
f 1282/3/1 1279/3/1 1278/3/1
f 1283/3/1 1279/3/1 1282/3/1
f 1286/1/1 1281/1/1 1280/1/1
f 1287/1/1 1281/1/1 1286/1/1
f 1288/3/1 1284/3/1 1283/3/1
f 1289/3/1 1284/3/1 1288/3/1
f 1292/1/1 1286/1/1 1285/1/1
f 1293/1/1 1286/1/1 1292/1/1
f 1294/3/1 1290/3/1 1289/3/1
f 1295/3/1 1290/3/1 1294/3/1
f 1299/1/1 1292/1/1 1291/1/1
f 1300/1/1 1292/1/1 1299/1/1
f 1301/3/1 1297/3/1 1296/3/1
f 1302/1/1 1298/1/1 1297/1/1
f 1302/3/1 1297/3/1 1301/3/1
f 1303/1/1 1298/1/1 1302/1/1
f 1306/1/1 1305/1/1 1304/1/1
f 1307/1/1 1305/1/1 1306/1/1
f 1310/1/1 1309/1/1 1308/1/1
f 1311/1/1 1309/1/1 1310/1/1
f 1315/1/1 1312/1/1 1311/1/1
f 1316/1/1 1312/1/1 1315/1/1
f 1319/1/1 1314/1/1 1313/1/1
f 1320/1/1 1314/1/1 1319/1/1
f 1321/1/1 1317/1/1 1316/1/1
f 1322/1/1 1317/1/1 1321/1/1
f 1325/1/1 1319/1/1 1318/1/1
f 1326/1/1 1319/1/1 1325/1/1
f 1327/1/1 1323/1/1 1322/1/1
f 1328/1/1 1323/1/1 1327/1/1
f 1331/1/1 1325/1/1 1324/1/1
f 1332/1/1 1325/1/1 1331/1/1
f 1333/1/1 1329/1/1 1328/1/1
f 1334/1/1 1329/1/1 1333/1/1
f 1337/1/1 1331/1/1 1330/1/1
f 1338/1/1 1331/1/1 1337/1/1
f 1339/1/1 1335/1/1 1334/1/1
f 1340/1/1 1335/1/1 1339/1/1
f 1343/1/1 1337/1/1 1336/1/1
f 1344/1/1 1337/1/1 1343/1/1
f 1345/1/1 1341/1/1 1340/1/1
f 1346/1/1 1341/1/1 1345/1/1
f 1349/1/1 1343/1/1 1342/1/1
f 1350/1/1 1343/1/1 1349/1/1
f 1351/1/1 1347/1/1 1346/1/1
f 1352/1/1 1347/1/1 1351/1/1
f 1355/1/1 1349/1/1 1348/1/1
f 1356/1/1 1349/1/1 1355/1/1
f 1357/1/1 1353/1/1 1352/1/1
f 1358/1/1 1353/1/1 1357/1/1
f 1363/1/1 1355/1/1 1354/1/1
f 1364/1/1 1355/1/1 1363/1/1
f 1365/3/1 1360/3/1 1359/3/1
f 1366/3/1 1360/3/1 1365/3/1
f 1367/1/1 1362/1/1 1361/1/1
f 1368/1/1 1362/1/1 1367/1/1
f 1373/3/1 1370/3/1 1369/3/1
f 1374/3/1 1370/3/1 1373/3/1
f 1376/1/1 1372/1/1 1371/1/1
f 1377/1/1 1372/1/1 1376/1/1
f 1378/3/1 1375/3/1 1374/3/1
f 1379/3/1 1375/3/1 1378/3/1
f 1380/1/1 1376/1/1 1375/1/1
f 1381/1/1 1376/1/1 1380/1/1
f 1382/3/1 1375/3/1 1379/3/1
f 1383/1/1 1380/1/1 1375/1/1
f 1383/3/1 1375/3/1 1382/3/1
f 1384/1/1 1380/1/1 1383/1/1
f 1387/1/1 1386/1/1 1385/1/1
f 1388/1/1 1386/1/1 1387/1/1
f 1393/2/1 1390/2/1 1389/2/1
f 1394/2/1 1390/2/1 1393/2/1
f 1395/2/1 1392/2/1 1391/2/1
f 1396/2/1 1392/2/1 1395/2/1
f 1401/3/1 1398/3/1 1397/3/1
f 1402/3/1 1398/3/1 1401/3/1
f 1404/1/1 1400/1/1 1399/1/1
f 1405/1/1 1400/1/1 1404/1/1
f 1406/3/1 1403/3/1 1402/3/1
f 1407/1/1 1404/1/1 1403/1/1
f 1407/3/1 1403/3/1 1406/3/1
f 1408/1/1 1404/1/1 1407/1/1
f 1413/2/1 1410/2/1 1409/2/1
f 1414/2/1 1410/2/1 1413/2/1
f 1416/2/1 1412/2/1 1411/2/1
f 1417/2/1 1412/2/1 1416/2/1
f 1418/1/1 1415/1/1 1414/1/1
f 1419/1/1 1415/1/1 1418/1/1
f 1422/1/1 1421/1/1 1420/1/1
f 1423/1/1 1421/1/1 1422/1/1
f 1425/1/1 1424/1/1 1423/1/1
f 1426/1/1 1424/1/1 1425/1/1
f 1428/1/1 1427/1/1 1426/1/1
f 1429/1/1 1427/1/1 1428/1/1
f 1431/1/1 1430/1/1 1429/1/1
f 1432/1/1 1430/1/1 1431/1/1
f 1434/1/1 1433/1/1 1432/1/1
f 1435/1/1 1433/1/1 1434/1/1
f 1437/1/1 1436/1/1 1435/1/1
f 1438/1/1 1436/1/1 1437/1/1
f 1440/1/1 1439/1/1 1438/1/1
f 1441/1/1 1439/1/1 1440/1/1
f 1446/3/1 1443/3/1 1442/3/1
f 1447/1/1 1445/1/1 1444/1/1
f 1447/3/1 1443/3/1 1446/3/1
f 1447/1/1 1444/1/1 1443/1/1
f 1448/1/1 1445/1/1 1447/1/1
f 1449/1/1 1445/1/1 1448/1/1
f 1450/1/1 1448/1/1 1447/1/1
f 1451/1/1 1448/1/1 1450/1/1
f 1454/1/1 1453/1/1 1452/1/1
f 1455/1/1 1453/1/1 1454/1/1
f 1458/1/1 1457/1/1 1456/1/1
f 1459/1/1 1457/1/1 1458/1/1
f 1462/1/1 1461/1/1 1460/1/1
f 1463/1/1 1461/1/1 1462/1/1
f 1465/1/1 1464/1/1 1463/1/1
f 1466/1/1 1464/1/1 1465/1/1
f 1469/1/1 1468/1/1 1467/1/1
f 1470/1/1 1468/1/1 1469/1/1
f 1472/1/1 1471/1/1 1470/1/1
f 1473/1/1 1471/1/1 1472/1/1
f 1477/1/1 1474/1/1 1473/1/1
f 1478/1/1 1474/1/1 1477/1/1
f 1481/2/1 1476/2/1 1475/2/1
f 1482/2/1 1476/2/1 1481/2/1
f 1484/1/1 1479/1/1 1478/1/1
f 1485/1/1 1479/1/1 1484/1/1
f 1486/2/1 1481/2/1 1480/2/1
f 1487/2/1 1481/2/1 1486/2/1
f 1488/2/1 1483/2/1 1482/2/1
f 1489/2/1 1483/2/1 1488/2/1
f 1494/1/1 1491/1/1 1490/1/1
f 1495/1/1 1491/1/1 1494/1/1
f 1496/1/1 1493/1/1 1492/1/1
f 1497/1/1 1493/1/1 1496/1/1
f 1498/2/1 1488/2/1 1487/2/1
f 1499/2/1 1488/2/1 1498/2/1
f 1500/2/1 1499/2/1 1498/2/1
f 1501/2/1 1499/2/1 1500/2/1
f 1506/3/1 1503/3/1 1502/3/1
f 1507/3/1 1503/3/1 1506/3/1
f 1508/3/1 1505/3/1 1504/3/1
f 1509/3/1 1505/3/1 1508/3/1
f 1510/2/1 1508/2/1 1507/2/1
f 1511/2/1 1508/2/1 1510/2/1
f 1516/2/1 1513/2/1 1512/2/1
f 1517/2/1 1513/2/1 1516/2/1
f 1518/2/1 1515/2/1 1514/2/1
f 1519/2/1 1515/2/1 1518/2/1
f 1524/1/1 1521/1/1 1520/1/1
f 1525/1/1 1521/1/1 1524/1/1
f 1526/3/1 1523/3/1 1522/3/1
f 1527/3/1 1523/3/1 1526/3/1
f 1532/2/1 1529/2/1 1528/2/1
f 1533/2/1 1529/2/1 1532/2/1
f 1534/2/1 1531/2/1 1530/2/1
f 1535/2/1 1531/2/1 1534/2/1
f 1539/1/1 1537/1/1 1536/1/1
f 1540/1/1 1537/1/1 1539/1/1
f 1541/3/1 1538/3/1 1537/3/1
f 1541/1/1 1537/1/1 1540/1/1
f 1542/3/1 1538/3/1 1541/3/1
f 1543/1/1 1541/1/1 1540/1/1
f 1544/1/1 1541/1/1 1543/1/1
f 1547/3/1 1546/3/1 1545/3/1
f 1548/3/1 1546/3/1 1547/3/1
f 1553/3/1 1550/3/1 1549/3/1
f 1554/3/1 1550/3/1 1553/3/1
f 1557/3/1 1552/3/1 1551/3/1
f 1558/3/1 1552/3/1 1557/3/1
f 1559/3/1 1555/3/1 1554/3/1
f 1560/3/1 1555/3/1 1559/3/1
f 1561/3/1 1557/3/1 1556/3/1
f 1562/3/1 1557/3/1 1561/3/1
f 1567/3/1 1564/3/1 1563/3/1
f 1568/3/1 1564/3/1 1567/3/1
f 1573/3/1 1566/3/1 1565/3/1
f 1574/3/1 1566/3/1 1573/3/1
f 1575/2/1 1570/2/1 1569/2/1
f 1576/2/1 1570/2/1 1575/2/1
f 1577/2/1 1572/2/1 1571/2/1
f 1578/2/1 1572/2/1 1577/2/1
f 1582/1/1 1580/1/1 1579/1/1
f 1583/3/1 1581/3/1 1580/3/1
f 1583/1/1 1580/1/1 1582/1/1
f 1584/3/1 1581/3/1 1583/3/1
f 1590/2/1 1586/2/1 1585/2/1
f 1591/3/1 1587/3/1 1586/3/1
f 1591/2/1 1586/2/1 1590/2/1
f 1592/3/1 1587/3/1 1591/3/1
f 1597/3/1 1589/3/1 1588/3/1
f 1598/3/1 1589/3/1 1597/3/1
f 1599/2/1 1591/2/1 1590/2/1
f 1600/2/1 1591/2/1 1599/2/1
f 1601/3/1 1594/3/1 1593/3/1
f 1602/3/1 1594/3/1 1601/3/1
f 1611/3/1 1596/3/1 1595/3/1
f 1612/3/1 1596/3/1 1611/3/1
f 1613/3/1 1604/3/1 1603/3/1
f 1614/3/1 1604/3/1 1613/3/1
f 1615/3/1 1606/3/1 1605/3/1
f 1616/3/1 1606/3/1 1615/3/1
f 1617/3/1 1606/3/1 1616/3/1
f 1620/3/1 1608/3/1 1607/3/1
f 1621/3/1 1608/3/1 1620/3/1
f 1622/3/1 1608/3/1 1621/3/1
f 1623/3/1 1610/3/1 1609/3/1
f 1624/3/1 1610/3/1 1623/3/1
f 1625/3/1 1618/3/1 1617/3/1
f 1625/3/1 1617/3/1 1616/3/1
f 1626/3/1 1618/3/1 1625/3/1
f 1627/3/1 1618/3/1 1626/3/1
f 1630/3/1 1621/3/1 1620/3/1
f 1630/3/1 1620/3/1 1619/3/1
f 1631/3/1 1621/3/1 1630/3/1
f 1632/3/1 1621/3/1 1631/3/1
f 1633/3/1 1628/3/1 1627/3/1
f 1633/3/1 1627/3/1 1626/3/1
f 1634/3/1 1628/3/1 1633/3/1
f 1635/3/1 1628/3/1 1634/3/1
f 1638/3/1 1631/3/1 1630/3/1
f 1638/3/1 1630/3/1 1629/3/1
f 1639/3/1 1631/3/1 1638/3/1
f 1640/3/1 1631/3/1 1639/3/1
f 1641/3/1 1636/3/1 1635/3/1
f 1641/3/1 1635/3/1 1634/3/1
f 1642/3/1 1636/3/1 1641/3/1
f 1643/3/1 1636/3/1 1642/3/1
f 1646/3/1 1639/3/1 1638/3/1
f 1646/3/1 1638/3/1 1637/3/1
f 1647/3/1 1639/3/1 1646/3/1
f 1648/3/1 1639/3/1 1647/3/1
f 1649/3/1 1644/3/1 1643/3/1
f 1649/3/1 1643/3/1 1642/3/1
f 1650/3/1 1644/3/1 1649/3/1
f 1651/3/1 1644/3/1 1650/3/1
f 1654/3/1 1647/3/1 1646/3/1
f 1654/3/1 1646/3/1 1645/3/1
f 1655/3/1 1647/3/1 1654/3/1
f 1656/3/1 1647/3/1 1655/3/1
f 1657/3/1 1652/3/1 1651/3/1
f 1657/3/1 1651/3/1 1650/3/1
f 1658/3/1 1652/3/1 1657/3/1
f 1661/3/1 1655/3/1 1654/3/1
f 1661/3/1 1654/3/1 1653/3/1
f 1662/3/1 1655/3/1 1661/3/1
f 1663/3/1 1659/3/1 1658/3/1
f 1664/3/1 1659/3/1 1663/3/1
f 1665/3/1 1661/3/1 1660/3/1
f 1666/3/1 1661/3/1 1665/3/1
f 1671/3/1 1668/3/1 1667/3/1
f 1672/3/1 1668/3/1 1671/3/1
f 1673/3/1 1670/3/1 1669/3/1
f 1674/3/1 1670/3/1 1673/3/1
f 1679/3/1 1676/3/1 1675/3/1
f 1680/3/1 1676/3/1 1679/3/1
f 1683/3/1 1678/3/1 1677/3/1
f 1684/3/1 1678/3/1 1683/3/1
f 1685/1/1 1681/1/1 1680/1/1
f 1686/1/1 1681/1/1 1685/1/1
f 1689/3/1 1683/3/1 1682/3/1
f 1690/3/1 1683/3/1 1689/3/1
f 1691/1/1 1687/1/1 1686/1/1
f 1692/1/1 1687/1/1 1691/1/1
f 1693/3/1 1689/3/1 1688/3/1
f 1694/3/1 1689/3/1 1693/3/1
f 1699/1/1 1696/1/1 1695/1/1
f 1700/1/1 1696/1/1 1699/1/1
f 1702/3/1 1698/3/1 1697/3/1
f 1703/3/1 1698/3/1 1702/3/1
f 1704/1/1 1701/1/1 1700/1/1
f 1705/3/1 1702/3/1 1701/3/1
f 1705/1/1 1701/1/1 1704/1/1
f 1706/3/1 1702/3/1 1705/3/1
f 1713/2/1 1708/2/1 1707/2/1
f 1714/2/1 1708/2/1 1713/2/1
f 1715/3/1 1710/3/1 1709/3/1
f 1716/3/1 1710/3/1 1715/3/1
f 1721/3/1 1712/3/1 1711/3/1
f 1722/3/1 1712/3/1 1721/3/1
f 1723/3/1 1718/3/1 1717/3/1
f 1724/3/1 1718/3/1 1723/3/1
f 1733/3/1 1720/3/1 1719/3/1
f 1734/3/1 1720/3/1 1733/3/1
f 1735/3/1 1726/3/1 1725/3/1
f 1736/3/1 1726/3/1 1735/3/1
f 1737/3/1 1728/3/1 1727/3/1
f 1738/3/1 1728/3/1 1737/3/1
f 1739/3/1 1730/3/1 1729/3/1
f 1740/3/1 1730/3/1 1739/3/1
f 1741/3/1 1732/3/1 1731/3/1
f 1742/3/1 1732/3/1 1741/3/1
f 1747/3/1 1744/3/1 1743/3/1
f 1748/3/1 1744/3/1 1747/3/1
f 1749/3/1 1746/3/1 1745/3/1
f 1750/3/1 1746/3/1 1749/3/1
f 1755/3/1 1752/3/1 1751/3/1
f 1756/3/1 1752/3/1 1755/3/1
f 1761/3/1 1754/3/1 1753/3/1
f 1762/3/1 1754/3/1 1761/3/1
f 1763/2/1 1758/2/1 1757/2/1
f 1764/2/1 1758/2/1 1763/2/1
f 1765/2/1 1760/2/1 1759/2/1
f 1766/2/1 1760/2/1 1765/2/1
f 1771/1/1 1768/1/1 1767/1/1
f 1772/1/1 1768/1/1 1771/1/1
f 1775/3/1 1770/3/1 1769/3/1
f 1776/3/1 1770/3/1 1775/3/1
f 1777/1/1 1773/1/1 1772/1/1
f 1778/1/1 1773/1/1 1777/1/1
f 1782/3/1 1775/3/1 1774/3/1
f 1783/3/1 1775/3/1 1782/3/1
f 1784/1/1 1780/1/1 1779/1/1
f 1785/3/1 1781/3/1 1780/3/1
f 1785/1/1 1780/1/1 1784/1/1
f 1786/3/1 1781/3/1 1785/3/1
f 1791/3/1 1788/3/1 1787/3/1
f 1792/3/1 1788/3/1 1791/3/1
f 1797/2/1 1790/2/1 1789/2/1
f 1798/2/1 1790/2/1 1797/2/1
f 1801/3/1 1794/3/1 1793/3/1
f 1802/3/1 1794/3/1 1801/3/1
f 1803/3/1 1796/3/1 1795/3/1
f 1804/3/1 1796/3/1 1803/3/1
f 1807/3/1 1800/3/1 1799/3/1
f 1808/3/1 1800/3/1 1807/3/1
f 1813/3/1 1806/3/1 1805/3/1
f 1814/3/1 1806/3/1 1813/3/1
f 1815/3/1 1810/3/1 1809/3/1
f 1816/3/1 1810/3/1 1815/3/1
f 1819/3/1 1812/3/1 1811/3/1
f 1820/3/1 1812/3/1 1819/3/1
f 1821/3/1 1817/3/1 1816/3/1
f 1822/3/1 1817/3/1 1821/3/1
f 1825/3/1 1819/3/1 1818/3/1
f 1826/3/1 1819/3/1 1825/3/1
f 1827/3/1 1823/3/1 1822/3/1
f 1828/3/1 1823/3/1 1827/3/1
f 1831/3/1 1825/3/1 1824/3/1
f 1832/3/1 1825/3/1 1831/3/1
f 1833/3/1 1829/3/1 1828/3/1
f 1834/3/1 1829/3/1 1833/3/1
f 1837/3/1 1831/3/1 1830/3/1
f 1838/3/1 1831/3/1 1837/3/1
f 1839/3/1 1835/3/1 1834/3/1
f 1840/3/1 1835/3/1 1839/3/1
f 1843/3/1 1837/3/1 1836/3/1
f 1844/3/1 1837/3/1 1843/3/1
f 1845/3/1 1841/3/1 1840/3/1
f 1846/3/1 1841/3/1 1845/3/1
f 1849/3/1 1843/3/1 1842/3/1
f 1850/3/1 1843/3/1 1849/3/1
f 1851/3/1 1847/3/1 1846/3/1
f 1856/3/1 1849/3/1 1848/3/1
f 1857/3/1 1851/3/1 1846/3/1
f 1858/3/1 1851/3/1 1857/3/1
f 1859/2/1 1853/2/1 1852/2/1
f 1860/2/1 1853/2/1 1859/2/1
f 1861/2/1 1855/2/1 1854/2/1
f 1862/2/1 1855/2/1 1861/2/1
f 1863/3/1 1849/3/1 1856/3/1
f 1864/3/1 1849/3/1 1863/3/1
f 1865/1/1 1859/1/1 1858/1/1
f 1866/1/1 1859/1/1 1865/1/1
f 1869/3/1 1863/3/1 1862/3/1
f 1870/3/1 1863/3/1 1869/3/1
f 1871/1/1 1867/1/1 1866/1/1
f 1872/1/1 1867/1/1 1871/1/1
f 1875/3/1 1869/3/1 1868/3/1
f 1876/3/1 1869/3/1 1875/3/1
f 1877/1/1 1873/1/1 1872/1/1
f 1878/1/1 1873/1/1 1877/1/1
f 1880/3/1 1875/3/1 1874/3/1
f 1881/3/1 1875/3/1 1880/3/1
f 1882/1/1 1879/1/1 1878/1/1
f 1883/3/1 1880/3/1 1879/3/1
f 1883/1/1 1879/1/1 1882/1/1
f 1884/3/1 1880/3/1 1883/3/1
f 1889/3/1 1886/3/1 1885/3/1
f 1890/3/1 1886/3/1 1889/3/1
f 1893/3/1 1888/3/1 1887/3/1
f 1894/3/1 1888/3/1 1893/3/1
f 1895/3/1 1891/3/1 1890/3/1
f 1896/3/1 1891/3/1 1895/3/1
f 1899/3/1 1893/3/1 1892/3/1
f 1900/3/1 1893/3/1 1899/3/1
f 1901/3/1 1897/3/1 1896/3/1
f 1902/3/1 1897/3/1 1901/3/1
f 1905/3/1 1899/3/1 1898/3/1
f 1906/3/1 1899/3/1 1905/3/1
f 1907/3/1 1903/3/1 1902/3/1
f 1908/3/1 1903/3/1 1907/3/1
f 1911/3/1 1905/3/1 1904/3/1
f 1912/3/1 1905/3/1 1911/3/1
f 1913/3/1 1909/3/1 1908/3/1
f 1914/3/1 1909/3/1 1913/3/1
f 1917/3/1 1911/3/1 1910/3/1
f 1918/3/1 1911/3/1 1917/3/1
f 1919/3/1 1915/3/1 1914/3/1
f 1920/3/1 1915/3/1 1919/3/1
f 1923/3/1 1917/3/1 1916/3/1
f 1924/3/1 1917/3/1 1923/3/1
f 1925/3/1 1921/3/1 1920/3/1
f 1926/3/1 1921/3/1 1925/3/1
f 1929/3/1 1923/3/1 1922/3/1
f 1930/3/1 1923/3/1 1929/3/1
f 1931/3/1 1927/3/1 1926/3/1
f 1932/3/1 1927/3/1 1931/3/1
f 1935/3/1 1929/3/1 1928/3/1
f 1936/3/1 1929/3/1 1935/3/1
f 1937/3/1 1933/3/1 1932/3/1
f 1942/3/1 1935/3/1 1934/3/1
f 1943/3/1 1937/3/1 1932/3/1
f 1944/3/1 1937/3/1 1943/3/1
f 1945/2/1 1939/2/1 1938/2/1
f 1946/2/1 1939/2/1 1945/2/1
f 1947/2/1 1941/2/1 1940/2/1
f 1948/2/1 1941/2/1 1947/2/1
f 1949/3/1 1935/3/1 1942/3/1
f 1950/3/1 1935/3/1 1949/3/1
f 1952/1/1 1945/1/1 1944/1/1
f 1953/1/1 1945/1/1 1952/1/1
f 1956/3/1 1949/3/1 1948/3/1
f 1957/3/1 1949/3/1 1956/3/1
f 1959/3/1 1952/3/1 1951/3/1
f 1960/3/1 1952/3/1 1959/3/1
f 1961/1/1 1954/1/1 1953/1/1
f 1962/1/1 1954/1/1 1961/1/1
f 1963/1/1 1954/1/1 1962/1/1
f 1965/3/1 1956/3/1 1955/3/1
f 1966/3/1 1956/3/1 1965/3/1
f 1967/3/1 1956/3/1 1966/3/1
f 1968/3/1 1958/3/1 1957/3/1
f 1969/3/1 1958/3/1 1968/3/1
f 1970/1/1 1964/1/1 1963/1/1
f 1970/1/1 1963/1/1 1962/1/1
f 1971/3/1 1966/3/1 1965/3/1
f 1971/1/1 1964/1/1 1970/1/1
f 1971/3/1 1965/3/1 1964/3/1
f 1972/3/1 1966/3/1 1971/3/1
f 1977/3/1 1974/3/1 1973/3/1
f 1978/3/1 1974/3/1 1977/3/1
f 1981/3/1 1976/3/1 1975/3/1
f 1982/3/1 1976/3/1 1981/3/1
f 1983/3/1 1979/3/1 1978/3/1
f 1984/3/1 1979/3/1 1983/3/1
f 1987/3/1 1981/3/1 1980/3/1
f 1988/3/1 1981/3/1 1987/3/1
f 1989/3/1 1985/3/1 1984/3/1
f 1990/3/1 1985/3/1 1989/3/1
f 1993/3/1 1987/3/1 1986/3/1
f 1994/3/1 1987/3/1 1993/3/1
f 1995/3/1 1991/3/1 1990/3/1
f 1996/3/1 1991/3/1 1995/3/1
f 1999/3/1 1993/3/1 1992/3/1
f 2000/3/1 1993/3/1 1999/3/1
f 2001/3/1 1997/3/1 1996/3/1
f 2002/3/1 1997/3/1 2001/3/1
f 2005/3/1 1999/3/1 1998/3/1
f 2006/3/1 1999/3/1 2005/3/1
f 2007/3/1 2003/3/1 2002/3/1
f 2008/3/1 2003/3/1 2007/3/1
f 2011/3/1 2005/3/1 2004/3/1
f 2012/3/1 2005/3/1 2011/3/1
f 2013/3/1 2009/3/1 2008/3/1
f 2014/3/1 2009/3/1 2013/3/1
f 2017/3/1 2011/3/1 2010/3/1
f 2018/3/1 2011/3/1 2017/3/1
f 2019/1/1 2015/1/1 2014/1/1
f 2020/1/1 2015/1/1 2019/1/1
f 2023/3/1 2017/3/1 2016/3/1
f 2024/3/1 2017/3/1 2023/3/1
f 2025/1/1 2021/1/1 2020/1/1
f 2030/3/1 2023/3/1 2022/3/1
f 2031/1/1 2025/1/1 2020/1/1
f 2032/1/1 2025/1/1 2031/1/1
f 2033/2/1 2027/2/1 2026/2/1
f 2034/2/1 2027/2/1 2033/2/1
f 2035/2/1 2027/2/1 2034/2/1
f 2036/2/1 2029/2/1 2028/2/1
f 2037/2/1 2029/2/1 2036/2/1
f 2038/2/1 2029/2/1 2037/2/1
f 2039/3/1 2023/3/1 2030/3/1
f 2040/3/1 2023/3/1 2039/3/1
f 2041/1/1 2033/1/1 2032/1/1
f 2041/1/1 2034/1/1 2033/1/1
f 2042/1/1 2034/1/1 2041/1/1
f 2044/3/1 2038/3/1 2037/3/1
f 2044/3/1 2039/3/1 2038/3/1
f 2045/3/1 2039/3/1 2044/3/1
f 2046/1/1 2043/1/1 2042/1/1
f 2047/3/1 2044/3/1 2043/3/1
f 2047/1/1 2043/1/1 2046/1/1
f 2048/3/1 2044/3/1 2047/3/1
f 2053/2/1 2050/2/1 2049/2/1
f 2054/2/1 2052/2/1 2051/2/1
f 2055/2/1 2050/2/1 2053/2/1
f 2056/2/1 2050/2/1 2055/2/1
f 2061/2/1 2054/2/1 2051/2/1
f 2062/2/1 2054/2/1 2061/2/1
f 2063/3/1 2058/3/1 2057/3/1
f 2064/3/1 2058/3/1 2063/3/1
f 2067/3/1 2060/3/1 2059/3/1
f 2068/3/1 2060/3/1 2067/3/1
f 2069/3/1 2065/3/1 2064/3/1
f 2070/3/1 2065/3/1 2069/3/1
f 2077/3/1 2067/3/1 2066/3/1
f 2078/3/1 2067/3/1 2077/3/1
f 2079/3/1 2071/3/1 2070/3/1
f 2080/3/1 2071/3/1 2079/3/1
f 2081/3/1 2073/3/1 2072/3/1
f 2082/3/1 2073/3/1 2081/3/1
f 2085/3/1 2075/3/1 2074/3/1
f 2086/3/1 2075/3/1 2085/3/1
f 2087/3/1 2077/3/1 2076/3/1
f 2088/3/1 2077/3/1 2087/3/1
f 2089/3/1 2083/3/1 2082/3/1
f 2090/3/1 2083/3/1 2089/3/1
f 2093/3/1 2085/3/1 2084/3/1
f 2094/3/1 2085/3/1 2093/3/1
f 2095/3/1 2091/3/1 2090/3/1
f 2096/3/1 2091/3/1 2095/3/1
f 2099/3/1 2093/3/1 2092/3/1
f 2100/3/1 2093/3/1 2099/3/1
f 2101/3/1 2097/3/1 2096/3/1
f 2102/3/1 2097/3/1 2101/3/1
f 2105/3/1 2099/3/1 2098/3/1
f 2106/3/1 2099/3/1 2105/3/1
f 2107/3/1 2103/3/1 2102/3/1
f 2108/3/1 2103/3/1 2107/3/1
f 2111/3/1 2105/3/1 2104/3/1
f 2112/3/1 2105/3/1 2111/3/1
f 2113/1/1 2109/1/1 2108/1/1
f 2114/1/1 2109/1/1 2113/1/1
f 2117/3/1 2111/3/1 2110/3/1
f 2118/3/1 2111/3/1 2117/3/1
f 2119/1/1 2115/1/1 2114/1/1
f 2120/1/1 2115/1/1 2119/1/1
f 2123/1/1 2117/1/1 2116/1/1
f 2124/1/1 2117/1/1 2123/1/1
f 2125/1/1 2121/1/1 2120/1/1
f 2126/1/1 2121/1/1 2125/1/1
f 2129/1/1 2123/1/1 2122/1/1
f 2130/1/1 2123/1/1 2129/1/1
f 2131/1/1 2127/1/1 2126/1/1
f 2136/1/1 2129/1/1 2128/1/1
f 2137/1/1 2131/1/1 2126/1/1
f 2138/1/1 2131/1/1 2137/1/1
f 2140/2/1 2133/2/1 2132/2/1
f 2141/2/1 2133/2/1 2140/2/1
f 2142/2/1 2135/2/1 2134/2/1
f 2143/2/1 2135/2/1 2142/2/1
f 2145/1/1 2129/1/1 2136/1/1
f 2146/1/1 2129/1/1 2145/1/1
f 2147/1/1 2141/1/1 2140/1/1
f 2147/1/1 2140/1/1 2139/1/1
f 2147/1/1 2142/1/1 2141/1/1
f 2148/3/1 2144/3/1 2143/3/1
f 2148/1/1 2142/1/1 2147/1/1
f 2148/3/1 2143/3/1 2142/3/1
f 2149/3/1 2144/3/1 2148/3/1
f 2154/3/1 2151/3/1 2150/3/1
f 2155/3/1 2151/3/1 2154/3/1
f 2158/3/1 2153/3/1 2152/3/1
f 2159/3/1 2153/3/1 2158/3/1
f 2160/3/1 2156/3/1 2155/3/1
f 2161/3/1 2156/3/1 2160/3/1
f 2164/3/1 2158/3/1 2157/3/1
f 2165/3/1 2158/3/1 2164/3/1
f 2166/3/1 2162/3/1 2161/3/1
f 2167/3/1 2162/3/1 2166/3/1
f 2170/3/1 2164/3/1 2163/3/1
f 2171/3/1 2164/3/1 2170/3/1
f 2172/1/1 2168/1/1 2167/1/1
f 2173/1/1 2168/1/1 2172/1/1
f 2176/3/1 2170/3/1 2169/3/1
f 2177/3/1 2170/3/1 2176/3/1
f 2178/1/1 2174/1/1 2173/1/1
f 2179/1/1 2174/1/1 2178/1/1
f 2182/3/1 2176/3/1 2175/3/1
f 2183/3/1 2176/3/1 2182/3/1
f 2184/1/1 2180/1/1 2179/1/1
f 2185/1/1 2180/1/1 2184/1/1
f 2188/1/1 2182/1/1 2181/1/1
f 2189/1/1 2182/1/1 2188/1/1
f 2190/1/1 2186/1/1 2185/1/1
f 2191/1/1 2186/1/1 2190/1/1
f 2194/1/1 2188/1/1 2187/1/1
f 2195/1/1 2188/1/1 2194/1/1
f 2196/1/1 2192/1/1 2191/1/1
f 2199/1/1 2194/1/1 2193/1/1
f 2200/1/1 2197/1/1 2196/1/1
f 2200/1/1 2196/1/1 2191/1/1
f 2201/1/1 2197/1/1 2200/1/1
f 2202/1/1 2197/1/1 2201/1/1
f 2205/1/1 2199/1/1 2198/1/1
f 2206/1/1 2194/1/1 2199/1/1
f 2206/1/1 2199/1/1 2205/1/1
f 2207/1/1 2194/1/1 2206/1/1
f 2208/1/1 2203/1/1 2202/1/1
f 2208/1/1 2202/1/1 2201/1/1
f 2209/1/1 2203/1/1 2208/1/1
f 2210/1/1 2203/1/1 2209/1/1
f 2211/1/1 2205/1/1 2204/1/1
f 2211/1/1 2206/1/1 2205/1/1
f 2212/1/1 2206/1/1 2211/1/1
f 2213/1/1 2206/1/1 2212/1/1
f 2214/1/1 2210/1/1 2209/1/1
f 2215/1/1 2210/1/1 2214/1/1
f 2216/3/1 2212/3/1 2211/3/1
f 2217/3/1 2212/3/1 2216/3/1
f 2220/3/1 2219/3/1 2218/3/1
f 2221/3/1 2219/3/1 2220/3/1
f 2226/3/1 2223/3/1 2222/3/1
f 2227/3/1 2223/3/1 2226/3/1
f 2230/3/1 2225/3/1 2224/3/1
f 2231/3/1 2225/3/1 2230/3/1
f 2232/1/1 2228/1/1 2227/1/1
f 2233/1/1 2228/1/1 2232/1/1
f 2236/3/1 2230/3/1 2229/3/1
f 2237/3/1 2230/3/1 2236/3/1
f 2238/1/1 2234/1/1 2233/1/1
f 2239/1/1 2234/1/1 2238/1/1
f 2242/1/1 2236/1/1 2235/1/1
f 2243/1/1 2236/1/1 2242/1/1
f 2244/1/1 2240/1/1 2239/1/1
f 2245/1/1 2240/1/1 2244/1/1
f 2248/1/1 2242/1/1 2241/1/1
f 2249/1/1 2242/1/1 2248/1/1
f 2250/1/1 2246/1/1 2245/1/1
f 2251/1/1 2246/1/1 2250/1/1
f 2254/1/1 2248/1/1 2247/1/1
f 2255/1/1 2248/1/1 2254/1/1
f 2256/1/1 2252/1/1 2251/1/1
f 2257/1/1 2252/1/1 2256/1/1
f 2260/1/1 2254/1/1 2253/1/1
f 2261/1/1 2254/1/1 2260/1/1
f 2262/1/1 2258/1/1 2257/1/1
f 2263/1/1 2258/1/1 2262/1/1
f 2264/1/1 2258/1/1 2263/1/1
f 2267/1/1 2260/1/1 2259/1/1
f 2268/1/1 2260/1/1 2267/1/1
f 2269/1/1 2260/1/1 2268/1/1
f 2270/1/1 2265/1/1 2264/1/1
f 2270/1/1 2264/1/1 2263/1/1
f 2271/1/1 2265/1/1 2270/1/1
f 2272/1/1 2265/1/1 2271/1/1
f 2273/1/1 2268/1/1 2267/1/1
f 2273/1/1 2267/1/1 2266/1/1
f 2274/1/1 2268/1/1 2273/1/1
f 2275/1/1 2268/1/1 2274/1/1
f 2276/1/1 2272/1/1 2271/1/1
f 2277/3/1 2274/3/1 2273/3/1
f 2277/1/1 2272/1/1 2276/1/1
f 2277/3/1 2273/3/1 2272/3/1
f 2278/3/1 2274/3/1 2277/3/1
f 2279/3/1 2274/3/1 2278/3/1
f 2280/3/1 2278/3/1 2277/3/1
f 2281/3/1 2278/3/1 2280/3/1
f 2286/2/1 2283/2/1 2282/2/1
f 2289/2/1 2285/2/1 2284/2/1
f 2290/2/1 2286/2/1 2282/2/1
f 2291/3/1 2287/3/1 2286/3/1
f 2291/2/1 2286/2/1 2290/2/1
f 2292/3/1 2287/3/1 2291/3/1
f 2293/3/1 2289/3/1 2288/3/1
f 2294/2/1 2285/2/1 2289/2/1
f 2294/3/1 2289/3/1 2293/3/1
f 2295/2/1 2285/2/1 2294/2/1
f 2300/3/1 2297/3/1 2296/3/1
f 2301/3/1 2297/3/1 2300/3/1
f 2306/3/1 2299/3/1 2298/3/1
f 2307/3/1 2299/3/1 2306/3/1
f 2310/1/1 2303/1/1 2302/1/1
f 2311/1/1 2303/1/1 2310/1/1
f 2314/1/1 2305/1/1 2304/1/1
f 2315/1/1 2305/1/1 2314/1/1
f 2318/3/1 2309/3/1 2308/3/1
f 2319/3/1 2309/3/1 2318/3/1
f 2320/1/1 2312/1/1 2311/1/1
f 2321/1/1 2312/1/1 2320/1/1
f 2324/1/1 2314/1/1 2313/1/1
f 2325/1/1 2314/1/1 2324/1/1
f 2326/3/1 2317/3/1 2316/3/1
f 2327/3/1 2317/3/1 2326/3/1
f 2328/1/1 2322/1/1 2321/1/1
f 2329/1/1 2322/1/1 2328/1/1
f 2332/1/1 2324/1/1 2323/1/1
f 2333/1/1 2324/1/1 2332/1/1
f 2334/1/1 2330/1/1 2329/1/1
f 2335/1/1 2330/1/1 2334/1/1
f 2338/1/1 2332/1/1 2331/1/1
f 2339/1/1 2332/1/1 2338/1/1
f 2340/1/1 2336/1/1 2335/1/1
f 2341/1/1 2336/1/1 2340/1/1
f 2344/1/1 2338/1/1 2337/1/1
f 2345/1/1 2338/1/1 2344/1/1
f 2346/1/1 2342/1/1 2341/1/1
f 2347/1/1 2342/1/1 2346/1/1
f 2350/1/1 2344/1/1 2343/1/1
f 2351/1/1 2344/1/1 2350/1/1
f 2352/1/1 2348/1/1 2347/1/1
f 2353/1/1 2348/1/1 2352/1/1
f 2354/1/1 2350/1/1 2349/1/1
f 2355/1/1 2350/1/1 2354/1/1
f 2356/3/1 2354/3/1 2353/3/1
f 2357/3/1 2354/3/1 2356/3/1
f 2362/2/1 2359/2/1 2358/2/1
f 2363/2/1 2359/2/1 2362/2/1
f 2366/2/1 2361/2/1 2360/2/1
f 2367/2/1 2361/2/1 2366/2/1
f 2368/3/1 2364/3/1 2363/3/1
f 2369/3/1 2364/3/1 2368/3/1
f 2374/3/1 2366/3/1 2365/3/1
f 2375/3/1 2366/3/1 2374/3/1
f 2376/3/1 2371/3/1 2370/3/1
f 2377/3/1 2371/3/1 2376/3/1
f 2378/3/1 2371/3/1 2377/3/1
f 2381/3/1 2373/3/1 2372/3/1
f 2382/3/1 2373/3/1 2381/3/1
f 2383/3/1 2373/3/1 2382/3/1
f 2384/3/1 2379/3/1 2378/3/1
f 2384/3/1 2378/3/1 2377/3/1
f 2385/3/1 2379/3/1 2384/3/1
f 2390/3/1 2382/3/1 2381/3/1
f 2390/3/1 2381/3/1 2380/3/1
f 2391/3/1 2382/3/1 2390/3/1
f 2392/3/1 2387/3/1 2386/3/1
f 2393/3/1 2387/3/1 2392/3/1
f 2402/3/1 2389/3/1 2388/3/1
f 2403/3/1 2389/3/1 2402/3/1
f 2406/3/1 2395/3/1 2394/3/1
f 2407/3/1 2395/3/1 2406/3/1
f 2408/1/1 2397/1/1 2396/1/1
f 2409/1/1 2397/1/1 2408/1/1
f 2412/1/1 2399/1/1 2398/1/1
f 2413/1/1 2399/1/1 2412/1/1
f 2414/3/1 2401/3/1 2400/3/1
f 2415/3/1 2401/3/1 2414/3/1
f 2418/3/1 2405/3/1 2404/3/1
f 2419/3/1 2405/3/1 2418/3/1
f 2420/1/1 2410/1/1 2409/1/1
f 2421/1/1 2410/1/1 2420/1/1
f 2424/1/1 2412/1/1 2411/1/1
f 2425/1/1 2412/1/1 2424/1/1
f 2426/3/1 2417/3/1 2416/3/1
f 2427/3/1 2417/3/1 2426/3/1
f 2428/1/1 2422/1/1 2421/1/1
f 2429/1/1 2422/1/1 2428/1/1
f 2432/1/1 2424/1/1 2423/1/1
f 2433/1/1 2424/1/1 2432/1/1
f 2434/1/1 2430/1/1 2429/1/1
f 2435/1/1 2430/1/1 2434/1/1
f 2438/1/1 2432/1/1 2431/1/1
f 2439/1/1 2432/1/1 2438/1/1
f 2440/1/1 2436/1/1 2435/1/1
f 2441/1/1 2436/1/1 2440/1/1
f 2442/1/1 2438/1/1 2437/1/1
f 2443/1/1 2438/1/1 2442/1/1
f 2446/3/1 2445/3/1 2444/3/1
f 2447/3/1 2445/3/1 2446/3/1
f 2452/2/1 2449/2/1 2448/2/1
f 2453/2/1 2449/2/1 2452/2/1
f 2456/2/1 2451/2/1 2450/2/1
f 2457/2/1 2451/2/1 2456/2/1
f 2459/3/1 2454/3/1 2453/3/1
f 2460/3/1 2454/3/1 2459/3/1
f 2465/3/1 2456/3/1 2455/3/1
f 2466/3/1 2456/3/1 2465/3/1
f 2468/2/1 2459/2/1 2458/2/1
f 2469/2/1 2459/2/1 2468/2/1
f 2470/3/1 2462/3/1 2461/3/1
f 2471/3/1 2462/3/1 2470/3/1
f 2472/3/1 2464/3/1 2463/3/1
f 2473/3/1 2464/3/1 2472/3/1
f 2474/2/1 2467/2/1 2466/2/1
f 2475/2/1 2467/2/1 2474/2/1
f 2476/3/1 2462/3/1 2471/3/1
f 2477/3/1 2462/3/1 2476/3/1
f 2478/3/1 2472/3/1 2463/3/1
f 2479/3/1 2472/3/1 2478/3/1
f 2486/1/1 2481/1/1 2480/1/1
f 2487/1/1 2481/1/1 2486/1/1
f 2490/1/1 2483/1/1 2482/1/1
f 2491/1/1 2483/1/1 2490/1/1
f 2494/3/1 2485/3/1 2484/3/1
f 2495/3/1 2485/3/1 2494/3/1
f 2496/1/1 2488/1/1 2487/1/1
f 2497/1/1 2488/1/1 2496/1/1
f 2500/1/1 2490/1/1 2489/1/1
f 2501/1/1 2490/1/1 2500/1/1
f 2502/3/1 2493/3/1 2492/3/1
f 2503/3/1 2493/3/1 2502/3/1
f 2504/1/1 2498/1/1 2497/1/1
f 2505/1/1 2498/1/1 2504/1/1
f 2508/1/1 2500/1/1 2499/1/1
f 2509/1/1 2500/1/1 2508/1/1
f 2510/1/1 2506/1/1 2505/1/1
f 2511/1/1 2506/1/1 2510/1/1
f 2512/1/1 2508/1/1 2507/1/1
f 2513/1/1 2508/1/1 2512/1/1
f 2516/3/1 2515/3/1 2514/3/1
f 2517/3/1 2515/3/1 2516/3/1
f 2522/3/1 2519/3/1 2518/3/1
f 2523/3/1 2519/3/1 2522/3/1
f 2524/3/1 2521/3/1 2520/3/1
f 2525/3/1 2521/3/1 2524/3/1
f 2536/3/1 2527/3/1 2526/3/1
f 2537/1/1 2528/1/1 2527/1/1
f 2537/3/1 2527/3/1 2536/3/1
f 2538/1/1 2528/1/1 2537/1/1
f 2539/1/1 2530/1/1 2529/1/1
f 2540/1/1 2530/1/1 2539/1/1
f 2543/1/1 2532/1/1 2531/1/1
f 2544/1/1 2532/1/1 2543/1/1
f 2545/1/1 2534/1/1 2533/1/1
f 2546/3/1 2535/3/1 2534/3/1
f 2546/1/1 2534/1/1 2545/1/1
f 2547/3/1 2535/3/1 2546/3/1
f 2548/1/1 2541/1/1 2540/1/1
f 2549/1/1 2541/1/1 2548/1/1
f 2550/1/1 2541/1/1 2549/1/1
f 2553/1/1 2543/1/1 2542/1/1
f 2554/1/1 2543/1/1 2553/1/1
f 2555/1/1 2543/1/1 2554/1/1
f 2556/1/1 2551/1/1 2550/1/1
f 2556/1/1 2550/1/1 2549/1/1
f 2557/1/1 2551/1/1 2556/1/1
f 2558/1/1 2554/1/1 2553/1/1
f 2558/1/1 2553/1/1 2552/1/1
f 2559/1/1 2554/1/1 2558/1/1
f 2562/3/1 2561/3/1 2560/3/1
f 2563/3/1 2561/3/1 2562/3/1
f 2568/2/1 2565/2/1 2564/2/1
f 2569/2/1 2565/2/1 2568/2/1
f 2572/2/1 2567/2/1 2566/2/1
f 2573/2/1 2567/2/1 2572/2/1
f 2575/3/1 2570/3/1 2569/3/1
f 2576/3/1 2570/3/1 2575/3/1
f 2581/3/1 2572/3/1 2571/3/1
f 2582/3/1 2572/3/1 2581/3/1
f 2584/2/1 2575/2/1 2574/2/1
f 2585/2/1 2575/2/1 2584/2/1
f 2586/3/1 2578/3/1 2577/3/1
f 2587/3/1 2578/3/1 2586/3/1
f 2588/3/1 2580/3/1 2579/3/1
f 2589/3/1 2580/3/1 2588/3/1
f 2590/2/1 2583/2/1 2582/2/1
f 2591/2/1 2583/2/1 2590/2/1
f 2596/3/1 2593/3/1 2592/3/1
f 2597/3/1 2593/3/1 2596/3/1
f 2602/3/1 2595/3/1 2594/3/1
f 2603/3/1 2595/3/1 2602/3/1
f 2606/1/1 2599/1/1 2598/1/1
f 2607/1/1 2599/1/1 2606/1/1
f 2612/1/1 2601/1/1 2600/1/1
f 2613/1/1 2601/1/1 2612/1/1
f 2616/1/1 2605/1/1 2604/1/1
f 2617/1/1 2605/1/1 2616/1/1
f 2618/1/1 2609/1/1 2608/1/1
f 2619/1/1 2609/1/1 2618/1/1
f 2620/1/1 2611/1/1 2610/1/1
f 2621/1/1 2611/1/1 2620/1/1
f 2622/1/1 2615/1/1 2614/1/1
f 2623/1/1 2615/1/1 2622/1/1
f 2626/3/1 2625/3/1 2624/3/1
f 2627/3/1 2625/3/1 2626/3/1
f 2636/2/1 2629/2/1 2628/2/1
f 2637/2/1 2629/2/1 2636/2/1
f 2640/1/1 2631/1/1 2630/1/1
f 2643/3/1 2633/3/1 2632/3/1
f 2644/2/1 2635/2/1 2634/2/1
f 2645/2/1 2635/2/1 2644/2/1
f 2646/2/1 2637/2/1 2636/2/1
f 2647/2/1 2637/2/1 2646/2/1
f 2648/1/1 2641/1/1 2640/1/1
f 2648/1/1 2640/1/1 2630/1/1
f 2649/1/1 2641/1/1 2648/1/1
f 2650/1/1 2641/1/1 2649/1/1
f 2653/1/1 2643/1/1 2642/1/1
f 2654/3/1 2633/3/1 2643/3/1
f 2654/1/1 2643/1/1 2653/1/1
f 2655/3/1 2633/3/1 2654/3/1
f 2658/2/1 2645/2/1 2644/2/1
f 2659/2/1 2645/2/1 2658/2/1
f 2660/3/1 2639/3/1 2638/3/1
f 2661/3/1 2639/3/1 2660/3/1
f 2662/1/1 2651/1/1 2650/1/1
f 2662/1/1 2650/1/1 2649/1/1
f 2663/1/1 2651/1/1 2662/1/1
f 2664/1/1 2651/1/1 2663/1/1
f 2669/1/1 2653/1/1 2652/1/1
f 2669/1/1 2654/1/1 2653/1/1
f 2670/1/1 2654/1/1 2669/1/1
f 2671/1/1 2654/1/1 2670/1/1
f 2672/3/1 2657/3/1 2656/3/1
f 2673/3/1 2657/3/1 2672/3/1
f 2674/1/1 2666/1/1 2665/1/1
f 2675/1/1 2666/1/1 2674/1/1
f 2676/1/1 2668/1/1 2667/1/1
f 2677/1/1 2668/1/1 2676/1/1
f 2680/3/1 2679/3/1 2678/3/1
f 2681/3/1 2679/3/1 2680/3/1
f 2693/1/1 2683/1/1 2682/1/1
f 2694/1/1 2683/1/1 2693/1/1
f 2695/1/1 2685/1/1 2684/1/1
f 2696/1/1 2685/1/1 2695/1/1
f 2697/1/1 2687/1/1 2686/1/1
f 2698/1/1 2687/1/1 2697/1/1
f 2699/1/1 2689/1/1 2688/1/1
f 2700/1/1 2689/1/1 2699/1/1
f 2704/2/1 2691/2/1 2690/2/1
f 2705/3/1 2692/3/1 2691/3/1
f 2705/2/1 2691/2/1 2704/2/1
f 2706/3/1 2692/3/1 2705/3/1
f 2707/1/1 2685/1/1 2696/1/1
f 2708/1/1 2685/1/1 2707/1/1
f 2713/1/1 2697/1/1 2686/1/1
f 2714/1/1 2697/1/1 2713/1/1
f 2715/3/1 2702/3/1 2701/3/1
f 2716/2/1 2703/2/1 2702/2/1
f 2716/3/1 2702/3/1 2715/3/1
f 2717/2/1 2703/2/1 2716/2/1
f 2718/2/1 2705/2/1 2704/2/1
f 2719/2/1 2705/2/1 2718/2/1
f 2720/1/1 2710/1/1 2709/1/1
f 2721/1/1 2710/1/1 2720/1/1
f 2722/1/1 2712/1/1 2711/1/1
f 2723/1/1 2712/1/1 2722/1/1
f 2724/2/1 2717/2/1 2716/2/1
f 2725/2/1 2717/2/1 2724/2/1
f 2728/3/1 2727/3/1 2726/3/1
f 2729/3/1 2727/3/1 2728/3/1
f 2734/2/1 2731/2/1 2730/2/1
f 2735/2/1 2731/2/1 2734/2/1
f 2741/2/1 2733/2/1 2732/2/1
f 2742/2/1 2733/2/1 2741/2/1
f 2745/1/1 2737/1/1 2736/1/1
f 2746/1/1 2737/1/1 2745/1/1
f 2751/1/1 2739/1/1 2738/1/1
f 2752/1/1 2739/1/1 2751/1/1
f 2753/3/1 2741/3/1 2740/3/1
f 2754/3/1 2741/3/1 2753/3/1
f 2756/2/1 2744/2/1 2743/2/1
f 2757/2/1 2744/2/1 2756/2/1
f 2758/1/1 2748/1/1 2747/1/1
f 2759/1/1 2748/1/1 2758/1/1
f 2764/1/1 2750/1/1 2749/1/1
f 2765/1/1 2750/1/1 2764/1/1
f 2766/2/1 2755/2/1 2754/2/1
f 2767/2/1 2755/2/1 2766/2/1
f 2768/1/1 2760/1/1 2759/1/1
f 2769/1/1 2760/1/1 2768/1/1
f 2770/3/1 2762/3/1 2761/3/1
f 2771/3/1 2762/3/1 2770/3/1
f 2772/1/1 2764/1/1 2763/1/1
f 2773/1/1 2764/1/1 2772/1/1
f 2782/2/1 2775/2/1 2774/2/1
f 2783/2/1 2775/2/1 2782/2/1
f 2784/1/1 2777/1/1 2776/1/1
f 2785/1/1 2777/1/1 2784/1/1
f 2786/1/1 2779/1/1 2778/1/1
f 2787/1/1 2779/1/1 2786/1/1
f 2788/2/1 2781/2/1 2780/2/1
f 2789/2/1 2781/2/1 2788/2/1
f 2796/2/1 2791/2/1 2790/2/1
f 2797/2/1 2791/2/1 2796/2/1
f 2798/3/1 2793/3/1 2792/3/1
f 2799/3/1 2793/3/1 2798/3/1
f 2800/2/1 2795/2/1 2794/2/1
f 2801/2/1 2795/2/1 2800/2/1
f 2807/2/1 2803/2/1 2802/2/1
f 2808/1/1 2804/1/1 2803/1/1
f 2808/2/1 2803/2/1 2807/2/1
f 2809/1/1 2804/1/1 2808/1/1
f 2810/2/1 2806/2/1 2805/2/1
f 2811/2/1 2806/2/1 2810/2/1
f 2820/2/1 2813/2/1 2812/2/1
f 2821/2/1 2813/2/1 2820/2/1
f 2822/1/1 2815/1/1 2814/1/1
f 2823/1/1 2815/1/1 2822/1/1
f 2826/1/1 2817/1/1 2816/1/1
f 2827/1/1 2817/1/1 2826/1/1
f 2828/2/1 2819/2/1 2818/2/1
f 2829/2/1 2819/2/1 2828/2/1
f 2830/1/1 2824/1/1 2823/1/1
f 2831/1/1 2824/1/1 2830/1/1
f 2832/1/1 2826/1/1 2825/1/1
f 2833/1/1 2826/1/1 2832/1/1
f 2834/1/1 2826/1/1 2833/1/1
f 2839/2/1 2836/2/1 2835/2/1
f 2840/2/1 2836/2/1 2839/2/1
f 2843/2/1 2838/2/1 2837/2/1
f 2844/2/1 2838/2/1 2843/2/1
f 2846/1/1 2841/1/1 2840/1/1
f 2847/1/1 2841/1/1 2846/1/1
f 2852/1/1 2843/1/1 2842/1/1
f 2853/1/1 2843/1/1 2852/1/1
f 2855/2/1 2846/2/1 2845/2/1
f 2856/2/1 2846/2/1 2855/2/1
f 2857/1/1 2849/1/1 2848/1/1
f 2858/1/1 2849/1/1 2857/1/1
f 2861/1/1 2851/1/1 2850/1/1
f 2862/1/1 2851/1/1 2861/1/1
f 2863/2/1 2854/2/1 2853/2/1
f 2864/2/1 2854/2/1 2863/2/1
f 2865/3/1 2860/3/1 2859/3/1
f 2866/3/1 2860/3/1 2865/3/1
f 2871/2/1 2868/2/1 2867/2/1
f 2872/2/1 2868/2/1 2871/2/1
f 2875/2/1 2870/2/1 2869/2/1
f 2876/2/1 2870/2/1 2875/2/1
f 2878/1/1 2873/1/1 2872/1/1
f 2879/1/1 2873/1/1 2878/1/1
f 2880/1/1 2875/1/1 2874/1/1
f 2881/1/1 2875/1/1 2880/1/1
f 2883/2/1 2878/2/1 2877/2/1
f 2884/2/1 2878/2/1 2883/2/1
f 2885/2/1 2882/2/1 2881/2/1
f 2886/2/1 2882/2/1 2885/2/1
f 2891/2/1 2888/2/1 2887/2/1
f 2892/2/1 2888/2/1 2891/2/1
f 2895/2/1 2890/2/1 2889/2/1
f 2896/2/1 2890/2/1 2895/2/1
f 2898/2/1 2893/2/1 2892/2/1
f 2899/2/1 2893/2/1 2898/2/1
f 2900/2/1 2895/2/1 2894/2/1
f 2901/2/1 2895/2/1 2900/2/1
f 2903/2/1 2898/2/1 2897/2/1
f 2904/2/1 2898/2/1 2903/2/1
f 2909/2/1 2902/2/1 2901/2/1
f 2910/2/1 2902/2/1 2909/2/1
f 2911/1/1 2906/1/1 2905/1/1
f 2912/1/1 2906/1/1 2911/1/1
f 2913/1/1 2906/1/1 2912/1/1
f 2914/1/1 2908/1/1 2907/1/1
f 2915/1/1 2908/1/1 2914/1/1
f 2916/1/1 2908/1/1 2915/1/1
f 2923/2/1 2918/2/1 2917/2/1
f 2924/2/1 2918/2/1 2923/2/1
f 2925/3/1 2922/3/1 2921/3/1
f 2926/3/1 2922/3/1 2925/3/1
f 2927/2/1 2920/2/1 2919/2/1
f 2928/2/1 2920/2/1 2927/2/1
f 2933/2/1 2930/2/1 2929/2/1
f 2934/2/1 2930/2/1 2933/2/1
f 2935/2/1 2930/2/1 2934/2/1
f 2936/2/1 2932/2/1 2931/2/1
f 2937/2/1 2932/2/1 2936/2/1
f 2938/2/1 2932/2/1 2937/2/1
f 2945/2/1 2940/2/1 2939/2/1
f 2945/2/1 2941/2/1 2940/2/1
f 2946/2/1 2941/2/1 2945/2/1
f 2947/2/1 2944/2/1 2943/2/1
f 2947/2/1 2943/2/1 2942/2/1
f 2948/2/1 2944/2/1 2947/2/1
f 2954/2/1 2950/2/1 2949/2/1
f 2955/2/1 2950/2/1 2954/2/1
f 2956/2/1 2952/2/1 2951/2/1
f 2957/2/1 2952/2/1 2956/2/1
f 2959/2/1 2955/2/1 2954/2/1
f 2959/2/1 2958/2/1 2957/2/1
f 2959/2/1 2957/2/1 2956/2/1
f 2959/2/1 2956/2/1 2955/2/1
f 2959/2/1 2954/2/1 2953/2/1
f 2960/2/1 2958/2/1 2959/2/1
f 2965/2/1 2962/2/1 2961/2/1
f 2966/2/1 2962/2/1 2965/2/1
f 2967/2/1 2964/2/1 2963/2/1
f 2968/2/1 2964/2/1 2967/2/1
f 2969/2/2 2970/2/2 2974/2/2
f 2974/2/2 2970/2/2 2975/2/2
f 2971/2/2 2972/2/2 2976/2/2
f 2976/2/2 2972/2/2 2977/2/2
f 2973/2/2 2974/2/2 2979/2/2
f 2979/2/2 2974/2/2 2980/2/2
f 2977/2/2 2978/2/2 2981/2/2
f 2981/2/2 2978/2/2 2982/2/2
f 2983/2/2 2984/2/2 2987/2/2
f 2987/2/2 2984/2/2 2988/2/2
f 2985/2/2 2986/2/2 2989/2/2
f 2989/2/2 2986/2/2 2990/2/2
f 2991/1/2 2992/1/2 2995/1/2
f 2995/1/2 2992/1/2 2996/1/2
f 2993/2/2 2994/2/2 2999/2/2
f 2999/2/2 2994/2/2 3000/2/2
f 2997/2/2 2998/2/2 3003/2/2
f 3003/2/2 2998/2/2 3004/2/2
f 3001/2/2 3002/2/2 3006/2/2
f 3006/2/2 3002/2/2 3007/2/2
f 3005/2/2 3006/2/2 3010/2/2
f 3010/2/2 3006/2/2 3011/2/2
f 3008/2/2 3009/2/2 3012/2/2
f 3012/2/2 3009/2/2 3013/2/2
f 3014/2/2 3015/2/2 3022/2/2
f 3022/2/2 3015/2/2 3023/2/2
f 3018/1/2 3019/1/2 3024/1/2
f 3024/1/2 3019/1/2 3025/1/2
f 3020/1/2 3021/1/2 3026/1/2
f 3026/1/2 3021/1/2 3027/1/2
f 3016/2/2 3017/2/2 3028/2/2
f 3028/2/2 3017/2/2 3029/2/2
f 3030/2/2 3031/2/2 3032/2/2
f 3032/2/2 3031/2/2 3033/2/2
f 3034/2/2 3035/2/2 3038/2/2
f 3038/2/2 3035/2/2 3039/2/2
f 3036/2/2 3037/2/2 3042/2/2
f 3042/2/2 3037/2/2 3043/2/2
f 3039/2/2 3040/2/2 3045/2/2
f 3045/2/2 3040/2/2 3046/2/2
f 3041/2/2 3042/2/2 3051/2/2
f 3051/2/2 3042/2/2 3052/2/2
f 3044/2/2 3045/2/2 3054/2/2
f 3054/2/2 3045/2/2 3055/2/2
f 3047/1/2 3048/1/2 3058/1/2
f 3058/1/2 3048/1/2 3059/1/2
f 3049/1/2 3050/1/2 3060/1/2
f 3060/1/2 3050/1/2 3061/1/2
f 3052/2/2 3053/2/2 3064/2/2
f 3064/2/2 3053/2/2 3065/2/2
f 3056/1/2 3057/1/2 3068/1/2
f 3068/1/2 3057/1/2 3069/1/2
f 3069/1/2 3057/1/2 3070/1/2
f 3062/3/2 3063/3/2 3071/3/2
f 3071/3/2 3063/3/2 3072/3/2
f 3066/2/2 3067/2/2 3073/2/2
f 3073/2/2 3067/2/2 3074/2/2
f 3075/2/2 3076/2/2 3079/2/2
f 3079/2/2 3076/2/2 3080/2/2
f 3077/2/2 3078/2/2 3083/2/2
f 3083/2/2 3078/2/2 3084/2/2
f 3080/3/2 3081/3/2 3086/3/2
f 3086/3/2 3081/3/2 3087/3/2
f 3082/3/2 3083/3/2 3090/3/2
f 3090/3/2 3083/3/2 3091/3/2
f 3085/2/2 3086/2/2 3093/2/2
f 3093/2/2 3086/2/2 3094/2/2
f 3088/1/2 3089/1/2 3095/1/2
f 3095/1/2 3089/1/2 3096/1/2
f 3091/2/2 3092/2/2 3097/2/2
f 3097/2/2 3092/2/2 3098/2/2
f 3099/2/2 3100/2/2 3103/2/2
f 3103/2/2 3100/2/2 3104/2/2
f 3101/2/2 3102/2/2 3107/2/2
f 3107/2/2 3102/2/2 3108/2/2
f 3104/3/2 3105/3/2 3110/3/2
f 3110/3/2 3105/3/2 3111/3/2
f 3106/3/2 3107/3/2 3116/3/2
f 3116/3/2 3107/3/2 3117/3/2
f 3109/2/2 3110/2/2 3119/2/2
f 3119/2/2 3110/2/2 3120/2/2
f 3112/3/2 3113/3/2 3121/3/2
f 3121/3/2 3113/3/2 3122/3/2
f 3114/3/2 3115/3/2 3127/3/2
f 3127/3/2 3115/3/2 3128/3/2
f 3117/2/2 3118/2/2 3129/2/2
f 3129/2/2 3118/2/2 3130/2/2
f 3123/1/2 3124/1/2 3131/1/2
f 3131/1/2 3124/1/2 3132/1/2
f 3125/1/2 3126/1/2 3133/1/2
f 3133/1/2 3126/1/2 3134/1/2
f 3135/2/2 3136/2/2 3141/2/2
f 3136/3/2 3137/3/2 3142/3/2
f 3141/2/2 3136/2/2 3142/2/2
f 3142/3/2 3137/3/2 3143/3/2
f 3138/3/2 3139/3/2 3144/3/2
f 3139/2/2 3140/2/2 3145/2/2
f 3144/3/2 3139/3/2 3145/3/2
f 3145/2/2 3140/2/2 3146/2/2
f 3147/2/2 3148/2/2 3157/2/2
f 3157/2/2 3148/2/2 3158/2/2
f 3149/3/2 3150/3/2 3159/3/2
f 3159/3/2 3150/3/2 3160/3/2
f 3151/1/2 3152/1/2 3163/1/2
f 3163/1/2 3152/1/2 3164/1/2
f 3153/3/2 3154/3/2 3166/3/2
f 3166/3/2 3154/3/2 3167/3/2
f 3155/2/2 3156/2/2 3168/2/2
f 3168/2/2 3156/2/2 3169/2/2
f 3160/3/2 3161/3/2 3170/3/2
f 3161/1/2 3162/1/2 3171/1/2
f 3170/3/2 3161/3/2 3171/3/2
f 3171/1/2 3162/1/2 3172/1/2
f 3165/3/2 3166/3/2 3173/3/2
f 3173/3/2 3166/3/2 3174/3/2
f 3175/2/2 3176/2/2 3183/2/2
f 3183/2/2 3176/2/2 3184/2/2
f 3177/3/2 3178/3/2 3185/3/2
f 3185/3/2 3178/3/2 3186/3/2
f 3179/3/2 3180/3/2 3187/3/2
f 3187/3/2 3180/3/2 3188/3/2
f 3181/2/2 3182/2/2 3189/2/2
f 3189/2/2 3182/2/2 3190/2/2
f 3191/2/2 3192/2/2 3199/2/2
f 3199/2/2 3192/2/2 3200/2/2
f 3193/1/2 3194/1/2 3201/1/2
f 3201/1/2 3194/1/2 3202/1/2
f 3195/1/2 3196/1/2 3203/1/2
f 3203/1/2 3196/1/2 3204/1/2
f 3197/2/2 3198/2/2 3205/2/2
f 3205/2/2 3198/2/2 3206/2/2
f 3207/2/2 3208/2/2 3211/2/2
f 3211/2/2 3208/2/2 3212/2/2
f 3209/2/2 3210/2/2 3218/2/2
f 3218/2/2 3210/2/2 3219/2/2
f 3212/3/2 3213/3/2 3221/3/2
f 3221/3/2 3213/3/2 3222/3/2
f 3214/3/2 3215/3/2 3223/3/2
f 3223/3/2 3215/3/2 3224/3/2
f 3216/3/2 3217/3/2 3231/3/2
f 3231/3/2 3217/3/2 3232/3/2
f 3220/2/2 3221/2/2 3235/2/2
f 3235/2/2 3221/2/2 3236/2/2
f 3225/3/2 3226/3/2 3237/3/2
f 3237/3/2 3226/3/2 3238/3/2
f 3227/1/2 3228/1/2 3241/1/2
f 3241/1/2 3228/1/2 3242/1/2
f 3229/3/2 3230/3/2 3245/3/2
f 3245/3/2 3230/3/2 3246/3/2
f 3233/2/2 3234/2/2 3247/2/2
f 3247/2/2 3234/2/2 3248/2/2
f 3238/3/2 3239/3/2 3249/3/2
f 3249/3/2 3239/3/2 3250/3/2
f 3240/1/2 3241/1/2 3251/1/2
f 3251/1/2 3241/1/2 3252/1/2
f 3242/1/2 3243/1/2 3253/1/2
f 3253/1/2 3243/1/2 3254/1/2
f 3244/3/2 3245/3/2 3255/3/2
f 3255/3/2 3245/3/2 3256/3/2
f 3257/3/2 3258/3/2 3266/3/2
f 3266/3/2 3258/3/2 3267/3/2
f 3259/3/2 3260/3/2 3268/3/2
f 3268/3/2 3260/3/2 3269/3/2
f 3261/3/2 3262/3/2 3270/3/2
f 3270/3/2 3262/3/2 3271/3/2
f 3263/2/2 3264/2/2 3274/2/2
f 3264/3/2 3265/3/2 3275/3/2
f 3274/2/2 3264/2/2 3275/2/2
f 3275/3/2 3265/3/2 3276/3/2
f 3267/3/2 3258/3/2 3277/3/2
f 3277/3/2 3258/3/2 3278/3/2
f 3259/3/2 3268/3/2 3283/3/2
f 3283/3/2 3268/3/2 3284/3/2
f 3271/3/2 3272/3/2 3285/3/2
f 3285/3/2 3272/3/2 3286/3/2
f 3272/2/2 3273/2/2 3287/2/2
f 3286/3/2 3272/3/2 3287/3/2
f 3287/2/2 3273/2/2 3288/2/2
f 3274/2/2 3275/2/2 3289/2/2
f 3289/2/2 3275/2/2 3290/2/2
f 3279/3/2 3280/3/2 3291/3/2
f 3291/3/2 3280/3/2 3292/3/2
f 3281/3/2 3282/3/2 3295/3/2
f 3295/3/2 3282/3/2 3296/3/2
f 3287/2/2 3288/2/2 3297/2/2
f 3297/2/2 3288/2/2 3298/2/2
f 3293/1/2 3294/1/2 3300/1/2
f 3300/1/2 3294/1/2 3301/1/2
f 3299/1/2 3300/1/2 3303/1/2
f 3303/1/2 3300/1/2 3304/1/2
f 3301/1/2 3302/1/2 3305/1/2
f 3305/1/2 3302/1/2 3306/1/2
f 3307/2/2 3308/2/2 3315/2/2
f 3315/2/2 3308/2/2 3316/2/2
f 3309/3/2 3310/3/2 3319/3/2
f 3311/3/2 3312/3/2 3322/3/2
f 3313/2/2 3314/2/2 3323/2/2
f 3323/2/2 3314/2/2 3324/2/2
f 3315/2/2 3316/2/2 3325/2/2
f 3325/2/2 3316/2/2 3326/2/2
f 3319/3/2 3320/3/2 3327/3/2
f 3309/3/2 3319/3/2 3327/3/2
f 3327/3/2 3320/3/2 3328/3/2
f 3328/3/2 3320/3/2 3329/3/2
f 3321/3/2 3322/3/2 3332/3/2
f 3322/3/2 3312/3/2 3333/3/2
f 3332/3/2 3322/3/2 3333/3/2
f 3333/3/2 3312/3/2 3334/3/2
f 3323/2/2 3324/2/2 3337/2/2
f 3337/2/2 3324/2/2 3338/2/2
f 3317/3/2 3318/3/2 3339/3/2
f 3339/3/2 3318/3/2 3340/3/2
f 3329/3/2 3330/3/2 3341/3/2
f 3328/3/2 3329/3/2 3341/3/2
f 3341/3/2 3330/3/2 3342/3/2
f 3331/3/2 3332/3/2 3347/3/2
f 3332/3/2 3333/3/2 3347/3/2
f 3347/3/2 3333/3/2 3348/3/2
f 3335/3/2 3336/3/2 3349/3/2
f 3349/3/2 3336/3/2 3350/3/2
f 3343/1/2 3344/1/2 3351/1/2
f 3351/1/2 3344/1/2 3352/1/2
f 3345/3/2 3346/3/2 3355/3/2
f 3355/3/2 3346/3/2 3356/3/2
f 3353/1/2 3354/1/2 3358/1/2
f 3358/1/2 3354/1/2 3359/1/2
f 3357/1/2 3358/1/2 3361/1/2
f 3361/1/2 3358/1/2 3362/1/2
f 3359/1/2 3360/1/2 3363/1/2
f 3363/1/2 3360/1/2 3364/1/2
f 3365/2/2 3366/2/2 3369/2/2
f 3369/2/2 3366/2/2 3370/2/2
f 3367/2/2 3368/2/2 3373/2/2
f 3373/2/2 3368/2/2 3374/2/2
f 3370/1/2 3371/1/2 3376/1/2
f 3376/1/2 3371/1/2 3377/1/2
f 3372/1/2 3373/1/2 3382/1/2
f 3382/1/2 3373/1/2 3383/1/2
f 3375/2/2 3376/2/2 3385/2/2
f 3385/2/2 3376/2/2 3386/2/2
f 3378/3/2 3379/3/2 3387/3/2
f 3387/3/2 3379/3/2 3388/3/2
f 3380/1/2 3381/1/2 3389/1/2
f 3389/1/2 3381/1/2 3390/1/2
f 3383/2/2 3384/2/2 3391/2/2
f 3391/2/2 3384/2/2 3392/2/2
f 3393/3/2 3394/3/2 3397/3/2
f 3397/3/2 3394/3/2 3398/3/2
f 3395/3/2 3396/3/2 3403/3/2
f 3403/3/2 3396/3/2 3404/3/2
f 3399/1/2 3400/1/2 3407/1/2
f 3407/1/2 3400/1/2 3408/1/2
f 3401/3/2 3402/3/2 3413/3/2
f 3413/3/2 3402/3/2 3414/3/2
f 3405/3/2 3406/3/2 3417/3/2
f 3417/3/2 3406/3/2 3418/3/2
f 3409/1/2 3410/1/2 3419/1/2
f 3419/1/2 3410/1/2 3420/1/2
f 3411/3/2 3412/3/2 3423/3/2
f 3423/3/2 3412/3/2 3424/3/2
f 3415/3/2 3416/3/2 3425/3/2
f 3425/3/2 3416/3/2 3426/3/2
f 3421/1/2 3422/1/2 3428/1/2
f 3428/1/2 3422/1/2 3429/1/2
f 3427/1/2 3428/1/2 3431/1/2
f 3431/1/2 3428/1/2 3432/1/2
f 3429/1/2 3430/1/2 3433/1/2
f 3433/1/2 3430/1/2 3434/1/2
f 3435/1/2 3436/1/2 3439/1/2
f 3439/1/2 3436/1/2 3440/1/2
f 3437/1/2 3438/1/2 3441/1/2
f 3441/1/2 3438/1/2 3442/1/2
f 3443/3/2 3444/3/2 3451/3/2
f 3451/3/2 3444/3/2 3452/3/2
f 3445/3/2 3446/3/2 3453/3/2
f 3453/3/2 3446/3/2 3454/3/2
f 3447/3/2 3448/3/2 3458/3/2
f 3458/3/2 3448/3/2 3459/3/2
f 3449/3/2 3450/3/2 3460/3/2
f 3460/3/2 3450/3/2 3461/3/2
f 3454/3/2 3455/3/2 3462/3/2
f 3455/1/2 3456/1/2 3463/1/2
f 3462/3/2 3455/3/2 3463/3/2
f 3463/1/2 3456/1/2 3464/1/2
f 3457/3/2 3458/3/2 3467/3/2
f 3467/3/2 3458/3/2 3468/3/2
f 3468/3/2 3458/3/2 3469/3/2
f 3464/1/2 3465/1/2 3470/1/2
f 3463/1/2 3464/1/2 3470/1/2
f 3470/1/2 3465/1/2 3471/1/2
f 3471/1/2 3465/1/2 3472/1/2
f 3467/3/2 3468/3/2 3475/3/2
f 3466/3/2 3467/3/2 3475/3/2
f 3475/3/2 3468/3/2 3476/3/2
f 3473/1/2 3474/1/2 3478/1/2
f 3478/1/2 3474/1/2 3479/1/2
f 3477/1/2 3478/1/2 3481/1/2
f 3481/1/2 3478/1/2 3482/1/2
f 3479/1/2 3480/1/2 3483/1/2
f 3483/1/2 3480/1/2 3484/1/2
f 3485/2/2 3486/2/2 3489/2/2
f 3489/2/2 3486/2/2 3490/2/2
f 3487/2/2 3488/2/2 3493/2/2
f 3493/2/2 3488/2/2 3494/2/2
f 3490/1/2 3491/1/2 3496/1/2
f 3496/1/2 3491/1/2 3497/1/2
f 3492/1/2 3493/1/2 3502/1/2
f 3502/1/2 3493/1/2 3503/1/2
f 3495/2/2 3496/2/2 3505/2/2
f 3505/2/2 3496/2/2 3506/2/2
f 3498/1/2 3499/1/2 3507/1/2
f 3507/1/2 3499/1/2 3508/1/2
f 3500/1/2 3501/1/2 3509/1/2
f 3509/1/2 3501/1/2 3510/1/2
f 3503/2/2 3504/2/2 3511/2/2
f 3511/2/2 3504/2/2 3512/2/2
f 3508/1/2 3499/1/2 3513/1/2
f 3513/1/2 3499/1/2 3514/1/2
f 3500/1/2 3509/1/2 3515/1/2
f 3515/1/2 3509/1/2 3516/1/2
f 3517/3/2 3518/3/2 3523/3/2
f 3523/3/2 3518/3/2 3524/3/2
f 3519/3/2 3520/3/2 3527/3/2
f 3527/3/2 3520/3/2 3528/3/2
f 3521/3/2 3522/3/2 3531/3/2
f 3531/3/2 3522/3/2 3532/3/2
f 3524/3/2 3525/3/2 3533/3/2
f 3533/3/2 3525/3/2 3534/3/2
f 3526/3/2 3527/3/2 3537/3/2
f 3537/3/2 3527/3/2 3538/3/2
f 3529/3/2 3530/3/2 3539/3/2
f 3539/3/2 3530/3/2 3540/3/2
f 3534/3/2 3535/3/2 3541/3/2
f 3541/3/2 3535/3/2 3542/3/2
f 3536/3/2 3537/3/2 3546/3/2
f 3546/3/2 3537/3/2 3547/3/2
f 3542/3/2 3543/3/2 3548/3/2
f 3543/1/2 3544/1/2 3549/1/2
f 3548/3/2 3543/3/2 3549/3/2
f 3549/1/2 3544/1/2 3550/1/2
f 3545/3/2 3546/3/2 3553/3/2
f 3553/3/2 3546/3/2 3554/3/2
f 3551/1/2 3552/1/2 3556/1/2
f 3556/1/2 3552/1/2 3557/1/2
f 3555/1/2 3556/1/2 3559/1/2
f 3559/1/2 3556/1/2 3560/1/2
f 3557/1/2 3558/1/2 3561/1/2
f 3561/1/2 3558/1/2 3562/1/2
f 3563/2/2 3564/2/2 3567/2/2
f 3567/2/2 3564/2/2 3568/2/2
f 3565/2/2 3566/2/2 3571/2/2
f 3571/2/2 3566/2/2 3572/2/2
f 3568/1/2 3569/1/2 3573/1/2
f 3573/1/2 3569/1/2 3574/1/2
f 3570/1/2 3571/1/2 3579/1/2
f 3579/1/2 3571/1/2 3580/1/2
f 3575/1/2 3576/1/2 3581/1/2
f 3581/1/2 3576/1/2 3582/1/2
f 3582/1/2 3576/1/2 3583/1/2
f 3577/1/2 3578/1/2 3586/1/2
f 3586/1/2 3578/1/2 3587/1/2
f 3587/1/2 3578/1/2 3588/1/2
f 3583/1/2 3584/1/2 3589/1/2
f 3582/1/2 3583/1/2 3589/1/2
f 3589/1/2 3584/1/2 3590/1/2
f 3586/1/2 3587/1/2 3595/1/2
f 3585/1/2 3586/1/2 3595/1/2
f 3595/1/2 3587/1/2 3596/1/2
f 3591/1/2 3592/1/2 3597/1/2
f 3597/1/2 3592/1/2 3598/1/2
f 3593/1/2 3594/1/2 3607/1/2
f 3607/1/2 3594/1/2 3608/1/2
f 3599/3/2 3600/3/2 3611/3/2
f 3611/3/2 3600/3/2 3612/3/2
f 3601/3/2 3602/3/2 3613/3/2
f 3613/3/2 3602/3/2 3614/3/2
f 3603/3/2 3604/3/2 3617/3/2
f 3617/3/2 3604/3/2 3618/3/2
f 3605/3/2 3606/3/2 3619/3/2
f 3619/3/2 3606/3/2 3620/3/2
f 3609/3/2 3610/3/2 3623/3/2
f 3623/3/2 3610/3/2 3624/3/2
f 3614/3/2 3615/3/2 3625/3/2
f 3625/3/2 3615/3/2 3626/3/2
f 3616/3/2 3617/3/2 3629/3/2
f 3629/3/2 3617/3/2 3630/3/2
f 3621/3/2 3622/3/2 3631/3/2
f 3631/3/2 3622/3/2 3632/3/2
f 3626/3/2 3627/3/2 3633/3/2
f 3633/3/2 3627/3/2 3634/3/2
f 3628/3/2 3629/3/2 3637/3/2
f 3637/3/2 3629/3/2 3638/3/2
f 3634/3/2 3635/3/2 3639/3/2
f 3639/3/2 3635/3/2 3640/3/2
f 3636/3/2 3637/3/2 3644/3/2
f 3644/3/2 3637/3/2 3645/3/2
f 3640/3/2 3641/3/2 3646/3/2
f 3641/1/2 3642/1/2 3647/1/2
f 3646/3/2 3641/3/2 3647/3/2
f 3647/1/2 3642/1/2 3648/1/2
f 3643/3/2 3644/3/2 3651/3/2
f 3651/3/2 3644/3/2 3652/3/2
f 3649/1/2 3650/1/2 3654/1/2
f 3654/1/2 3650/1/2 3655/1/2
f 3653/1/2 3654/1/2 3657/1/2
f 3655/1/2 3656/1/2 3657/1/2
f 3654/1/2 3655/1/2 3657/1/2
f 3657/1/2 3656/1/2 3658/1/2
f 3659/2/2 3660/2/2 3663/2/2
f 3661/2/2 3662/2/2 3666/2/2
f 3659/2/2 3663/2/2 3667/2/2
f 3663/1/2 3664/1/2 3668/1/2
f 3667/2/2 3663/2/2 3668/2/2
f 3668/1/2 3664/1/2 3669/1/2
f 3665/1/2 3666/1/2 3670/1/2
f 3666/2/2 3662/2/2 3671/2/2
f 3670/1/2 3666/1/2 3671/1/2
f 3671/2/2 3662/2/2 3672/2/2
f 3673/2/2 3674/2/2 3679/2/2
f 3679/2/2 3674/2/2 3680/2/2
f 3675/1/2 3676/1/2 3681/1/2
f 3681/1/2 3676/1/2 3682/1/2
f 3677/1/2 3678/1/2 3687/1/2
f 3687/1/2 3678/1/2 3688/1/2
f 3683/3/2 3684/3/2 3691/3/2
f 3691/3/2 3684/3/2 3692/3/2
f 3685/3/2 3686/3/2 3695/3/2
f 3695/3/2 3686/3/2 3696/3/2
f 3689/3/2 3690/3/2 3699/3/2
f 3699/3/2 3690/3/2 3700/3/2
f 3692/3/2 3693/3/2 3701/3/2
f 3701/3/2 3693/3/2 3702/3/2
f 3694/3/2 3695/3/2 3705/3/2
f 3705/3/2 3695/3/2 3706/3/2
f 3697/3/2 3698/3/2 3707/3/2
f 3707/3/2 3698/3/2 3708/3/2
f 3702/3/2 3703/3/2 3709/3/2
f 3709/3/2 3703/3/2 3710/3/2
f 3704/3/2 3705/3/2 3713/3/2
f 3713/3/2 3705/3/2 3714/3/2
f 3710/3/2 3711/3/2 3715/3/2
f 3715/3/2 3711/3/2 3716/3/2
f 3712/3/2 3713/3/2 3719/3/2
f 3719/3/2 3713/3/2 3720/3/2
f 3716/3/2 3717/3/2 3721/3/2
f 3721/3/2 3717/3/2 3722/3/2
f 3718/3/2 3719/3/2 3726/3/2
f 3726/3/2 3719/3/2 3727/3/2
f 3722/3/2 3723/3/2 3728/3/2
f 3723/1/2 3724/1/2 3729/1/2
f 3728/3/2 3723/3/2 3729/3/2
f 3729/1/2 3724/1/2 3730/1/2
f 3725/3/2 3726/3/2 3733/3/2
f 3733/3/2 3726/3/2 3734/3/2
f 3730/1/2 3731/1/2 3735/1/2
f 3735/1/2 3731/1/2 3736/1/2
f 3732/3/2 3733/3/2 3737/3/2
f 3737/3/2 3733/3/2 3738/3/2
f 3736/1/2 3737/1/2 3739/1/2
f 3739/1/2 3737/1/2 3740/1/2
f 3741/3/2 3742/3/2 3745/3/2
f 3745/3/2 3742/3/2 3746/3/2
f 3743/3/2 3744/3/2 3749/3/2
f 3749/3/2 3744/3/2 3750/3/2
f 3746/3/2 3747/3/2 3751/3/2
f 3751/3/2 3747/3/2 3752/3/2
f 3748/3/2 3749/3/2 3755/3/2
f 3755/3/2 3749/3/2 3756/3/2
f 3752/3/2 3753/3/2 3757/3/2
f 3757/3/2 3753/3/2 3758/3/2
f 3754/3/2 3755/3/2 3761/3/2
f 3761/3/2 3755/3/2 3762/3/2
f 3758/3/2 3759/3/2 3763/3/2
f 3763/3/2 3759/3/2 3764/3/2
f 3760/3/2 3761/3/2 3767/3/2
f 3767/3/2 3761/3/2 3768/3/2
f 3764/3/2 3765/3/2 3769/3/2
f 3769/3/2 3765/3/2 3770/3/2
f 3766/3/2 3767/3/2 3773/3/2
f 3773/3/2 3767/3/2 3774/3/2
f 3770/3/2 3771/3/2 3775/3/2
f 3775/3/2 3771/3/2 3776/3/2
f 3772/3/2 3773/3/2 3780/3/2
f 3780/3/2 3773/3/2 3781/3/2
f 3776/3/2 3777/3/2 3782/3/2
f 3777/1/2 3778/1/2 3783/1/2
f 3782/3/2 3777/3/2 3783/3/2
f 3783/1/2 3778/1/2 3784/1/2
f 3779/3/2 3780/3/2 3787/3/2
f 3787/3/2 3780/3/2 3788/3/2
f 3788/3/2 3780/3/2 3789/3/2
f 3783/3/2 3784/3/2 3790/3/2
f 3784/1/2 3785/1/2 3791/1/2
f 3790/3/2 3784/3/2 3791/3/2
f 3791/1/2 3785/1/2 3792/1/2
f 3787/3/2 3788/3/2 3793/3/2
f 3786/3/2 3787/3/2 3793/3/2
f 3793/3/2 3788/3/2 3794/3/2
f 3794/3/2 3788/3/2 3795/3/2
f 3791/1/2 3792/1/2 3796/1/2
f 3792/1/2 3793/1/2 3796/1/2
f 3796/1/2 3793/1/2 3797/1/2
f 3793/3/2 3794/3/2 3798/3/2
f 3797/1/2 3793/1/2 3798/1/2
f 3798/3/2 3794/3/2 3799/3/2
f 3797/1/2 3798/1/2 3800/1/2
f 3800/1/2 3798/1/2 3801/1/2
f 3802/3/2 3803/3/2 3806/3/2
f 3806/3/2 3803/3/2 3807/3/2
f 3804/1/2 3805/1/2 3810/1/2
f 3810/1/2 3805/1/2 3811/1/2
f 3807/3/2 3808/3/2 3812/3/2
f 3812/3/2 3808/3/2 3813/3/2
f 3809/1/2 3810/1/2 3816/1/2
f 3816/1/2 3810/1/2 3817/1/2
f 3813/3/2 3814/3/2 3818/3/2
f 3818/3/2 3814/3/2 3819/3/2
f 3815/3/2 3816/3/2 3822/3/2
f 3822/3/2 3816/3/2 3823/3/2
f 3819/3/2 3820/3/2 3824/3/2
f 3824/3/2 3820/3/2 3825/3/2
f 3821/3/2 3822/3/2 3828/3/2
f 3828/3/2 3822/3/2 3829/3/2
f 3825/3/2 3826/3/2 3830/3/2
f 3830/3/2 3826/3/2 3831/3/2
f 3827/3/2 3828/3/2 3834/3/2
f 3834/3/2 3828/3/2 3835/3/2
f 3831/3/2 3832/3/2 3836/3/2
f 3836/3/2 3832/3/2 3837/3/2
f 3833/3/2 3834/3/2 3840/3/2
f 3840/3/2 3834/3/2 3841/3/2
f 3837/3/2 3838/3/2 3842/3/2
f 3842/3/2 3838/3/2 3843/3/2
f 3839/3/2 3840/3/2 3846/3/2
f 3846/3/2 3840/3/2 3847/3/2
f 3843/3/2 3844/3/2 3848/3/2
f 3845/3/2 3846/3/2 3851/3/2
f 3848/3/2 3849/3/2 3852/3/2
f 3843/3/2 3848/3/2 3852/3/2
f 3852/3/2 3849/3/2 3853/3/2
f 3853/3/2 3849/3/2 3854/3/2
f 3850/3/2 3851/3/2 3857/3/2
f 3851/3/2 3846/3/2 3858/3/2
f 3857/3/2 3851/3/2 3858/3/2
f 3858/3/2 3846/3/2 3859/3/2
f 3853/3/2 3854/3/2 3860/3/2
f 3854/1/2 3855/1/2 3861/1/2
f 3860/3/2 3854/3/2 3861/3/2
f 3861/1/2 3855/1/2 3862/1/2
f 3856/3/2 3857/3/2 3863/3/2
f 3857/3/2 3858/3/2 3863/3/2
f 3863/3/2 3858/3/2 3864/3/2
f 3864/3/2 3858/3/2 3865/3/2
f 3861/1/2 3862/1/2 3866/1/2
f 3866/1/2 3862/1/2 3867/1/2
f 3863/1/2 3864/1/2 3868/1/2
f 3868/1/2 3864/1/2 3869/1/2
f 3870/1/2 3871/1/2 3872/1/2
f 3872/1/2 3871/1/2 3873/1/2
f 3874/2/2 3875/2/2 3878/2/2
f 3876/2/2 3877/2/2 3879/2/2
f 3878/2/2 3875/2/2 3880/2/2
f 3880/2/2 3875/2/2 3881/2/2
f 3876/2/2 3879/2/2 3886/2/2
f 3886/2/2 3879/2/2 3887/2/2
f 3882/1/2 3883/1/2 3890/1/2
f 3890/1/2 3883/1/2 3891/1/2
f 3884/1/2 3885/1/2 3894/1/2
f 3894/1/2 3885/1/2 3895/1/2
f 3888/2/2 3889/2/2 3896/2/2
f 3896/2/2 3889/2/2 3897/2/2
f 3891/1/2 3892/1/2 3898/1/2
f 3898/1/2 3892/1/2 3899/1/2
f 3893/1/2 3894/1/2 3906/1/2
f 3906/1/2 3894/1/2 3907/1/2
f 3899/1/2 3900/1/2 3908/1/2
f 3908/1/2 3900/1/2 3909/1/2
f 3901/1/2 3902/1/2 3910/1/2
f 3910/1/2 3902/1/2 3911/1/2
f 3903/1/2 3904/1/2 3914/1/2
f 3914/1/2 3904/1/2 3915/1/2
f 3905/1/2 3906/1/2 3916/1/2
f 3916/1/2 3906/1/2 3917/1/2
f 3911/3/2 3912/3/2 3918/3/2
f 3918/3/2 3912/3/2 3919/3/2
f 3913/1/2 3914/1/2 3922/1/2
f 3922/1/2 3914/1/2 3923/1/2
f 3919/3/2 3920/3/2 3924/3/2
f 3924/3/2 3920/3/2 3925/3/2
f 3921/1/2 3922/1/2 3928/1/2
f 3928/1/2 3922/1/2 3929/1/2
f 3925/3/2 3926/3/2 3930/3/2
f 3930/3/2 3926/3/2 3931/3/2
f 3927/1/2 3928/1/2 3934/1/2
f 3934/1/2 3928/1/2 3935/1/2
f 3931/3/2 3932/3/2 3936/3/2
f 3936/3/2 3932/3/2 3937/3/2
f 3933/3/2 3934/3/2 3940/3/2
f 3940/3/2 3934/3/2 3941/3/2
f 3937/3/2 3938/3/2 3942/3/2
f 3942/3/2 3938/3/2 3943/3/2
f 3939/3/2 3940/3/2 3946/3/2
f 3946/3/2 3940/3/2 3947/3/2
f 3943/3/2 3944/3/2 3948/3/2
f 3948/3/2 3944/3/2 3949/3/2
f 3945/3/2 3946/3/2 3952/3/2
f 3952/3/2 3946/3/2 3953/3/2
f 3949/3/2 3950/3/2 3954/3/2
f 3954/3/2 3950/3/2 3955/3/2
f 3951/3/2 3952/3/2 3958/3/2
f 3958/3/2 3952/3/2 3959/3/2
f 3955/3/2 3956/3/2 3960/3/2
f 3957/3/2 3958/3/2 3965/3/2
f 3955/3/2 3960/3/2 3966/3/2
f 3966/3/2 3960/3/2 3967/3/2
f 3961/2/2 3962/2/2 3969/2/2
f 3969/2/2 3962/2/2 3970/2/2
f 3963/2/2 3964/2/2 3971/2/2
f 3971/2/2 3964/2/2 3972/2/2
f 3965/3/2 3958/3/2 3974/3/2
f 3974/3/2 3958/3/2 3975/3/2
f 3969/3/2 3970/3/2 3976/3/2
f 3968/3/2 3969/3/2 3976/3/2
f 3970/3/2 3971/3/2 3976/3/2
f 3972/1/2 3973/1/2 3977/1/2
f 3976/3/2 3971/3/2 3977/3/2
f 3971/1/2 3972/1/2 3977/1/2
f 3977/1/2 3973/1/2 3978/1/2
f 3979/1/2 3980/1/2 3983/1/2
f 3983/1/2 3980/1/2 3984/1/2
f 3981/1/2 3982/1/2 3987/1/2
f 3987/1/2 3982/1/2 3988/1/2
f 3984/1/2 3985/1/2 3989/1/2
f 3989/1/2 3985/1/2 3990/1/2
f 3986/1/2 3987/1/2 3993/1/2
f 3993/1/2 3987/1/2 3994/1/2
f 3990/1/2 3991/1/2 3995/1/2
f 3995/1/2 3991/1/2 3996/1/2
f 3992/1/2 3993/1/2 3999/1/2
f 3999/1/2 3993/1/2 4000/1/2
f 3996/1/2 3997/1/2 4001/1/2
f 4001/1/2 3997/1/2 4002/1/2
f 3998/1/2 3999/1/2 4005/1/2
f 4005/1/2 3999/1/2 4006/1/2
f 4002/3/2 4003/3/2 4007/3/2
f 4007/3/2 4003/3/2 4008/3/2
f 4004/1/2 4005/1/2 4011/1/2
f 4011/1/2 4005/1/2 4012/1/2
f 4008/3/2 4009/3/2 4013/3/2
f 4013/3/2 4009/3/2 4014/3/2
f 4010/1/2 4011/1/2 4017/1/2
f 4017/1/2 4011/1/2 4018/1/2
f 4014/3/2 4015/3/2 4019/3/2
f 4019/3/2 4015/3/2 4020/3/2
f 4016/3/2 4017/3/2 4023/3/2
f 4023/3/2 4017/3/2 4024/3/2
f 4020/3/2 4021/3/2 4025/3/2
f 4025/3/2 4021/3/2 4026/3/2
f 4022/3/2 4023/3/2 4029/3/2
f 4029/3/2 4023/3/2 4030/3/2
f 4026/3/2 4027/3/2 4031/3/2
f 4028/3/2 4029/3/2 4036/3/2
f 4026/3/2 4031/3/2 4037/3/2
f 4037/3/2 4031/3/2 4038/3/2
f 4032/2/2 4033/2/2 4039/2/2
f 4039/2/2 4033/2/2 4040/2/2
f 4040/2/2 4033/2/2 4041/2/2
f 4034/2/2 4035/2/2 4042/2/2
f 4042/2/2 4035/2/2 4043/2/2
f 4043/2/2 4035/2/2 4044/2/2
f 4036/3/2 4029/3/2 4045/3/2
f 4045/3/2 4029/3/2 4046/3/2
f 4038/3/2 4039/3/2 4047/3/2
f 4039/3/2 4040/3/2 4047/3/2
f 4047/3/2 4040/3/2 4048/3/2
f 4043/1/2 4044/1/2 4050/1/2
f 4044/1/2 4045/1/2 4050/1/2
f 4050/1/2 4045/1/2 4051/1/2
f 4048/3/2 4049/3/2 4052/3/2
f 4049/1/2 4050/1/2 4053/1/2
f 4052/3/2 4049/3/2 4053/3/2
f 4053/1/2 4050/1/2 4054/1/2
f 4055/1/2 4056/1/2 4059/1/2
f 4059/1/2 4056/1/2 4060/1/2
f 4057/1/2 4058/1/2 4063/1/2
f 4063/1/2 4058/1/2 4064/1/2
f 4060/1/2 4061/1/2 4065/1/2
f 4065/1/2 4061/1/2 4066/1/2
f 4062/1/2 4063/1/2 4069/1/2
f 4069/1/2 4063/1/2 4070/1/2
f 4066/1/2 4067/1/2 4071/1/2
f 4071/1/2 4067/1/2 4072/1/2
f 4068/1/2 4069/1/2 4075/1/2
f 4075/1/2 4069/1/2 4076/1/2
f 4072/1/2 4073/1/2 4077/1/2
f 4077/1/2 4073/1/2 4078/1/2
f 4074/1/2 4075/1/2 4081/1/2
f 4081/1/2 4075/1/2 4082/1/2
f 4078/1/2 4079/1/2 4083/1/2
f 4083/1/2 4079/1/2 4084/1/2
f 4080/1/2 4081/1/2 4087/1/2
f 4087/1/2 4081/1/2 4088/1/2
f 4084/3/2 4085/3/2 4089/3/2
f 4089/3/2 4085/3/2 4090/3/2
f 4086/1/2 4087/1/2 4093/1/2
f 4093/1/2 4087/1/2 4094/1/2
f 4090/3/2 4091/3/2 4095/3/2
f 4095/3/2 4091/3/2 4096/3/2
f 4092/1/2 4093/1/2 4099/1/2
f 4099/1/2 4093/1/2 4100/1/2
f 4096/3/2 4097/3/2 4101/3/2
f 4101/3/2 4097/3/2 4102/3/2
f 4098/3/2 4099/3/2 4105/3/2
f 4105/3/2 4099/3/2 4106/3/2
f 4102/3/2 4103/3/2 4107/3/2
f 4104/3/2 4105/3/2 4112/3/2
f 4102/3/2 4107/3/2 4113/3/2
f 4113/3/2 4107/3/2 4114/3/2
f 4108/2/2 4109/2/2 4115/2/2
f 4115/2/2 4109/2/2 4116/2/2
f 4110/2/2 4111/2/2 4117/2/2
f 4117/2/2 4111/2/2 4118/2/2
f 4112/3/2 4105/3/2 4119/3/2
f 4119/3/2 4105/3/2 4120/3/2
f 4114/3/2 4115/3/2 4122/3/2
f 4122/3/2 4115/3/2 4123/3/2
f 4118/1/2 4119/1/2 4126/1/2
f 4126/1/2 4119/1/2 4127/1/2
f 4121/3/2 4122/3/2 4129/3/2
f 4129/3/2 4122/3/2 4130/3/2
f 4123/3/2 4124/3/2 4131/3/2
f 4131/3/2 4124/3/2 4132/3/2
f 4132/3/2 4124/3/2 4133/3/2
f 4125/1/2 4126/1/2 4135/1/2
f 4135/1/2 4126/1/2 4136/1/2
f 4136/1/2 4126/1/2 4137/1/2
f 4127/3/2 4128/3/2 4138/3/2
f 4138/3/2 4128/3/2 4139/3/2
f 4133/3/2 4134/3/2 4140/3/2
f 4132/3/2 4133/3/2 4140/3/2
f 4135/1/2 4136/1/2 4141/1/2
f 4140/3/2 4134/3/2 4141/3/2
f 4134/1/2 4135/1/2 4141/1/2
f 4141/1/2 4136/1/2 4142/1/2
f 4143/1/2 4144/1/2 4147/1/2
f 4147/1/2 4144/1/2 4148/1/2
f 4145/2/2 4146/2/2 4153/2/2
f 4153/2/2 4146/2/2 4154/2/2
f 4149/1/2 4150/1/2 4157/1/2
f 4157/1/2 4150/1/2 4158/1/2
f 4151/1/2 4152/1/2 4159/1/2
f 4159/1/2 4152/1/2 4160/1/2
f 4155/1/2 4156/1/2 4163/1/2
f 4163/1/2 4156/1/2 4164/1/2
f 4161/1/2 4162/1/2 4169/1/2
f 4169/1/2 4162/1/2 4170/1/2
f 4165/1/2 4166/1/2 4171/1/2
f 4171/1/2 4166/1/2 4172/1/2
f 4167/1/2 4168/1/2 4175/1/2
f 4175/1/2 4168/1/2 4176/1/2
f 4172/1/2 4173/1/2 4177/1/2
f 4177/1/2 4173/1/2 4178/1/2
f 4174/1/2 4175/1/2 4181/1/2
f 4181/1/2 4175/1/2 4182/1/2
f 4178/1/2 4179/1/2 4183/1/2
f 4183/1/2 4179/1/2 4184/1/2
f 4180/1/2 4181/1/2 4187/1/2
f 4187/1/2 4181/1/2 4188/1/2
f 4184/1/2 4185/1/2 4189/1/2
f 4189/1/2 4185/1/2 4190/1/2
f 4186/1/2 4187/1/2 4193/1/2
f 4193/1/2 4187/1/2 4194/1/2
f 4190/1/2 4191/1/2 4195/1/2
f 4195/1/2 4191/1/2 4196/1/2
f 4192/1/2 4193/1/2 4199/1/2
f 4199/1/2 4193/1/2 4200/1/2
f 4196/1/2 4197/1/2 4201/1/2
f 4201/1/2 4197/1/2 4202/1/2
f 4198/1/2 4199/1/2 4205/1/2
f 4205/1/2 4199/1/2 4206/1/2
f 4202/3/2 4203/3/2 4207/3/2
f 4204/1/2 4205/1/2 4212/1/2
f 4202/3/2 4207/3/2 4213/3/2
f 4213/3/2 4207/3/2 4214/3/2
f 4208/2/2 4209/2/2 4215/2/2
f 4215/2/2 4209/2/2 4216/2/2
f 4210/2/2 4211/2/2 4217/2/2
f 4217/2/2 4211/2/2 4218/2/2
f 4212/1/2 4205/1/2 4219/1/2
f 4219/1/2 4205/1/2 4220/1/2
f 4214/3/2 4215/3/2 4221/3/2
f 4221/3/2 4215/3/2 4222/3/2
f 4218/1/2 4219/1/2 4225/1/2
f 4225/1/2 4219/1/2 4226/1/2
f 4222/3/2 4223/3/2 4227/3/2
f 4227/3/2 4223/3/2 4228/3/2
f 4224/1/2 4225/1/2 4231/1/2
f 4231/1/2 4225/1/2 4232/1/2
f 4228/3/2 4229/3/2 4233/3/2
f 4233/3/2 4229/3/2 4234/3/2
f 4230/1/2 4231/1/2 4236/1/2
f 4236/1/2 4231/1/2 4237/1/2
f 4234/3/2 4235/3/2 4238/3/2
f 4235/1/2 4236/1/2 4239/1/2
f 4238/3/2 4235/3/2 4239/3/2
f 4239/1/2 4236/1/2 4240/1/2
f 4241/1/2 4242/1/2 4246/1/2
f 4246/1/2 4242/1/2 4247/1/2
f 4243/2/2 4244/2/2 4252/2/2
f 4252/2/2 4244/2/2 4253/2/2
f 4245/2/2 4246/2/2 4254/2/2
f 4254/2/2 4246/2/2 4255/2/2
f 4248/1/2 4249/1/2 4256/1/2
f 4256/1/2 4249/1/2 4257/1/2
f 4250/1/2 4251/1/2 4262/1/2
f 4262/1/2 4251/1/2 4263/1/2
f 4258/1/2 4259/1/2 4264/1/2
f 4264/1/2 4259/1/2 4265/1/2
f 4260/1/2 4261/1/2 4274/1/2
f 4274/1/2 4261/1/2 4275/1/2
f 4266/1/2 4267/1/2 4276/1/2
f 4276/1/2 4267/1/2 4277/1/2
f 4268/1/2 4269/1/2 4278/1/2
f 4278/1/2 4269/1/2 4279/1/2
f 4270/1/2 4271/1/2 4280/1/2
f 4280/1/2 4271/1/2 4281/1/2
f 4272/1/2 4273/1/2 4282/1/2
f 4282/1/2 4273/1/2 4283/1/2
f 4284/1/2 4285/1/2 4288/1/2
f 4288/1/2 4285/1/2 4289/1/2
f 4286/1/2 4287/1/2 4290/1/2
f 4290/1/2 4287/1/2 4291/1/2
f 4292/1/2 4293/1/2 4296/1/2
f 4296/1/2 4293/1/2 4297/1/2
f 4294/1/2 4295/1/2 4302/1/2
f 4302/1/2 4295/1/2 4303/1/2
f 4298/2/2 4299/2/2 4304/2/2
f 4304/2/2 4299/2/2 4305/2/2
f 4300/2/2 4301/2/2 4306/2/2
f 4306/2/2 4301/2/2 4307/2/2
f 4308/3/2 4309/3/2 4312/3/2
f 4312/3/2 4309/3/2 4313/3/2
f 4310/1/2 4311/1/2 4316/1/2
f 4316/1/2 4311/1/2 4317/1/2
f 4313/3/2 4314/3/2 4318/3/2
f 4318/3/2 4314/3/2 4319/3/2
f 4315/1/2 4316/1/2 4323/1/2
f 4323/1/2 4316/1/2 4324/1/2
f 4320/3/2 4321/3/2 4325/3/2
f 4321/1/2 4322/1/2 4326/1/2
f 4325/3/2 4321/3/2 4326/3/2
f 4326/1/2 4322/1/2 4327/1/2
f 4328/1/2 4329/1/2 4334/1/2
f 4334/1/2 4329/1/2 4335/1/2
f 4330/1/2 4331/1/2 4336/1/2
f 4336/1/2 4331/1/2 4337/1/2
f 4332/1/2 4333/1/2 4346/1/2
f 4346/1/2 4333/1/2 4347/1/2
f 4338/1/2 4339/1/2 4348/1/2
f 4348/1/2 4339/1/2 4349/1/2
f 4340/1/2 4341/1/2 4350/1/2
f 4350/1/2 4341/1/2 4351/1/2
f 4351/1/2 4341/1/2 4352/1/2
f 4342/1/2 4343/1/2 4355/1/2
f 4355/1/2 4343/1/2 4356/1/2
f 4356/1/2 4343/1/2 4357/1/2
f 4344/1/2 4345/1/2 4358/1/2
f 4358/1/2 4345/1/2 4359/1/2
f 4352/1/2 4353/1/2 4360/1/2
f 4351/1/2 4352/1/2 4360/1/2
f 4360/1/2 4353/1/2 4361/1/2
f 4361/1/2 4353/1/2 4362/1/2
f 4355/1/2 4356/1/2 4365/1/2
f 4354/1/2 4355/1/2 4365/1/2
f 4365/1/2 4356/1/2 4366/1/2
f 4366/1/2 4356/1/2 4367/1/2
f 4362/1/2 4363/1/2 4368/1/2
f 4361/1/2 4362/1/2 4368/1/2
f 4368/1/2 4363/1/2 4369/1/2
f 4369/1/2 4363/1/2 4370/1/2
f 4365/1/2 4366/1/2 4373/1/2
f 4364/1/2 4365/1/2 4373/1/2
f 4373/1/2 4366/1/2 4374/1/2
f 4374/1/2 4366/1/2 4375/1/2
f 4370/1/2 4371/1/2 4376/1/2
f 4369/1/2 4370/1/2 4376/1/2
f 4376/1/2 4371/1/2 4377/1/2
f 4377/1/2 4371/1/2 4378/1/2
f 4373/1/2 4374/1/2 4381/1/2
f 4372/1/2 4373/1/2 4381/1/2
f 4381/1/2 4374/1/2 4382/1/2
f 4382/1/2 4374/1/2 4383/1/2
f 4378/1/2 4379/1/2 4384/1/2
f 4377/1/2 4378/1/2 4384/1/2
f 4384/1/2 4379/1/2 4385/1/2
f 4385/1/2 4379/1/2 4386/1/2
f 4381/1/2 4382/1/2 4389/1/2
f 4380/1/2 4381/1/2 4389/1/2
f 4389/1/2 4382/1/2 4390/1/2
f 4390/1/2 4382/1/2 4391/1/2
f 4386/1/2 4387/1/2 4392/1/2
f 4385/1/2 4386/1/2 4392/1/2
f 4392/1/2 4387/1/2 4393/1/2
f 4389/1/2 4390/1/2 4396/1/2
f 4388/1/2 4389/1/2 4396/1/2
f 4396/1/2 4390/1/2 4397/1/2
f 4393/1/2 4394/1/2 4398/1/2
f 4398/1/2 4394/1/2 4399/1/2
f 4395/1/2 4396/1/2 4400/1/2
f 4400/1/2 4396/1/2 4401/1/2
f 4402/1/2 4403/1/2 4406/1/2
f 4406/1/2 4403/1/2 4407/1/2
f 4404/1/2 4405/1/2 4408/1/2
f 4408/1/2 4405/1/2 4409/1/2
f 4410/1/2 4411/1/2 4414/1/2
f 4414/1/2 4411/1/2 4415/1/2
f 4412/1/2 4413/1/2 4418/1/2
f 4418/1/2 4413/1/2 4419/1/2
f 4415/3/2 4416/3/2 4420/3/2
f 4420/3/2 4416/3/2 4421/3/2
f 4417/1/2 4418/1/2 4424/1/2
f 4424/1/2 4418/1/2 4425/1/2
f 4421/3/2 4422/3/2 4426/3/2
f 4426/3/2 4422/3/2 4427/3/2
f 4423/1/2 4424/1/2 4428/1/2
f 4428/1/2 4424/1/2 4429/1/2
f 4430/3/2 4431/3/2 4434/3/2
f 4434/3/2 4431/3/2 4435/3/2
f 4432/1/2 4433/1/2 4437/1/2
f 4437/1/2 4433/1/2 4438/1/2
f 4435/3/2 4436/3/2 4439/3/2
f 4436/1/2 4437/1/2 4440/1/2
f 4439/3/2 4436/3/2 4440/3/2
f 4440/1/2 4437/1/2 4441/1/2
f 4442/2/2 4443/2/2 4444/2/2
f 4444/2/2 4443/2/2 4445/2/2
f 4446/1/2 4447/1/2 4448/1/2
f 4448/1/2 4447/1/2 4449/1/2
f 4450/1/2 4451/1/2 4454/1/2
f 4454/1/2 4451/1/2 4455/1/2
f 4452/1/2 4453/1/2 4458/1/2
f 4458/1/2 4453/1/2 4459/1/2
f 4455/1/2 4456/1/2 4460/1/2
f 4460/1/2 4456/1/2 4461/1/2
f 4457/1/2 4458/1/2 4462/1/2
f 4462/1/2 4458/1/2 4463/1/2
f 4464/1/2 4465/1/2 4468/1/2
f 4468/1/2 4465/1/2 4469/1/2
f 4466/1/2 4467/1/2 4474/1/2
f 4474/1/2 4467/1/2 4475/1/2
f 4470/2/2 4471/2/2 4476/2/2
f 4476/2/2 4471/2/2 4477/2/2
f 4472/2/2 4473/2/2 4478/2/2
f 4478/2/2 4473/2/2 4479/2/2
f 4480/3/2 4481/3/2 4483/3/2
f 4481/1/2 4482/1/2 4484/1/2
f 4483/3/2 4481/3/2 4484/3/2
f 4484/1/2 4482/1/2 4485/1/2
f 4486/2/2 4487/2/2 4490/2/2
f 4490/2/2 4487/2/2 4491/2/2
f 4488/2/2 4489/2/2 4492/2/2
f 4492/2/2 4489/2/2 4493/2/2
f 4494/3/2 4495/3/2 4497/3/2
f 4497/3/2 4495/3/2 4498/3/2
f 4495/1/2 4496/1/2 4499/1/2
f 4498/3/2 4495/3/2 4499/3/2
f 4499/1/2 4496/1/2 4500/1/2
f 4498/3/2 4499/3/2 4501/3/2
f 4501/3/2 4499/3/2 4502/3/2
f 4503/2/2 4504/2/2 4507/2/2
f 4507/2/2 4504/2/2 4508/2/2
f 4505/2/2 4506/2/2 4509/2/2
f 4509/2/2 4506/2/2 4510/2/2
f 4511/3/2 4512/3/2 4515/3/2
f 4515/3/2 4512/3/2 4516/3/2
f 4513/1/2 4514/1/2 4517/1/2
f 4517/1/2 4514/1/2 4518/1/2
f 4519/1/2 4520/1/2 4521/1/2
f 4521/1/2 4520/1/2 4522/1/2
f 4523/1/2 4524/1/2 4525/1/2
f 4525/1/2 4524/1/2 4526/1/2
f 4527/1/2 4528/1/2 4529/1/2
f 4529/1/2 4528/1/2 4530/1/2
f 4530/1/2 4531/1/2 4532/1/2
f 4532/1/2 4531/1/2 4533/1/2
f 4534/1/2 4535/1/2 4536/1/2
f 4536/1/2 4535/1/2 4537/1/2
f 4537/1/2 4538/1/2 4539/1/2
f 4539/1/2 4538/1/2 4540/1/2
f 4540/1/2 4541/1/2 4544/1/2
f 4544/1/2 4541/1/2 4545/1/2
f 4542/2/2 4543/2/2 4548/2/2
f 4548/2/2 4543/2/2 4549/2/2
f 4545/1/2 4546/1/2 4551/1/2
f 4551/1/2 4546/1/2 4552/1/2
f 4547/2/2 4548/2/2 4553/2/2
f 4553/2/2 4548/2/2 4554/2/2
f 4549/2/2 4550/2/2 4555/2/2
f 4555/2/2 4550/2/2 4556/2/2
f 4557/1/2 4558/1/2 4561/1/2
f 4561/1/2 4558/1/2 4562/1/2
f 4559/1/2 4560/1/2 4563/1/2
f 4563/1/2 4560/1/2 4564/1/2
f 4554/2/2 4555/2/2 4565/2/2
f 4565/2/2 4555/2/2 4566/2/2
f 4565/2/2 4566/2/2 4567/2/2
f 4567/2/2 4566/2/2 4568/2/2
f 4569/3/2 4570/3/2 4573/3/2
f 4573/3/2 4570/3/2 4574/3/2
f 4571/3/2 4572/3/2 4575/3/2
f 4575/3/2 4572/3/2 4576/3/2
f 4574/2/2 4575/2/2 4577/2/2
f 4577/2/2 4575/2/2 4578/2/2
f 4579/2/2 4580/2/2 4583/2/2
f 4583/2/2 4580/2/2 4584/2/2
f 4581/2/2 4582/2/2 4586/2/2
f 4586/2/2 4582/2/2 4587/2/2
f 4584/1/2 4585/1/2 4588/1/2
f 4588/1/2 4585/1/2 4589/1/2
f 4590/1/2 4591/1/2 4592/1/2
f 4592/1/2 4591/1/2 4593/1/2
f 4593/1/2 4594/1/2 4595/1/2
f 4595/1/2 4594/1/2 4596/1/2
f 4596/1/2 4597/1/2 4598/1/2
f 4598/1/2 4597/1/2 4599/1/2
f 4599/1/2 4600/1/2 4601/1/2
f 4601/1/2 4600/1/2 4602/1/2
f 4602/1/2 4603/1/2 4604/1/2
f 4604/1/2 4603/1/2 4605/1/2
f 4605/1/2 4606/1/2 4607/1/2
f 4607/1/2 4606/1/2 4608/1/2
f 4608/1/2 4609/1/2 4610/1/2
f 4610/1/2 4609/1/2 4611/1/2
f 4612/1/2 4613/1/2 4615/1/2
f 4615/1/2 4613/1/2 4616/1/2
f 4613/3/2 4614/3/2 4617/3/2
f 4616/1/2 4613/1/2 4617/1/2
f 4617/3/2 4614/3/2 4618/3/2
f 4616/1/2 4617/1/2 4619/1/2
f 4619/1/2 4617/1/2 4620/1/2
f 4621/1/2 4622/1/2 4623/1/2
f 4623/1/2 4622/1/2 4624/1/2
f 4625/2/2 4626/2/2 4629/2/2
f 4629/2/2 4626/2/2 4630/2/2
f 4627/2/2 4628/2/2 4631/2/2
f 4631/2/2 4628/2/2 4632/2/2
f 4633/1/2 4634/1/2 4637/1/2
f 4637/1/2 4634/1/2 4638/1/2
f 4635/3/2 4636/3/2 4640/3/2
f 4640/3/2 4636/3/2 4641/3/2
f 4638/1/2 4639/1/2 4642/1/2
f 4639/3/2 4640/3/2 4643/3/2
f 4642/1/2 4639/1/2 4643/1/2
f 4643/3/2 4640/3/2 4644/3/2
f 4645/1/2 4646/1/2 4647/1/2
f 4647/1/2 4646/1/2 4648/1/2
f 4649/3/2 4650/3/2 4651/3/2
f 4651/3/2 4650/3/2 4652/3/2
f 4652/3/2 4653/3/2 4656/3/2
f 4656/3/2 4653/3/2 4657/3/2
f 4654/3/2 4655/3/2 4660/3/2
f 4660/3/2 4655/3/2 4661/3/2
f 4657/3/2 4658/3/2 4662/3/2
f 4662/3/2 4658/3/2 4663/3/2
f 4659/3/2 4660/3/2 4666/3/2
f 4666/3/2 4660/3/2 4667/3/2
f 4663/3/2 4664/3/2 4668/3/2
f 4668/3/2 4664/3/2 4669/3/2
f 4665/3/2 4666/3/2 4672/3/2
f 4672/3/2 4666/3/2 4673/3/2
f 4669/3/2 4670/3/2 4674/3/2
f 4674/3/2 4670/3/2 4675/3/2
f 4671/3/2 4672/3/2 4678/3/2
f 4678/3/2 4672/3/2 4679/3/2
f 4675/3/2 4676/3/2 4680/3/2
f 4680/3/2 4676/3/2 4681/3/2
f 4677/3/2 4678/3/2 4684/3/2
f 4684/3/2 4678/3/2 4685/3/2
f 4681/3/2 4682/3/2 4686/3/2
f 4686/3/2 4682/3/2 4687/3/2
f 4683/3/2 4684/3/2 4690/3/2
f 4690/3/2 4684/3/2 4691/3/2
f 4687/3/2 4688/3/2 4692/3/2
f 4692/3/2 4688/3/2 4693/3/2
f 4689/3/2 4690/3/2 4696/3/2
f 4696/3/2 4690/3/2 4697/3/2
f 4693/3/2 4694/3/2 4698/3/2
f 4698/3/2 4694/3/2 4699/3/2
f 4695/3/2 4696/3/2 4704/3/2
f 4704/3/2 4696/3/2 4705/3/2
f 4700/1/2 4701/1/2 4706/1/2
f 4706/1/2 4701/1/2 4707/1/2
f 4702/3/2 4703/3/2 4708/3/2
f 4708/3/2 4703/3/2 4709/3/2
f 4710/1/2 4711/1/2 4714/1/2
f 4714/1/2 4711/1/2 4715/1/2
f 4712/3/2 4713/3/2 4717/3/2
f 4717/3/2 4713/3/2 4718/3/2
f 4715/1/2 4716/1/2 4719/1/2
f 4719/1/2 4716/1/2 4720/1/2
f 4716/3/2 4717/3/2 4721/3/2
f 4721/3/2 4717/3/2 4722/3/2
f 4720/1/2 4716/1/2 4723/1/2
f 4716/3/2 4721/3/2 4724/3/2
f 4723/1/2 4716/1/2 4724/1/2
f 4724/3/2 4721/3/2 4725/3/2
f 4726/1/2 4727/1/2 4728/1/2
f 4728/1/2 4727/1/2 4729/1/2
f 4730/2/2 4731/2/2 4734/2/2
f 4734/2/2 4731/2/2 4735/2/2
f 4732/2/2 4733/2/2 4736/2/2
f 4736/2/2 4733/2/2 4737/2/2
f 4738/1/2 4739/1/2 4742/1/2
f 4742/1/2 4739/1/2 4743/1/2
f 4740/3/2 4741/3/2 4746/3/2
f 4746/3/2 4741/3/2 4747/3/2
f 4743/1/2 4744/1/2 4748/1/2
f 4748/1/2 4744/1/2 4749/1/2
f 4745/3/2 4746/3/2 4752/3/2
f 4752/3/2 4746/3/2 4753/3/2
f 4749/1/2 4750/1/2 4754/1/2
f 4754/1/2 4750/1/2 4755/1/2
f 4751/3/2 4752/3/2 4759/3/2
f 4759/3/2 4752/3/2 4760/3/2
f 4756/1/2 4757/1/2 4761/1/2
f 4757/3/2 4758/3/2 4762/3/2
f 4761/1/2 4757/1/2 4762/1/2
f 4762/3/2 4758/3/2 4763/3/2
f 4764/2/2 4765/2/2 4768/2/2
f 4766/2/2 4767/2/2 4773/2/2
f 4769/3/2 4770/3/2 4774/3/2
f 4774/3/2 4770/3/2 4775/3/2
f 4771/3/2 4772/3/2 4780/3/2
f 4780/3/2 4772/3/2 4781/3/2
f 4764/2/2 4768/2/2 4782/2/2
f 4782/2/2 4768/2/2 4783/2/2
f 4776/3/2 4777/3/2 4784/3/2
f 4784/3/2 4777/3/2 4785/3/2
f 4778/3/2 4779/3/2 4790/3/2
f 4790/3/2 4779/3/2 4791/3/2
f 4773/2/2 4767/2/2 4792/2/2
f 4792/2/2 4767/2/2 4793/2/2
f 4786/3/2 4787/3/2 4794/3/2
f 4794/3/2 4787/3/2 4795/3/2
f 4788/3/2 4789/3/2 4800/3/2
f 4800/3/2 4789/3/2 4801/3/2
f 4796/3/2 4797/3/2 4802/3/2
f 4802/3/2 4797/3/2 4803/3/2
f 4798/3/2 4799/3/2 4804/3/2
f 4804/3/2 4799/3/2 4805/3/2
f 4806/3/2 4807/3/2 4810/3/2
f 4810/3/2 4807/3/2 4811/3/2
f 4808/3/2 4809/3/2 4814/3/2
f 4814/3/2 4809/3/2 4815/3/2
f 4811/3/2 4812/3/2 4816/3/2
f 4816/3/2 4812/3/2 4817/3/2
f 4813/3/2 4814/3/2 4820/3/2
f 4820/3/2 4814/3/2 4821/3/2
f 4817/3/2 4818/3/2 4822/3/2
f 4822/3/2 4818/3/2 4823/3/2
f 4819/3/2 4820/3/2 4826/3/2
f 4826/3/2 4820/3/2 4827/3/2
f 4823/3/2 4824/3/2 4828/3/2
f 4828/3/2 4824/3/2 4829/3/2
f 4825/3/2 4826/3/2 4832/3/2
f 4832/3/2 4826/3/2 4833/3/2
f 4829/3/2 4830/3/2 4834/3/2
f 4834/3/2 4830/3/2 4835/3/2
f 4831/3/2 4832/3/2 4838/3/2
f 4838/3/2 4832/3/2 4839/3/2
f 4835/3/2 4836/3/2 4840/3/2
f 4840/3/2 4836/3/2 4841/3/2
f 4837/3/2 4838/3/2 4844/3/2
f 4844/3/2 4838/3/2 4845/3/2
f 4841/3/2 4842/3/2 4846/3/2
f 4846/3/2 4842/3/2 4847/3/2
f 4843/3/2 4844/3/2 4854/3/2
f 4854/3/2 4844/3/2 4855/3/2
f 4849/2/2 4850/2/2 4856/2/2
f 4856/2/2 4850/2/2 4857/2/2
f 4851/2/2 4852/2/2 4858/2/2
f 4858/2/2 4852/2/2 4859/2/2
f 4847/3/2 4848/3/2 4860/3/2
f 4860/3/2 4848/3/2 4861/3/2
f 4853/3/2 4854/3/2 4866/3/2
f 4866/3/2 4854/3/2 4867/3/2
f 4862/1/2 4863/1/2 4868/1/2
f 4868/1/2 4863/1/2 4869/1/2
f 4864/3/2 4865/3/2 4872/3/2
f 4872/3/2 4865/3/2 4873/3/2
f 4869/1/2 4870/1/2 4874/1/2
f 4874/1/2 4870/1/2 4875/1/2
f 4871/3/2 4872/3/2 4878/3/2
f 4878/3/2 4872/3/2 4879/3/2
f 4875/1/2 4876/1/2 4880/1/2
f 4880/1/2 4876/1/2 4881/1/2
f 4877/3/2 4878/3/2 4883/3/2
f 4883/3/2 4878/3/2 4884/3/2
f 4881/1/2 4882/1/2 4885/1/2
f 4882/3/2 4883/3/2 4886/3/2
f 4885/1/2 4882/1/2 4886/1/2
f 4886/3/2 4883/3/2 4887/3/2
f 4888/3/2 4889/3/2 4892/3/2
f 4892/3/2 4889/3/2 4893/3/2
f 4890/3/2 4891/3/2 4894/3/2
f 4894/3/2 4891/3/2 4895/3/2
f 4896/3/2 4897/3/2 4900/3/2
f 4900/3/2 4897/3/2 4901/3/2
f 4898/3/2 4899/3/2 4904/3/2
f 4904/3/2 4899/3/2 4905/3/2
f 4901/3/2 4902/3/2 4906/3/2
f 4906/3/2 4902/3/2 4907/3/2
f 4903/3/2 4904/3/2 4910/3/2
f 4910/3/2 4904/3/2 4911/3/2
f 4907/3/2 4908/3/2 4912/3/2
f 4912/3/2 4908/3/2 4913/3/2
f 4909/3/2 4910/3/2 4916/3/2
f 4916/3/2 4910/3/2 4917/3/2
f 4913/3/2 4914/3/2 4918/3/2
f 4918/3/2 4914/3/2 4919/3/2
f 4915/3/2 4916/3/2 4922/3/2
f 4922/3/2 4916/3/2 4923/3/2
f 4919/3/2 4920/3/2 4924/3/2
f 4924/3/2 4920/3/2 4925/3/2
f 4921/3/2 4922/3/2 4928/3/2
f 4928/3/2 4922/3/2 4929/3/2
f 4925/3/2 4926/3/2 4930/3/2
f 4930/3/2 4926/3/2 4931/3/2
f 4927/3/2 4928/3/2 4934/3/2
f 4934/3/2 4928/3/2 4935/3/2
f 4931/3/2 4932/3/2 4936/3/2
f 4936/3/2 4932/3/2 4937/3/2
f 4933/3/2 4934/3/2 4944/3/2
f 4944/3/2 4934/3/2 4945/3/2
f 4939/2/2 4940/2/2 4946/2/2
f 4946/2/2 4940/2/2 4947/2/2
f 4941/2/2 4942/2/2 4948/2/2
f 4948/2/2 4942/2/2 4949/2/2
f 4937/3/2 4938/3/2 4950/3/2
f 4950/3/2 4938/3/2 4951/3/2
f 4943/3/2 4944/3/2 4956/3/2
f 4956/3/2 4944/3/2 4957/3/2
f 4952/1/2 4953/1/2 4958/1/2
f 4958/1/2 4953/1/2 4959/1/2
f 4954/3/2 4955/3/2 4962/3/2
f 4962/3/2 4955/3/2 4963/3/2
f 4959/1/2 4960/1/2 4964/1/2
f 4964/1/2 4960/1/2 4965/1/2
f 4961/3/2 4962/3/2 4967/3/2
f 4967/3/2 4962/3/2 4968/3/2
f 4965/1/2 4966/1/2 4969/1/2
f 4966/3/2 4967/3/2 4970/3/2
f 4969/1/2 4966/1/2 4970/1/2
f 4970/3/2 4967/3/2 4971/3/2
f 4972/3/2 4973/3/2 4976/3/2
f 4976/3/2 4973/3/2 4977/3/2
f 4974/3/2 4975/3/2 4980/3/2
f 4980/3/2 4975/3/2 4981/3/2
f 4977/3/2 4978/3/2 4982/3/2
f 4982/3/2 4978/3/2 4983/3/2
f 4979/3/2 4980/3/2 4986/3/2
f 4986/3/2 4980/3/2 4987/3/2
f 4983/3/2 4984/3/2 4988/3/2
f 4988/3/2 4984/3/2 4989/3/2
f 4985/3/2 4986/3/2 4992/3/2
f 4992/3/2 4986/3/2 4993/3/2
f 4989/3/2 4990/3/2 4994/3/2
f 4994/3/2 4990/3/2 4995/3/2
f 4991/3/2 4992/3/2 4998/3/2
f 4998/3/2 4992/3/2 4999/3/2
f 4995/3/2 4996/3/2 5000/3/2
f 5000/3/2 4996/3/2 5001/3/2
f 4997/3/2 4998/3/2 5004/3/2
f 5004/3/2 4998/3/2 5005/3/2
f 5001/3/2 5002/3/2 5006/3/2
f 5006/3/2 5002/3/2 5007/3/2
f 5003/3/2 5004/3/2 5010/3/2
f 5010/3/2 5004/3/2 5011/3/2
f 5007/3/2 5008/3/2 5012/3/2
f 5012/3/2 5008/3/2 5013/3/2
f 5009/3/2 5010/3/2 5016/3/2
f 5016/3/2 5010/3/2 5017/3/2
f 5013/3/2 5014/3/2 5018/3/2
f 5018/3/2 5014/3/2 5019/3/2
f 5015/3/2 5016/3/2 5022/3/2
f 5022/3/2 5016/3/2 5023/3/2
f 5019/3/2 5020/3/2 5024/3/2
f 5019/3/2 5024/3/2 5025/3/2
f 5025/3/2 5024/3/2 5026/3/2
f 5021/3/2 5022/3/2 5033/3/2
f 5033/3/2 5022/3/2 5034/3/2
f 5028/2/2 5029/2/2 5035/2/2
f 5035/2/2 5029/2/2 5036/2/2
f 5030/2/2 5031/2/2 5037/2/2
f 5037/2/2 5031/2/2 5038/2/2
f 5026/3/2 5027/3/2 5039/3/2
f 5032/3/2 5033/3/2 5044/3/2
f 5026/3/2 5039/3/2 5045/3/2
f 5045/3/2 5039/3/2 5046/3/2
f 5040/1/2 5041/1/2 5047/1/2
f 5047/1/2 5041/1/2 5048/1/2
f 5048/1/2 5041/1/2 5049/1/2
f 5042/3/2 5043/3/2 5051/3/2
f 5051/3/2 5043/3/2 5052/3/2
f 5052/3/2 5043/3/2 5053/3/2
f 5044/3/2 5033/3/2 5054/3/2
f 5054/3/2 5033/3/2 5055/3/2
f 5049/1/2 5050/1/2 5056/1/2
f 5048/1/2 5049/1/2 5056/1/2
f 5051/3/2 5052/3/2 5057/3/2
f 5056/1/2 5050/1/2 5057/1/2
f 5050/3/2 5051/3/2 5057/3/2
f 5057/3/2 5052/3/2 5058/3/2
f 5059/2/2 5060/2/2 5063/2/2
f 5061/2/2 5062/2/2 5068/2/2
f 5059/2/2 5063/2/2 5069/2/2
f 5069/2/2 5063/2/2 5070/2/2
f 5064/3/2 5065/3/2 5071/3/2
f 5071/3/2 5065/3/2 5072/3/2
f 5066/3/2 5067/3/2 5075/3/2
f 5075/3/2 5067/3/2 5076/3/2
f 5068/2/2 5062/2/2 5077/2/2
f 5077/2/2 5062/2/2 5078/2/2
f 5072/3/2 5073/3/2 5079/3/2
f 5079/3/2 5073/3/2 5080/3/2
f 5080/3/2 5073/3/2 5081/3/2
f 5074/3/2 5075/3/2 5088/3/2
f 5088/3/2 5075/3/2 5089/3/2
f 5089/3/2 5075/3/2 5090/3/2
f 5080/3/2 5081/3/2 5091/3/2
f 5081/3/2 5082/3/2 5091/3/2
f 5091/3/2 5082/3/2 5092/3/2
f 5083/3/2 5084/3/2 5093/3/2
f 5093/3/2 5084/3/2 5094/3/2
f 5085/3/2 5086/3/2 5097/3/2
f 5097/3/2 5086/3/2 5098/3/2
f 5088/3/2 5089/3/2 5099/3/2
f 5087/3/2 5088/3/2 5099/3/2
f 5099/3/2 5089/3/2 5100/3/2
f 5094/3/2 5095/3/2 5101/3/2
f 5101/3/2 5095/3/2 5102/3/2
f 5096/3/2 5097/3/2 5105/3/2
f 5105/3/2 5097/3/2 5106/3/2
f 5102/3/2 5103/3/2 5107/3/2
f 5107/3/2 5103/3/2 5108/3/2
f 5104/3/2 5105/3/2 5111/3/2
f 5111/3/2 5105/3/2 5112/3/2
f 5108/3/2 5109/3/2 5113/3/2
f 5113/3/2 5109/3/2 5114/3/2
f 5110/3/2 5111/3/2 5117/3/2
f 5117/3/2 5111/3/2 5118/3/2
f 5114/3/2 5115/3/2 5119/3/2
f 5119/3/2 5115/3/2 5120/3/2
f 5116/3/2 5117/3/2 5123/3/2
f 5123/3/2 5117/3/2 5124/3/2
f 5120/3/2 5121/3/2 5125/3/2
f 5125/3/2 5121/3/2 5126/3/2
f 5122/3/2 5123/3/2 5129/3/2
f 5129/3/2 5123/3/2 5130/3/2
f 5126/3/2 5127/3/2 5131/3/2
f 5131/3/2 5127/3/2 5132/3/2
f 5128/3/2 5129/3/2 5135/3/2
f 5135/3/2 5129/3/2 5136/3/2
f 5132/1/2 5133/1/2 5137/1/2
f 5137/1/2 5133/1/2 5138/1/2
f 5137/3/2 5138/3/2 5139/3/2
f 5139/3/2 5138/3/2 5140/3/2
f 5134/3/2 5135/3/2 5147/3/2
f 5147/3/2 5135/3/2 5148/3/2
f 5142/2/2 5143/2/2 5149/2/2
f 5149/2/2 5143/2/2 5150/2/2
f 5144/2/2 5145/2/2 5151/2/2
f 5151/2/2 5145/2/2 5152/2/2
f 5140/1/2 5141/1/2 5153/1/2
f 5153/1/2 5141/1/2 5154/1/2
f 5146/3/2 5147/3/2 5158/3/2
f 5158/3/2 5147/3/2 5159/3/2
f 5155/1/2 5156/1/2 5160/1/2
f 5156/3/2 5157/3/2 5161/3/2
f 5160/1/2 5156/1/2 5161/1/2
f 5161/3/2 5157/3/2 5162/3/2
f 5163/3/2 5164/3/2 5167/3/2
f 5167/3/2 5164/3/2 5168/3/2
f 5165/3/2 5166/3/2 5171/3/2
f 5171/3/2 5166/3/2 5172/3/2
f 5168/3/2 5169/3/2 5173/3/2
f 5173/3/2 5169/3/2 5174/3/2
f 5170/3/2 5171/3/2 5177/3/2
f 5177/3/2 5171/3/2 5178/3/2
f 5174/3/2 5175/3/2 5179/3/2
f 5179/3/2 5175/3/2 5180/3/2
f 5176/3/2 5177/3/2 5183/3/2
f 5183/3/2 5177/3/2 5184/3/2
f 5180/3/2 5181/3/2 5185/3/2
f 5185/3/2 5181/3/2 5186/3/2
f 5182/3/2 5183/3/2 5189/3/2
f 5189/3/2 5183/3/2 5190/3/2
f 5186/3/2 5187/3/2 5191/3/2
f 5191/3/2 5187/3/2 5192/3/2
f 5188/3/2 5189/3/2 5195/3/2
f 5195/3/2 5189/3/2 5196/3/2
f 5192/3/2 5193/3/2 5197/3/2
f 5197/3/2 5193/3/2 5198/3/2
f 5194/3/2 5195/3/2 5201/3/2
f 5201/3/2 5195/3/2 5202/3/2
f 5198/3/2 5199/3/2 5203/3/2
f 5203/3/2 5199/3/2 5204/3/2
f 5200/1/2 5201/1/2 5207/1/2
f 5207/1/2 5201/1/2 5208/1/2
f 5204/1/2 5205/1/2 5209/1/2
f 5209/1/2 5205/1/2 5210/1/2
f 5206/1/2 5207/1/2 5213/1/2
f 5213/1/2 5207/1/2 5214/1/2
f 5210/1/2 5211/1/2 5215/1/2
f 5210/1/2 5215/1/2 5216/1/2
f 5216/1/2 5215/1/2 5217/1/2
f 5212/1/2 5213/1/2 5218/1/2
f 5218/1/2 5213/1/2 5219/1/2
f 5220/3/2 5221/3/2 5224/3/2
f 5224/3/2 5221/3/2 5225/3/2
f 5222/3/2 5223/3/2 5228/3/2
f 5228/3/2 5223/3/2 5229/3/2
f 5225/3/2 5226/3/2 5230/3/2
f 5230/3/2 5226/3/2 5231/3/2
f 5227/3/2 5228/3/2 5234/3/2
f 5234/3/2 5228/3/2 5235/3/2
f 5231/3/2 5232/3/2 5236/3/2
f 5236/3/2 5232/3/2 5237/3/2
f 5233/3/2 5234/3/2 5240/3/2
f 5240/3/2 5234/3/2 5241/3/2
f 5237/1/2 5238/1/2 5242/1/2
f 5242/1/2 5238/1/2 5243/1/2
f 5239/1/2 5240/1/2 5246/1/2
f 5246/1/2 5240/1/2 5247/1/2
f 5243/1/2 5244/1/2 5248/1/2
f 5248/1/2 5244/1/2 5249/1/2
f 5245/1/2 5246/1/2 5252/1/2
f 5252/1/2 5246/1/2 5253/1/2
f 5249/1/2 5250/1/2 5254/1/2
f 5254/1/2 5250/1/2 5255/1/2
f 5251/1/2 5252/1/2 5258/1/2
f 5258/1/2 5252/1/2 5259/1/2
f 5255/1/2 5256/1/2 5260/1/2
f 5255/1/2 5260/1/2 5261/1/2
f 5261/1/2 5260/1/2 5262/1/2
f 5257/1/2 5258/1/2 5264/1/2
f 5264/1/2 5258/1/2 5265/1/2
f 5262/1/2 5263/1/2 5266/1/2
f 5263/3/2 5264/3/2 5267/3/2
f 5266/1/2 5263/1/2 5267/1/2
f 5266/3/2 5267/3/2 5268/3/2
f 5267/3/2 5264/3/2 5269/3/2
f 5268/3/2 5267/3/2 5269/3/2
f 5269/3/2 5264/3/2 5270/3/2
f 5270/3/2 5264/3/2 5271/3/2
f 5269/3/2 5270/3/2 5272/3/2
f 5272/3/2 5270/3/2 5273/3/2
f 5274/2/2 5275/2/2 5278/2/2
f 5278/2/2 5275/2/2 5279/2/2
f 5276/2/2 5277/2/2 5284/2/2
f 5284/2/2 5277/2/2 5285/2/2
f 5280/3/2 5281/3/2 5286/3/2
f 5286/3/2 5281/3/2 5287/3/2
f 5282/3/2 5283/3/2 5296/3/2
f 5296/3/2 5283/3/2 5297/3/2
f 5288/3/2 5289/3/2 5298/3/2
f 5298/3/2 5289/3/2 5299/3/2
f 5290/3/2 5291/3/2 5300/3/2
f 5300/3/2 5291/3/2 5301/3/2
f 5292/3/2 5293/3/2 5302/3/2
f 5302/3/2 5293/3/2 5303/3/2
f 5294/3/2 5295/3/2 5304/3/2
f 5304/3/2 5295/3/2 5305/3/2
f 5306/3/2 5307/3/2 5310/3/2
f 5310/3/2 5307/3/2 5311/3/2
f 5308/3/2 5309/3/2 5314/3/2
f 5314/3/2 5309/3/2 5315/3/2
f 5311/1/2 5312/1/2 5316/1/2
f 5316/1/2 5312/1/2 5317/1/2
f 5313/1/2 5314/1/2 5320/1/2
f 5320/1/2 5314/1/2 5321/1/2
f 5317/1/2 5318/1/2 5322/1/2
f 5322/1/2 5318/1/2 5323/1/2
f 5319/1/2 5320/1/2 5326/1/2
f 5326/1/2 5320/1/2 5327/1/2
f 5323/1/2 5324/1/2 5328/1/2
f 5328/1/2 5324/1/2 5329/1/2
f 5325/1/2 5326/1/2 5332/1/2
f 5332/1/2 5326/1/2 5333/1/2
f 5329/1/2 5330/1/2 5334/1/2
f 5334/1/2 5330/1/2 5335/1/2
f 5331/1/2 5332/1/2 5338/1/2
f 5338/1/2 5332/1/2 5339/1/2
f 5335/1/2 5336/1/2 5340/1/2
f 5340/1/2 5336/1/2 5341/1/2
f 5337/1/2 5338/1/2 5343/1/2
f 5343/1/2 5338/1/2 5344/1/2
f 5341/1/2 5342/1/2 5345/1/2
f 5342/3/2 5343/3/2 5346/3/2
f 5345/1/2 5342/1/2 5346/1/2
f 5345/3/2 5346/3/2 5347/3/2
f 5346/3/2 5343/3/2 5348/3/2
f 5347/3/2 5346/3/2 5348/3/2
f 5349/3/2 5350/3/2 5354/3/2
f 5354/3/2 5350/3/2 5355/3/2
f 5351/3/2 5352/3/2 5358/3/2
f 5358/3/2 5352/3/2 5359/3/2
f 5353/2/2 5354/2/2 5361/2/2
f 5355/3/2 5356/3/2 5362/3/2
f 5361/2/2 5354/2/2 5362/2/2
f 5354/3/2 5355/3/2 5362/3/2
f 5362/3/2 5356/3/2 5363/3/2
f 5358/3/2 5359/3/2 5366/3/2
f 5357/3/2 5358/3/2 5366/3/2
f 5359/2/2 5360/2/2 5367/2/2
f 5366/3/2 5359/3/2 5367/3/2
f 5367/2/2 5360/2/2 5368/2/2
f 5363/3/2 5364/3/2 5369/3/2
f 5369/3/2 5364/3/2 5370/3/2
f 5365/3/2 5366/3/2 5377/3/2
f 5377/3/2 5366/3/2 5378/3/2
f 5370/3/2 5371/3/2 5379/3/2
f 5379/3/2 5371/3/2 5380/3/2
f 5372/3/2 5373/3/2 5381/3/2
f 5381/3/2 5373/3/2 5382/3/2
f 5374/3/2 5375/3/2 5389/3/2
f 5389/3/2 5375/3/2 5390/3/2
f 5376/3/2 5377/3/2 5391/3/2
f 5391/3/2 5377/3/2 5392/3/2
f 5383/3/2 5384/3/2 5393/3/2
f 5384/1/2 5385/1/2 5394/1/2
f 5393/3/2 5384/3/2 5394/3/2
f 5394/1/2 5385/1/2 5395/1/2
f 5386/1/2 5387/1/2 5398/1/2
f 5387/3/2 5388/3/2 5399/3/2
f 5398/1/2 5387/1/2 5399/1/2
f 5399/3/2 5388/3/2 5400/3/2
f 5395/1/2 5396/1/2 5401/1/2
f 5401/1/2 5396/1/2 5402/1/2
f 5397/1/2 5398/1/2 5405/1/2
f 5405/1/2 5398/1/2 5406/1/2
f 5402/1/2 5403/1/2 5407/1/2
f 5407/1/2 5403/1/2 5408/1/2
f 5404/1/2 5405/1/2 5411/1/2
f 5411/1/2 5405/1/2 5412/1/2
f 5408/1/2 5409/1/2 5413/1/2
f 5413/1/2 5409/1/2 5414/1/2
f 5410/1/2 5411/1/2 5417/1/2
f 5417/1/2 5411/1/2 5418/1/2
f 5414/1/2 5415/1/2 5419/1/2
f 5419/1/2 5415/1/2 5420/1/2
f 5416/1/2 5417/1/2 5423/1/2
f 5423/1/2 5417/1/2 5424/1/2
f 5420/1/2 5421/1/2 5425/1/2
f 5425/1/2 5421/1/2 5426/1/2
f 5422/1/2 5423/1/2 5427/1/2
f 5427/1/2 5423/1/2 5428/1/2
f 5426/3/2 5427/3/2 5429/3/2
f 5429/3/2 5427/3/2 5430/3/2
f 5431/2/2 5432/2/2 5439/2/2
f 5439/2/2 5432/2/2 5440/2/2
f 5435/3/2 5436/3/2 5441/3/2
f 5441/3/2 5436/3/2 5442/3/2
f 5437/3/2 5438/3/2 5447/3/2
f 5447/3/2 5438/3/2 5448/3/2
f 5433/2/2 5434/2/2 5449/2/2
f 5449/2/2 5434/2/2 5450/2/2
f 5443/3/2 5444/3/2 5451/3/2
f 5451/3/2 5444/3/2 5452/3/2
f 5445/3/2 5446/3/2 5453/3/2
f 5453/3/2 5446/3/2 5454/3/2
f 5455/3/2 5456/3/2 5459/3/2
f 5459/3/2 5456/3/2 5460/3/2
f 5457/3/2 5458/3/2 5469/3/2
f 5469/3/2 5458/3/2 5470/3/2
f 5461/3/2 5462/3/2 5471/3/2
f 5471/3/2 5462/3/2 5472/3/2
f 5463/1/2 5464/1/2 5473/1/2
f 5473/1/2 5464/1/2 5474/1/2
f 5465/1/2 5466/1/2 5477/1/2
f 5477/1/2 5466/1/2 5478/1/2
f 5467/3/2 5468/3/2 5479/3/2
f 5479/3/2 5468/3/2 5480/3/2
f 5474/1/2 5475/1/2 5481/1/2
f 5481/1/2 5475/1/2 5482/1/2
f 5476/1/2 5477/1/2 5485/1/2
f 5485/1/2 5477/1/2 5486/1/2
f 5482/1/2 5483/1/2 5487/1/2
f 5487/1/2 5483/1/2 5488/1/2
f 5484/1/2 5485/1/2 5491/1/2
f 5491/1/2 5485/1/2 5492/1/2
f 5488/1/2 5489/1/2 5493/1/2
f 5493/1/2 5489/1/2 5494/1/2
f 5490/1/2 5491/1/2 5497/1/2
f 5497/1/2 5491/1/2 5498/1/2
f 5494/1/2 5495/1/2 5499/1/2
f 5499/1/2 5495/1/2 5500/1/2
f 5496/1/2 5497/1/2 5501/1/2
f 5501/1/2 5497/1/2 5502/1/2
f 5500/3/2 5501/3/2 5503/3/2
f 5503/3/2 5501/3/2 5504/3/2
f 5505/3/2 5506/3/2 5509/3/2
f 5509/3/2 5506/3/2 5510/3/2
f 5507/3/2 5508/3/2 5511/3/2
f 5511/3/2 5508/3/2 5512/3/2
f 5513/3/2 5514/3/2 5521/3/2
f 5521/3/2 5514/3/2 5522/3/2
f 5515/1/2 5516/1/2 5523/1/2
f 5523/1/2 5516/1/2 5524/1/2
f 5517/1/2 5518/1/2 5527/1/2
f 5527/1/2 5518/1/2 5528/1/2
f 5519/3/2 5520/3/2 5529/3/2
f 5529/3/2 5520/3/2 5530/3/2
f 5524/1/2 5525/1/2 5531/1/2
f 5531/1/2 5525/1/2 5532/1/2
f 5526/1/2 5527/1/2 5535/1/2
f 5535/1/2 5527/1/2 5536/1/2
f 5532/1/2 5533/1/2 5537/1/2
f 5537/1/2 5533/1/2 5538/1/2
f 5534/1/2 5535/1/2 5541/1/2
f 5541/1/2 5535/1/2 5542/1/2
f 5538/1/2 5539/1/2 5543/1/2
f 5543/1/2 5539/1/2 5544/1/2
f 5540/1/2 5541/1/2 5545/1/2
f 5545/1/2 5541/1/2 5546/1/2
f 5544/3/2 5545/3/2 5547/3/2
f 5547/3/2 5545/3/2 5548/3/2
f 5549/2/2 5550/2/2 5557/2/2
f 5557/2/2 5550/2/2 5558/2/2
f 5553/3/2 5554/3/2 5559/3/2
f 5559/3/2 5554/3/2 5560/3/2
f 5555/3/2 5556/3/2 5565/3/2
f 5565/3/2 5556/3/2 5566/3/2
f 5551/2/2 5552/2/2 5567/2/2
f 5567/2/2 5552/2/2 5568/2/2
f 5561/3/2 5562/3/2 5569/3/2
f 5569/3/2 5562/3/2 5570/3/2
f 5563/3/2 5564/3/2 5571/3/2
f 5571/3/2 5564/3/2 5572/3/2
f 5573/1/2 5574/1/2 5580/1/2
f 5580/1/2 5574/1/2 5581/1/2
f 5575/1/2 5576/1/2 5582/1/2
f 5582/1/2 5576/1/2 5583/1/2
f 5578/3/2 5579/3/2 5587/3/2
f 5577/3/2 5578/3/2 5587/3/2
f 5587/3/2 5579/3/2 5588/3/2
f 5585/3/2 5586/3/2 5593/3/2
f 5584/3/2 5585/3/2 5593/3/2
f 5593/3/2 5586/3/2 5594/3/2
f 5589/1/2 5590/1/2 5595/1/2
f 5595/1/2 5590/1/2 5596/1/2
f 5591/1/2 5592/1/2 5601/1/2
f 5601/1/2 5592/1/2 5602/1/2
f 5596/1/2 5597/1/2 5603/1/2
f 5597/1/2 5598/1/2 5603/1/2
f 5603/1/2 5598/1/2 5604/1/2
f 5599/1/2 5600/1/2 5605/1/2
f 5600/1/2 5601/1/2 5605/1/2
f 5605/1/2 5601/1/2 5606/1/2
f 5604/3/2 5605/3/2 5607/3/2
f 5607/3/2 5605/3/2 5608/3/2
f 5609/2/2 5610/2/2 5613/2/2
f 5611/2/2 5612/2/2 5614/2/2
f 5609/2/2 5613/2/2 5619/2/2
f 5619/2/2 5613/2/2 5620/2/2
f 5615/3/2 5616/3/2 5621/3/2
f 5621/3/2 5616/3/2 5622/3/2
f 5617/3/2 5618/3/2 5623/3/2
f 5614/2/2 5612/2/2 5624/2/2
f 5624/2/2 5612/2/2 5625/2/2
f 5617/3/2 5623/3/2 5626/3/2
f 5626/3/2 5623/3/2 5627/3/2
f 5628/3/2 5629/3/2 5640/3/2
f 5629/3/2 5630/3/2 5640/3/2
f 5630/1/2 5631/1/2 5641/1/2
f 5640/3/2 5630/3/2 5641/3/2
f 5641/1/2 5631/1/2 5642/1/2
f 5632/1/2 5633/1/2 5643/1/2
f 5643/1/2 5633/1/2 5644/1/2
f 5634/1/2 5635/1/2 5645/1/2
f 5645/1/2 5635/1/2 5646/1/2
f 5636/1/2 5637/1/2 5647/1/2
f 5638/3/2 5639/3/2 5648/3/2
f 5647/1/2 5637/1/2 5648/1/2
f 5637/3/2 5638/3/2 5648/3/2
f 5648/3/2 5639/3/2 5649/3/2
f 5650/1/2 5651/1/2 5656/1/2
f 5651/3/2 5652/3/2 5657/3/2
f 5656/1/2 5651/1/2 5657/1/2
f 5657/3/2 5652/3/2 5658/3/2
f 5653/3/2 5654/3/2 5659/3/2
f 5654/1/2 5655/1/2 5660/1/2
f 5659/3/2 5654/3/2 5660/3/2
f 5660/1/2 5655/1/2 5661/1/2
f 5658/3/2 5659/3/2 5662/3/2
f 5662/3/2 5659/3/2 5663/3/2
f 5664/2/2 5665/2/2 5668/2/2
f 5666/2/2 5667/2/2 5673/2/2
f 5669/3/2 5670/3/2 5674/3/2
f 5674/3/2 5670/3/2 5675/3/2
f 5671/3/2 5672/3/2 5681/3/2
f 5681/3/2 5672/3/2 5682/3/2
f 5682/3/2 5672/3/2 5683/3/2
f 5664/2/2 5668/2/2 5684/2/2
f 5684/2/2 5668/2/2 5685/2/2
f 5676/3/2 5677/3/2 5686/3/2
f 5677/1/2 5678/1/2 5687/1/2
f 5686/3/2 5677/3/2 5687/3/2
f 5687/1/2 5678/1/2 5688/1/2
f 5679/3/2 5680/3/2 5691/3/2
f 5691/3/2 5680/3/2 5692/3/2
f 5673/2/2 5667/2/2 5693/2/2
f 5693/2/2 5667/2/2 5694/2/2
f 5687/3/2 5688/3/2 5695/3/2
f 5688/1/2 5689/1/2 5696/1/2
f 5695/3/2 5688/3/2 5696/3/2
f 5696/1/2 5689/1/2 5697/1/2
f 5690/1/2 5691/1/2 5706/1/2
f 5691/3/2 5692/3/2 5707/3/2
f 5706/1/2 5691/1/2 5707/1/2
f 5707/3/2 5692/3/2 5708/3/2
f 5698/1/2 5699/1/2 5709/1/2
f 5709/1/2 5699/1/2 5710/1/2
f 5700/1/2 5701/1/2 5711/1/2
f 5711/1/2 5701/1/2 5712/1/2
f 5702/1/2 5703/1/2 5713/1/2
f 5713/1/2 5703/1/2 5714/1/2
f 5704/1/2 5705/1/2 5715/1/2
f 5715/1/2 5705/1/2 5716/1/2
f 5717/3/2 5718/3/2 5719/3/2
f 5719/3/2 5718/3/2 5720/3/2
f 5723/3/2 5724/3/2 5727/3/2
f 5727/3/2 5724/3/2 5728/3/2
f 5721/2/2 5722/2/2 5739/2/2
f 5739/2/2 5722/2/2 5740/2/2
f 5729/3/2 5730/3/2 5741/3/2
f 5730/3/2 5731/3/2 5741/3/2
f 5741/3/2 5731/3/2 5742/3/2
f 5732/1/2 5733/1/2 5743/1/2
f 5743/1/2 5733/1/2 5744/1/2
f 5734/1/2 5735/1/2 5747/1/2
f 5747/1/2 5735/1/2 5748/1/2
f 5737/3/2 5738/3/2 5749/3/2
f 5736/3/2 5737/3/2 5749/3/2
f 5749/3/2 5738/3/2 5750/3/2
f 5725/2/2 5726/2/2 5751/2/2
f 5751/2/2 5726/2/2 5752/2/2
f 5744/1/2 5745/1/2 5753/1/2
f 5753/1/2 5745/1/2 5754/1/2
f 5746/1/2 5747/1/2 5757/1/2
f 5757/1/2 5747/1/2 5758/1/2
f 5755/3/2 5756/3/2 5759/3/2
f 5759/3/2 5756/3/2 5760/3/2
f 5765/1/2 5766/1/2 5769/1/2
f 5769/1/2 5766/1/2 5770/1/2
f 5767/1/2 5768/1/2 5771/1/2
f 5771/1/2 5768/1/2 5772/1/2
f 5761/2/2 5762/2/2 5773/2/2
f 5773/2/2 5762/2/2 5774/2/2
f 5763/2/2 5764/2/2 5781/2/2
f 5781/2/2 5764/2/2 5782/2/2
f 5775/1/2 5776/1/2 5783/1/2
f 5783/1/2 5776/1/2 5784/1/2
f 5777/3/2 5778/3/2 5787/3/2
f 5787/3/2 5778/3/2 5788/3/2
f 5779/1/2 5780/1/2 5791/1/2
f 5791/1/2 5780/1/2 5792/1/2
f 5785/3/2 5786/3/2 5793/3/2
f 5793/3/2 5786/3/2 5794/3/2
f 5789/3/2 5790/3/2 5795/3/2
f 5795/3/2 5790/3/2 5796/3/2
f 5799/1/2 5800/1/2 5805/1/2
f 5805/1/2 5800/1/2 5806/1/2
f 5801/1/2 5802/1/2 5811/1/2
f 5811/1/2 5802/1/2 5812/1/2
f 5797/2/2 5798/2/2 5813/2/2
f 5807/1/2 5808/1/2 5814/1/2
f 5814/1/2 5808/1/2 5815/1/2
f 5809/1/2 5810/1/2 5818/1/2
f 5818/1/2 5810/1/2 5819/1/2
f 5803/2/2 5804/2/2 5820/2/2
f 5797/2/2 5813/2/2 5821/2/2
f 5821/2/2 5813/2/2 5822/2/2
f 5815/1/2 5816/1/2 5823/1/2
f 5823/1/2 5816/1/2 5824/1/2
f 5817/1/2 5818/1/2 5829/1/2
f 5829/1/2 5818/1/2 5830/1/2
f 5820/2/2 5804/2/2 5831/2/2
f 5831/2/2 5804/2/2 5832/2/2
f 5825/3/2 5826/3/2 5835/3/2
f 5835/3/2 5826/3/2 5836/3/2
f 5827/3/2 5828/3/2 5837/3/2
f 5837/3/2 5828/3/2 5838/3/2
f 5833/1/2 5834/1/2 5841/1/2
f 5841/1/2 5834/1/2 5842/1/2
f 5839/1/2 5840/1/2 5843/1/2
f 5843/1/2 5840/1/2 5844/1/2
f 5845/2/2 5846/2/2 5853/2/2
f 5849/1/2 5850/1/2 5854/1/2
f 5854/1/2 5850/1/2 5855/1/2
f 5851/1/2 5852/1/2 5856/1/2
f 5856/1/2 5852/1/2 5857/1/2
f 5847/2/2 5848/2/2 5858/2/2
f 5845/2/2 5853/2/2 5859/2/2
f 5859/2/2 5853/2/2 5860/2/2
f 5858/2/2 5848/2/2 5867/2/2
f 5867/2/2 5848/2/2 5868/2/2
f 5861/1/2 5862/1/2 5869/1/2
f 5869/1/2 5862/1/2 5870/1/2
f 5863/3/2 5864/3/2 5874/3/2
f 5874/3/2 5864/3/2 5875/3/2
f 5865/1/2 5866/1/2 5879/1/2
f 5879/1/2 5866/1/2 5880/1/2
f 5870/1/2 5871/1/2 5881/1/2
f 5871/1/2 5872/1/2 5881/1/2
f 5872/3/2 5873/3/2 5882/3/2
f 5881/1/2 5872/1/2 5882/1/2
f 5882/3/2 5873/3/2 5883/3/2
f 5876/3/2 5877/3/2 5884/3/2
f 5877/1/2 5878/1/2 5885/1/2
f 5884/3/2 5877/3/2 5885/3/2
f 5878/1/2 5879/1/2 5885/1/2
f 5885/1/2 5879/1/2 5886/1/2
f 5887/2/2 5888/2/2 5895/2/2
f 5895/2/2 5888/2/2 5896/2/2
f 5891/1/2 5892/1/2 5897/1/2
f 5897/1/2 5892/1/2 5898/1/2
f 5893/1/2 5894/1/2 5899/1/2
f 5899/1/2 5894/1/2 5900/1/2
f 5889/2/2 5890/2/2 5901/2/2
f 5901/2/2 5890/2/2 5902/2/2
f 5903/3/2 5904/3/2 5907/3/2
f 5907/3/2 5904/3/2 5908/3/2
f 5905/3/2 5906/3/2 5909/3/2
f 5909/3/2 5906/3/2 5910/3/2
f 5911/2/2 5912/2/2 5915/2/2
f 5915/2/2 5912/2/2 5916/2/2
f 5913/2/2 5914/2/2 5917/2/2
f 5917/2/2 5914/2/2 5918/2/2
f 5919/3/2 5920/3/2 5923/3/2
f 5923/3/2 5920/3/2 5924/3/2
f 5921/3/2 5922/3/2 5925/3/2
f 5925/3/2 5922/3/2 5926/3/2
f 5927/2/2 5928/2/2 5931/2/2
f 5929/2/2 5930/2/2 5934/2/2
f 5931/2/2 5932/2/2 5935/2/2
f 5927/2/2 5931/2/2 5935/2/2
f 5935/2/2 5932/2/2 5936/2/2
f 5933/2/2 5934/2/2 5939/2/2
f 5934/2/2 5930/2/2 5939/2/2
f 5939/2/2 5930/2/2 5940/2/2
f 5936/2/2 5932/2/2 5941/2/2
f 5941/2/2 5932/2/2 5942/2/2
f 5937/3/2 5938/3/2 5946/3/2
f 5946/3/2 5938/3/2 5947/3/2
f 5933/2/2 5939/2/2 5951/2/2
f 5951/2/2 5939/2/2 5952/2/2
f 5943/1/2 5944/1/2 5953/1/2
f 5944/3/2 5945/3/2 5954/3/2
f 5953/1/2 5944/1/2 5954/1/2
f 5954/3/2 5945/3/2 5955/3/2
f 5948/3/2 5949/3/2 5956/3/2
f 5949/1/2 5950/1/2 5957/1/2
f 5956/3/2 5949/3/2 5957/3/2
f 5957/1/2 5950/1/2 5958/1/2
f 5959/2/2 5960/2/2 5963/2/2
f 5961/2/2 5962/2/2 5964/2/2
f 5959/2/2 5963/2/2 5969/2/2
f 5969/2/2 5963/2/2 5970/2/2
f 5965/3/2 5966/3/2 5971/3/2
f 5971/3/2 5966/3/2 5972/3/2
f 5967/3/2 5968/3/2 5973/3/2
f 5973/3/2 5968/3/2 5974/3/2
f 5964/2/2 5962/2/2 5975/2/2
f 5975/2/2 5962/2/2 5976/2/2
f 5977/2/2 5978/2/2 5981/2/2
f 5979/2/2 5980/2/2 5982/2/2
f 5977/2/2 5981/2/2 5983/2/2
f 5983/2/2 5981/2/2 5984/2/2
f 5982/2/2 5980/2/2 5985/2/2
f 5985/2/2 5980/2/2 5986/2/2
f 5987/2/2 5988/2/2 5992/2/2
f 5992/2/2 5988/2/2 5993/2/2
f 5989/2/2 5990/2/2 5994/2/2
f 5994/2/2 5990/2/2 5995/2/2
f 5992/2/2 5993/2/2 5997/2/2
f 5995/2/2 5996/2/2 5997/2/2
f 5994/2/2 5995/2/2 5997/2/2
f 5993/2/2 5994/2/2 5997/2/2
f 5991/2/2 5992/2/2 5997/2/2
f 5997/2/2 5996/2/2 5998/2/2
f 5991/2/2 5997/2/2 5999/2/2
f 5999/2/2 5997/2/2 6000/2/2
f 5998/2/2 5996/2/2 6001/2/2
f 6001/2/2 5996/2/2 6002/2/2
f 6006/2/3 6004/2/3 6003/2/3
f 6007/2/3 6004/2/3 6006/2/3
f 6008/2/3 6004/2/3 6007/2/3
f 6009/2/3 6006/2/3 6005/2/3
f 6009/2/3 6007/2/3 6006/2/3
f 6010/2/3 6007/2/3 6009/2/3
f 6012/2/3 6007/2/3 6010/2/3
f 6013/2/3 6012/2/3 6011/2/3
f 6014/2/3 6007/2/3 6012/2/3
f 6014/2/3 6012/2/3 6013/2/3
f 6015/2/3 6007/2/3 6014/2/3
f 6017/2/3 6016/2/3 6015/2/3
f 6017/2/3 6015/2/3 6014/2/3
f 6018/2/3 6016/2/3 6017/2/3
f 6021/2/3 6020/2/3 6019/2/3
f 6022/2/3 6020/2/3 6021/2/3
f 6023/2/3 6020/2/3 6022/2/3
f 6024/2/3 6020/2/3 6023/2/3
f 6028/2/3 6026/2/3 6025/2/3
f 6029/2/3 6028/2/3 6027/2/3
f 6030/2/3 6026/2/3 6028/2/3
f 6030/2/3 6028/2/3 6029/2/3
f 6033/2/3 6032/2/3 6031/2/3
f 6034/2/3 6032/2/3 6033/2/3
f 6035/2/3 6032/2/3 6034/2/3
f 6038/1/3 6037/1/3 6036/1/3
f 6039/1/3 6037/1/3 6038/1/3
f 6043/2/3 6041/2/3 6040/2/3
f 6043/2/3 6042/2/3 6041/2/3
f 6044/2/3 6042/2/3 6043/2/3
f 6047/2/3 6046/2/3 6045/2/3
f 6048/2/3 6046/2/3 6047/2/3
f 6049/2/3 6046/2/3 6048/2/3
f 6051/2/3 6050/2/3 6049/2/3
f 6051/2/3 6049/2/3 6048/2/3
f 6052/2/3 6050/2/3 6051/2/3
f 6055/1/3 6054/1/3 6053/1/3
f 6056/1/3 6054/1/3 6055/1/3
f 6059/1/3 6058/1/3 6057/1/3
f 6060/1/3 6058/1/3 6059/1/3
f 6063/3/3 6062/3/3 6061/3/3
f 6064/3/3 6062/3/3 6063/3/3
f 6067/3/3 6066/3/3 6065/3/3
f 6068/3/3 6066/3/3 6067/3/3
f 6072/2/3 6070/2/3 6069/2/3
f 6073/2/3 6070/2/3 6072/2/3
f 6074/2/3 6070/2/3 6073/2/3
f 6075/2/3 6072/2/3 6071/2/3
f 6075/2/3 6073/2/3 6072/2/3
f 6076/2/3 6073/2/3 6075/2/3
f 6079/2/3 6078/2/3 6077/2/3
f 6080/2/3 6078/2/3 6079/2/3
f 6083/1/3 6082/1/3 6081/1/3
f 6084/1/3 6082/1/3 6083/1/3
f 6087/3/3 6086/3/3 6085/3/3
f 6088/3/3 6086/3/3 6087/3/3
f 6091/2/3 6090/2/3 6089/2/3
f 6092/2/3 6090/2/3 6091/2/3
f 6095/2/3 6094/2/3 6093/2/3
f 6096/2/3 6094/2/3 6095/2/3
f 6099/1/3 6098/1/3 6097/1/3
f 6100/1/3 6098/1/3 6099/1/3
f 6103/1/3 6102/1/3 6101/1/3
f 6104/1/3 6102/1/3 6103/1/3
f 6107/1/3 6106/1/3 6105/1/3
f 6108/1/3 6106/1/3 6107/1/3
f 6111/3/3 6110/3/3 6109/3/3
f 6112/3/3 6110/3/3 6111/3/3
f 6115/3/3 6114/3/3 6113/3/3
f 6116/3/3 6114/3/3 6115/3/3
f 6119/2/3 6118/2/3 6117/2/3
f 6120/2/3 6118/2/3 6119/2/3
f 6123/2/3 6122/2/3 6121/2/3
f 6124/2/3 6122/2/3 6123/2/3
f 6125/2/3 6122/2/3 6124/2/3
f 6128/1/3 6127/1/3 6126/1/3
f 6129/1/3 6127/1/3 6128/1/3
f 6132/1/3 6131/1/3 6130/1/3
f 6133/1/3 6131/1/3 6132/1/3
f 6135/1/3 6134/1/3 6133/1/3
f 6136/1/3 6134/1/3 6135/1/3
f 6139/1/3 6138/1/3 6137/1/3
f 6140/1/3 6138/1/3 6139/1/3
f 6143/3/3 6142/3/3 6141/3/3
f 6144/3/3 6142/3/3 6143/3/3
f 6148/3/3 6146/3/3 6145/3/3
f 6149/3/3 6146/3/3 6148/3/3
f 6150/3/3 6148/3/3 6147/3/3
f 6151/3/3 6148/3/3 6150/3/3
f 6154/3/3 6153/3/3 6152/3/3
f 6155/3/3 6153/3/3 6154/3/3
f 6159/2/3 6157/2/3 6156/2/3
f 6159/2/3 6158/2/3 6157/2/3
f 6160/2/3 6158/2/3 6159/2/3
f 6163/2/3 6162/2/3 6161/2/3
f 6164/2/3 6162/2/3 6163/2/3
f 6165/2/3 6162/2/3 6164/2/3
f 6168/1/3 6167/1/3 6166/1/3
f 6169/1/3 6167/1/3 6168/1/3
f 6172/1/3 6171/1/3 6170/1/3
f 6173/1/3 6171/1/3 6172/1/3
f 6175/1/3 6174/1/3 6173/1/3
f 6176/1/3 6174/1/3 6175/1/3
f 6179/1/3 6178/1/3 6177/1/3
f 6180/1/3 6178/1/3 6179/1/3
f 6183/1/3 6182/1/3 6181/1/3
f 6184/1/3 6182/1/3 6183/1/3
f 6187/1/3 6186/1/3 6185/1/3
f 6188/1/3 6186/1/3 6187/1/3
f 6191/3/3 6190/3/3 6189/3/3
f 6192/3/3 6190/3/3 6191/3/3
f 6195/3/3 6194/3/3 6193/3/3
f 6196/3/3 6194/3/3 6195/3/3
f 6200/3/3 6198/3/3 6197/3/3
f 6201/3/3 6198/3/3 6200/3/3
f 6202/3/3 6200/3/3 6199/3/3
f 6203/3/3 6200/3/3 6202/3/3
f 6206/3/3 6205/3/3 6204/3/3
f 6207/3/3 6205/3/3 6206/3/3
f 6211/2/3 6209/2/3 6208/2/3
f 6211/2/3 6210/2/3 6209/2/3
f 6212/2/3 6210/2/3 6211/2/3
f 6215/2/3 6214/2/3 6213/2/3
f 6216/2/3 6214/2/3 6215/2/3
f 6219/1/3 6218/1/3 6217/1/3
f 6220/1/3 6218/1/3 6219/1/3
f 6223/1/3 6222/1/3 6221/1/3
f 6224/1/3 6222/1/3 6223/1/3
f 6227/1/3 6226/1/3 6225/1/3
f 6228/1/3 6226/1/3 6227/1/3
f 6231/1/3 6229/1/3 6228/1/3
f 6232/1/3 6229/1/3 6231/1/3
f 6233/3/3 6231/3/3 6230/3/3
f 6234/3/3 6231/3/3 6233/3/3
f 6237/3/3 6236/3/3 6235/3/3
f 6238/3/3 6236/3/3 6237/3/3
f 6241/3/3 6240/3/3 6239/3/3
f 6242/3/3 6240/3/3 6241/3/3
f 6245/2/3 6244/2/3 6243/2/3
f 6246/2/3 6244/2/3 6245/2/3
f 6249/2/3 6248/2/3 6247/2/3
f 6250/2/3 6248/2/3 6249/2/3
f 6254/3/3 6252/3/3 6251/3/3
f 6255/3/3 6254/3/3 6253/3/3
f 6256/3/3 6252/3/3 6254/3/3
f 6256/3/3 6254/3/3 6255/3/3
f 6259/1/3 6258/1/3 6257/1/3
f 6260/1/3 6258/1/3 6259/1/3
f 6262/1/3 6261/1/3 6260/1/3
f 6263/1/3 6261/1/3 6262/1/3
f 6266/1/3 6265/1/3 6264/1/3
f 6267/1/3 6265/1/3 6266/1/3
f 6270/1/3 6269/1/3 6268/1/3
f 6271/1/3 6269/1/3 6270/1/3
f 6274/3/3 6273/3/3 6272/3/3
f 6275/3/3 6273/3/3 6274/3/3
f 6278/3/3 6277/3/3 6276/3/3
f 6279/3/3 6277/3/3 6278/3/3
f 6283/3/3 6281/3/3 6280/3/3
f 6284/3/3 6281/3/3 6283/3/3
f 6285/3/3 6283/3/3 6282/3/3
f 6286/3/3 6283/3/3 6285/3/3
f 6290/3/3 6288/3/3 6287/3/3
f 6291/3/3 6288/3/3 6290/3/3
f 6292/3/3 6290/3/3 6289/3/3
f 6293/3/3 6290/3/3 6292/3/3
f 6294/3/3 6288/3/3 6291/3/3
f 6295/3/3 6288/3/3 6294/3/3
f 6298/2/3 6297/2/3 6296/2/3
f 6299/2/3 6297/2/3 6298/2/3
f 6302/2/3 6301/2/3 6300/2/3
f 6303/2/3 6301/2/3 6302/2/3
f 6304/2/3 6301/2/3 6303/2/3
f 6307/3/3 6306/3/3 6305/3/3
f 6309/3/3 6307/3/3 6305/3/3
f 6309/3/3 6308/3/3 6307/3/3
f 6310/3/3 6308/3/3 6309/3/3
f 6313/3/3 6312/3/3 6311/3/3
f 6314/3/3 6312/3/3 6313/3/3
f 6315/3/3 6312/3/3 6314/3/3
f 6316/1/3 6315/1/3 6314/1/3
f 6317/1/3 6315/1/3 6316/1/3
f 6320/1/3 6319/1/3 6318/1/3
f 6321/1/3 6319/1/3 6320/1/3
f 6324/1/3 6323/1/3 6322/1/3
f 6325/1/3 6323/1/3 6324/1/3
f 6327/1/3 6326/1/3 6325/1/3
f 6328/1/3 6326/1/3 6327/1/3
f 6330/3/3 6328/3/3 6327/3/3
f 6331/3/3 6328/3/3 6330/3/3
f 6332/3/3 6330/3/3 6329/3/3
f 6333/3/3 6330/3/3 6332/3/3
f 6336/3/3 6335/3/3 6334/3/3
f 6337/3/3 6335/3/3 6336/3/3
f 6340/3/3 6339/3/3 6338/3/3
f 6341/3/3 6339/3/3 6340/3/3
f 6345/3/3 6343/3/3 6342/3/3
f 6346/3/3 6345/3/3 6344/3/3
f 6347/3/3 6343/3/3 6345/3/3
f 6347/3/3 6345/3/3 6346/3/3
f 6350/1/3 6349/1/3 6348/1/3
f 6351/1/3 6349/1/3 6350/1/3
f 6355/2/3 6353/2/3 6352/2/3
f 6355/2/3 6354/2/3 6353/2/3
f 6356/2/3 6354/2/3 6355/2/3
f 6359/2/3 6358/2/3 6357/2/3
f 6360/2/3 6358/2/3 6359/2/3
f 6361/2/3 6358/2/3 6360/2/3
f 6364/3/3 6363/3/3 6362/3/3
f 6365/3/3 6363/3/3 6364/3/3
f 6366/3/3 6363/3/3 6365/3/3
f 6367/1/3 6366/1/3 6365/1/3
f 6368/1/3 6366/1/3 6367/1/3
f 6371/1/3 6370/1/3 6369/1/3
f 6372/1/3 6370/1/3 6371/1/3
f 6375/1/3 6374/1/3 6373/1/3
f 6376/1/3 6374/1/3 6375/1/3
f 6378/1/3 6377/1/3 6376/1/3
f 6379/1/3 6377/1/3 6378/1/3
f 6381/3/3 6379/3/3 6378/3/3
f 6382/3/3 6379/3/3 6381/3/3
f 6383/3/3 6381/3/3 6380/3/3
f 6384/3/3 6381/3/3 6383/3/3
f 6387/3/3 6386/3/3 6385/3/3
f 6388/3/3 6386/3/3 6387/3/3
f 6393/3/3 6390/3/3 6389/3/3
f 6394/3/3 6390/3/3 6393/3/3
f 6395/1/3 6392/1/3 6391/1/3
f 6396/1/3 6392/1/3 6395/1/3
f 6400/2/3 6398/2/3 6397/2/3
f 6400/2/3 6399/2/3 6398/2/3
f 6401/2/3 6399/2/3 6400/2/3
f 6404/2/3 6403/2/3 6402/2/3
f 6405/2/3 6403/2/3 6404/2/3
f 6408/3/3 6407/3/3 6406/3/3
f 6409/3/3 6407/3/3 6408/3/3
f 6412/3/3 6411/3/3 6410/3/3
f 6413/3/3 6411/3/3 6412/3/3
f 6416/3/3 6415/3/3 6414/3/3
f 6417/3/3 6415/3/3 6416/3/3
f 6418/3/3 6415/3/3 6417/3/3
f 6421/1/3 6420/1/3 6419/1/3
f 6422/1/3 6420/1/3 6421/1/3
f 6425/1/3 6424/1/3 6423/1/3
f 6426/1/3 6424/1/3 6425/1/3
f 6428/1/3 6427/1/3 6426/1/3
f 6429/1/3 6427/1/3 6428/1/3
f 6431/1/3 6430/1/3 6429/1/3
f 6432/1/3 6430/1/3 6431/1/3
f 6434/3/3 6432/3/3 6431/3/3
f 6435/3/3 6432/3/3 6434/3/3
f 6437/3/3 6434/3/3 6433/3/3
f 6438/3/3 6434/3/3 6437/3/3
f 6439/3/3 6437/3/3 6436/3/3
f 6440/3/3 6437/3/3 6439/3/3
f 6443/3/3 6442/3/3 6441/3/3
f 6444/3/3 6442/3/3 6443/3/3
f 6447/3/3 6446/3/3 6445/3/3
f 6448/3/3 6446/3/3 6447/3/3
f 6451/1/3 6450/1/3 6449/1/3
f 6452/1/3 6450/1/3 6451/1/3
f 6455/1/3 6454/1/3 6453/1/3
f 6456/1/3 6454/1/3 6455/1/3
f 6459/2/3 6458/2/3 6457/2/3
f 6460/2/3 6458/2/3 6459/2/3
f 6463/3/3 6462/3/3 6461/3/3
f 6464/3/3 6462/3/3 6463/3/3
f 6467/3/3 6466/3/3 6465/3/3
f 6468/3/3 6466/3/3 6467/3/3
f 6471/1/3 6470/1/3 6469/1/3
f 6472/1/3 6470/1/3 6471/1/3
f 6474/1/3 6473/1/3 6472/1/3
f 6475/1/3 6473/1/3 6474/1/3
f 6477/1/3 6476/1/3 6475/1/3
f 6478/1/3 6476/1/3 6477/1/3
f 6480/1/3 6479/1/3 6478/1/3
f 6481/1/3 6479/1/3 6480/1/3
f 6483/1/3 6482/1/3 6481/1/3
f 6485/1/3 6483/1/3 6481/1/3
f 6485/1/3 6484/1/3 6483/1/3
f 6486/1/3 6484/1/3 6485/1/3
f 6487/1/3 6484/1/3 6486/1/3
f 6489/3/3 6486/3/3 6485/3/3
f 6490/3/3 6486/3/3 6489/3/3
f 6492/3/3 6489/3/3 6488/3/3
f 6493/3/3 6489/3/3 6492/3/3
f 6495/3/3 6492/3/3 6491/3/3
f 6496/3/3 6492/3/3 6495/3/3
f 6498/3/3 6495/3/3 6494/3/3
f 6499/3/3 6495/3/3 6498/3/3
f 6500/3/3 6498/3/3 6497/3/3
f 6501/3/3 6498/3/3 6500/3/3
f 6504/3/3 6503/3/3 6502/3/3
f 6505/3/3 6503/3/3 6504/3/3
f 6508/1/3 6507/1/3 6506/1/3
f 6509/1/3 6507/1/3 6508/1/3
f 6512/2/3 6511/2/3 6510/2/3
f 6513/2/3 6511/2/3 6512/2/3
f 6516/3/3 6515/3/3 6514/3/3
f 6517/3/3 6515/3/3 6516/3/3
f 6520/3/3 6519/3/3 6518/3/3
f 6521/3/3 6519/3/3 6520/3/3
f 6524/3/3 6523/3/3 6522/3/3
f 6525/3/3 6523/3/3 6524/3/3
f 6528/3/3 6527/3/3 6526/3/3
f 6529/3/3 6527/3/3 6528/3/3
f 6532/1/3 6531/1/3 6530/1/3
f 6533/1/3 6531/1/3 6532/1/3
f 6535/1/3 6534/1/3 6533/1/3
f 6536/1/3 6534/1/3 6535/1/3
f 6538/1/3 6537/1/3 6536/1/3
f 6539/1/3 6537/1/3 6538/1/3
f 6541/1/3 6540/1/3 6539/1/3
f 6542/1/3 6540/1/3 6541/1/3
f 6544/1/3 6543/1/3 6542/1/3
f 6545/1/3 6543/1/3 6544/1/3
f 6547/1/3 6546/1/3 6545/1/3
f 6548/1/3 6546/1/3 6547/1/3
f 6551/1/3 6549/1/3 6548/1/3
f 6552/1/3 6549/1/3 6551/1/3
f 6554/3/3 6551/3/3 6550/3/3
f 6555/3/3 6551/3/3 6554/3/3
f 6557/3/3 6554/3/3 6553/3/3
f 6558/3/3 6554/3/3 6557/3/3
f 6560/3/3 6557/3/3 6556/3/3
f 6561/3/3 6557/3/3 6560/3/3
f 6563/3/3 6560/3/3 6559/3/3
f 6564/3/3 6560/3/3 6563/3/3
f 6566/3/3 6563/3/3 6562/3/3
f 6567/3/3 6563/3/3 6566/3/3
f 6568/3/3 6566/3/3 6565/3/3
f 6569/3/3 6566/3/3 6568/3/3
f 6572/3/3 6571/3/3 6570/3/3
f 6573/3/3 6571/3/3 6572/3/3
f 6576/1/3 6575/1/3 6574/1/3
f 6577/1/3 6575/1/3 6576/1/3
f 6580/1/3 6579/1/3 6578/1/3
f 6581/1/3 6579/1/3 6580/1/3
f 6584/1/3 6583/1/3 6582/1/3
f 6585/1/3 6583/1/3 6584/1/3
f 6588/2/3 6587/2/3 6586/2/3
f 6589/2/3 6587/2/3 6588/2/3
f 6593/2/3 6591/2/3 6590/2/3
f 6594/2/3 6591/2/3 6593/2/3
f 6595/2/3 6591/2/3 6594/2/3
f 6596/3/3 6593/3/3 6592/3/3
f 6596/3/3 6594/3/3 6593/3/3
f 6597/3/3 6594/3/3 6596/3/3
f 6598/3/3 6594/3/3 6597/3/3
f 6599/3/3 6594/3/3 6598/3/3
f 6601/3/3 6600/3/3 6599/3/3
f 6602/3/3 6600/3/3 6601/3/3
f 6604/3/3 6603/3/3 6602/3/3
f 6605/3/3 6603/3/3 6604/3/3
f 6608/3/3 6607/3/3 6606/3/3
f 6609/3/3 6607/3/3 6608/3/3
f 6612/3/3 6611/3/3 6610/3/3
f 6613/3/3 6611/3/3 6612/3/3
f 6614/1/3 6613/1/3 6612/1/3
f 6615/1/3 6613/1/3 6614/1/3
f 6617/1/3 6616/1/3 6615/1/3
f 6618/1/3 6616/1/3 6617/1/3
f 6620/1/3 6619/1/3 6618/1/3
f 6621/1/3 6619/1/3 6620/1/3
f 6623/1/3 6622/1/3 6621/1/3
f 6624/1/3 6622/1/3 6623/1/3
f 6626/1/3 6625/1/3 6624/1/3
f 6627/1/3 6625/1/3 6626/1/3
f 6629/1/3 6628/1/3 6627/1/3
f 6630/1/3 6628/1/3 6629/1/3
f 6632/1/3 6631/1/3 6630/1/3
f 6633/1/3 6631/1/3 6632/1/3
f 6636/1/3 6634/1/3 6633/1/3
f 6637/1/3 6634/1/3 6636/1/3
f 6639/3/3 6636/3/3 6635/3/3
f 6640/3/3 6636/3/3 6639/3/3
f 6642/3/3 6639/3/3 6638/3/3
f 6643/3/3 6639/3/3 6642/3/3
f 6645/3/3 6642/3/3 6641/3/3
f 6646/3/3 6642/3/3 6645/3/3
f 6648/3/3 6645/3/3 6644/3/3
f 6649/3/3 6645/3/3 6648/3/3
f 6651/3/3 6648/3/3 6647/3/3
f 6652/3/3 6648/3/3 6651/3/3
f 6654/3/3 6651/3/3 6650/3/3
f 6655/3/3 6651/3/3 6654/3/3
f 6656/3/3 6654/3/3 6653/3/3
f 6657/3/3 6654/3/3 6656/3/3
f 6660/3/3 6659/3/3 6658/3/3
f 6661/3/3 6659/3/3 6660/3/3
f 6662/1/3 6661/1/3 6660/1/3
f 6663/1/3 6661/1/3 6662/1/3
f 6667/1/3 6665/1/3 6664/1/3
f 6668/1/3 6665/1/3 6667/1/3
f 6670/1/3 6667/1/3 6666/1/3
f 6671/1/3 6667/1/3 6670/1/3
f 6673/1/3 6670/1/3 6669/1/3
f 6674/1/3 6673/1/3 6672/1/3
f 6675/1/3 6670/1/3 6673/1/3
f 6675/1/3 6673/1/3 6674/1/3
f 6676/1/3 6670/1/3 6675/1/3
f 6677/2/3 6676/2/3 6675/2/3
f 6678/2/3 6676/2/3 6677/2/3
f 6681/2/3 6680/2/3 6679/2/3
f 6682/2/3 6680/2/3 6681/2/3
f 6685/3/3 6684/3/3 6683/3/3
f 6686/3/3 6684/3/3 6685/3/3
f 6689/3/3 6688/3/3 6687/3/3
f 6690/3/3 6688/3/3 6689/3/3
f 6693/3/3 6692/3/3 6691/3/3
f 6694/3/3 6692/3/3 6693/3/3
f 6697/3/3 6696/3/3 6695/3/3
f 6698/3/3 6696/3/3 6697/3/3
f 6700/1/3 6699/1/3 6698/1/3
f 6701/1/3 6699/1/3 6700/1/3
f 6703/1/3 6702/1/3 6701/1/3
f 6704/1/3 6702/1/3 6703/1/3
f 6706/1/3 6705/1/3 6704/1/3
f 6707/1/3 6705/1/3 6706/1/3
f 6709/1/3 6708/1/3 6707/1/3
f 6710/1/3 6708/1/3 6709/1/3
f 6712/1/3 6711/1/3 6710/1/3
f 6713/1/3 6711/1/3 6712/1/3
f 6715/1/3 6714/1/3 6713/1/3
f 6716/1/3 6714/1/3 6715/1/3
f 6719/1/3 6717/1/3 6716/1/3
f 6720/1/3 6717/1/3 6719/1/3
f 6722/3/3 6719/3/3 6718/3/3
f 6723/3/3 6719/3/3 6722/3/3
f 6725/3/3 6722/3/3 6721/3/3
f 6726/3/3 6722/3/3 6725/3/3
f 6728/3/3 6725/3/3 6724/3/3
f 6729/3/3 6725/3/3 6728/3/3
f 6731/3/3 6728/3/3 6727/3/3
f 6732/3/3 6728/3/3 6731/3/3
f 6734/3/3 6731/3/3 6730/3/3
f 6735/3/3 6731/3/3 6734/3/3
f 6737/3/3 6734/3/3 6733/3/3
f 6738/3/3 6734/3/3 6737/3/3
f 6739/3/3 6737/3/3 6736/3/3
f 6740/3/3 6737/3/3 6739/3/3
f 6743/1/3 6742/1/3 6741/1/3
f 6744/1/3 6742/1/3 6743/1/3
f 6747/1/3 6746/1/3 6745/1/3
f 6748/1/3 6746/1/3 6747/1/3
f 6751/1/3 6750/1/3 6749/1/3
f 6752/1/3 6750/1/3 6751/1/3
f 6755/2/3 6754/2/3 6753/2/3
f 6756/2/3 6754/2/3 6755/2/3
f 6759/3/3 6758/3/3 6757/3/3
f 6760/3/3 6758/3/3 6759/3/3
f 6762/3/3 6761/3/3 6760/3/3
f 6763/3/3 6761/3/3 6762/3/3
f 6765/3/3 6764/3/3 6763/3/3
f 6766/3/3 6764/3/3 6765/3/3
f 6768/1/3 6767/1/3 6766/1/3
f 6769/1/3 6767/1/3 6768/1/3
f 6771/1/3 6770/1/3 6769/1/3
f 6772/1/3 6770/1/3 6771/1/3
f 6774/1/3 6773/1/3 6772/1/3
f 6775/1/3 6773/1/3 6774/1/3
f 6777/1/3 6776/1/3 6775/1/3
f 6778/1/3 6776/1/3 6777/1/3
f 6780/1/3 6779/1/3 6778/1/3
f 6781/1/3 6779/1/3 6780/1/3
f 6782/1/3 6779/1/3 6781/1/3
f 6785/1/3 6783/1/3 6782/1/3
f 6785/1/3 6782/1/3 6781/1/3
f 6786/1/3 6783/1/3 6785/1/3
f 6787/1/3 6783/1/3 6786/1/3
f 6789/3/3 6785/3/3 6784/3/3
f 6789/3/3 6786/3/3 6785/3/3
f 6790/3/3 6786/3/3 6789/3/3
f 6792/3/3 6789/3/3 6788/3/3
f 6793/3/3 6789/3/3 6792/3/3
f 6795/3/3 6792/3/3 6791/3/3
f 6796/3/3 6792/3/3 6795/3/3
f 6798/3/3 6795/3/3 6794/3/3
f 6799/3/3 6795/3/3 6798/3/3
f 6801/3/3 6798/3/3 6797/3/3
f 6802/3/3 6798/3/3 6801/3/3
f 6804/3/3 6801/3/3 6800/3/3
f 6805/3/3 6801/3/3 6804/3/3
f 6807/3/3 6804/3/3 6803/3/3
f 6808/3/3 6804/3/3 6807/3/3
f 6809/3/3 6807/3/3 6806/3/3
f 6810/3/3 6807/3/3 6809/3/3
f 6813/3/3 6812/3/3 6811/3/3
f 6814/3/3 6812/3/3 6813/3/3
f 6816/3/3 6815/3/3 6814/3/3
f 6817/3/3 6815/3/3 6816/3/3
f 6819/3/3 6818/3/3 6817/3/3
f 6820/3/3 6818/3/3 6819/3/3
f 6822/3/3 6821/3/3 6820/3/3
f 6823/3/3 6821/3/3 6822/3/3
f 6825/3/3 6824/3/3 6823/3/3
f 6826/3/3 6824/3/3 6825/3/3
f 6828/3/3 6827/3/3 6826/3/3
f 6829/3/3 6827/3/3 6828/3/3
f 6831/1/3 6830/1/3 6829/1/3
f 6832/1/3 6830/1/3 6831/1/3
f 6834/1/3 6833/1/3 6832/1/3
f 6835/1/3 6833/1/3 6834/1/3
f 6837/1/3 6836/1/3 6835/1/3
f 6838/1/3 6836/1/3 6837/1/3
f 6842/3/3 6840/3/3 6839/3/3
f 6843/3/3 6840/3/3 6842/3/3
f 6845/3/3 6842/3/3 6841/3/3
f 6846/3/3 6842/3/3 6845/3/3
f 6848/3/3 6845/3/3 6844/3/3
f 6849/3/3 6845/3/3 6848/3/3
f 6851/3/3 6848/3/3 6847/3/3
f 6852/3/3 6848/3/3 6851/3/3
f 6854/3/3 6851/3/3 6850/3/3
f 6855/3/3 6851/3/3 6854/3/3
f 6857/3/3 6854/3/3 6853/3/3
f 6858/3/3 6854/3/3 6857/3/3
f 6860/1/3 6857/1/3 6856/1/3
f 6861/1/3 6857/1/3 6860/1/3
f 6863/1/3 6860/1/3 6859/1/3
f 6864/1/3 6860/1/3 6863/1/3
f 6865/1/3 6863/1/3 6862/1/3
f 6866/1/3 6863/1/3 6865/1/3
f 6869/2/3 6868/2/3 6867/2/3
f 6870/2/3 6868/2/3 6869/2/3
f 6873/1/3 6872/1/3 6871/1/3
f 6874/1/3 6872/1/3 6873/1/3
f 6875/3/3 6874/3/3 6873/3/3
f 6876/3/3 6874/3/3 6875/3/3
f 6878/3/3 6877/3/3 6876/3/3
f 6880/3/3 6878/3/3 6876/3/3
f 6880/3/3 6879/3/3 6878/3/3
f 6881/3/3 6879/3/3 6880/3/3
f 6882/3/3 6879/3/3 6881/3/3
f 6883/3/3 6879/3/3 6882/3/3
f 6886/3/3 6885/3/3 6884/3/3
f 6887/3/3 6885/3/3 6886/3/3
f 6889/3/3 6888/3/3 6887/3/3
f 6890/3/3 6888/3/3 6889/3/3
f 6892/3/3 6891/3/3 6890/3/3
f 6893/3/3 6891/3/3 6892/3/3
f 6895/3/3 6894/3/3 6893/3/3
f 6896/3/3 6894/3/3 6895/3/3
f 6898/3/3 6897/3/3 6896/3/3
f 6899/3/3 6897/3/3 6898/3/3
f 6901/3/3 6900/3/3 6899/3/3
f 6902/3/3 6900/3/3 6901/3/3
f 6904/3/3 6903/3/3 6902/3/3
f 6905/3/3 6903/3/3 6904/3/3
f 6907/3/3 6906/3/3 6905/3/3
f 6908/3/3 6906/3/3 6907/3/3
f 6910/3/3 6909/3/3 6908/3/3
f 6911/3/3 6909/3/3 6910/3/3
f 6916/2/3 6913/2/3 6912/2/3
f 6917/2/3 6913/2/3 6916/2/3
f 6918/3/3 6915/3/3 6914/3/3
f 6919/3/3 6915/3/3 6918/3/3
f 6920/3/3 6915/3/3 6919/3/3
f 6923/2/3 6922/2/3 6921/2/3
f 6924/2/3 6922/2/3 6923/2/3
f 6925/1/3 6920/1/3 6919/1/3
f 6926/1/3 6920/1/3 6925/1/3
f 6930/3/3 6928/3/3 6927/3/3
f 6931/3/3 6928/3/3 6930/3/3
f 6933/3/3 6930/3/3 6929/3/3
f 6934/3/3 6930/3/3 6933/3/3
f 6936/3/3 6933/3/3 6932/3/3
f 6937/3/3 6933/3/3 6936/3/3
f 6939/3/3 6936/3/3 6935/3/3
f 6940/3/3 6936/3/3 6939/3/3
f 6942/1/3 6939/1/3 6938/1/3
f 6943/1/3 6939/1/3 6942/1/3
f 6945/1/3 6942/1/3 6941/1/3
f 6946/1/3 6942/1/3 6945/1/3
f 6948/1/3 6945/1/3 6944/1/3
f 6949/1/3 6945/1/3 6948/1/3
f 6951/1/3 6948/1/3 6947/1/3
f 6952/1/3 6948/1/3 6951/1/3
f 6953/1/3 6951/1/3 6950/1/3
f 6954/1/3 6951/1/3 6953/1/3
f 6958/1/3 6956/1/3 6955/1/3
f 6959/1/3 6956/1/3 6958/1/3
f 6959/1/3 6958/1/3 6957/1/3
f 6960/1/3 6956/1/3 6959/1/3
f 6962/1/3 6959/1/3 6957/1/3
f 6963/1/3 6959/1/3 6962/1/3
f 6964/1/3 6962/1/3 6961/1/3
f 6965/1/3 6962/1/3 6964/1/3
f 6969/2/3 6967/2/3 6966/2/3
f 6969/2/3 6968/2/3 6967/2/3
f 6970/2/3 6968/2/3 6969/2/3
f 6973/3/3 6972/3/3 6971/3/3
f 6974/3/3 6972/3/3 6973/3/3
f 6976/3/3 6975/3/3 6974/3/3
f 6977/3/3 6975/3/3 6976/3/3
f 6979/3/3 6978/3/3 6977/3/3
f 6980/3/3 6978/3/3 6979/3/3
f 6982/3/3 6981/3/3 6980/3/3
f 6983/3/3 6981/3/3 6982/3/3
f 6985/3/3 6984/3/3 6983/3/3
f 6986/3/3 6984/3/3 6985/3/3
f 6988/3/3 6987/3/3 6986/3/3
f 6989/3/3 6987/3/3 6988/3/3
f 6991/3/3 6990/3/3 6989/3/3
f 6992/3/3 6990/3/3 6991/3/3
f 6994/3/3 6993/3/3 6992/3/3
f 6995/3/3 6993/3/3 6994/3/3
f 6997/3/3 6996/3/3 6995/3/3
f 6998/3/3 6996/3/3 6997/3/3
f 7000/3/3 6999/3/3 6998/3/3
f 7001/3/3 6999/3/3 7000/3/3
f 7002/3/3 6999/3/3 7001/3/3
f 7007/2/3 7004/2/3 7003/2/3
f 7008/2/3 7004/2/3 7007/2/3
f 7009/3/3 7006/3/3 7005/3/3
f 7011/3/3 7009/3/3 7005/3/3
f 7011/3/3 7010/3/3 7009/3/3
f 7012/3/3 7010/3/3 7011/3/3
f 7013/3/3 7010/3/3 7012/3/3
f 7014/3/3 7010/3/3 7013/3/3
f 7016/1/3 7014/1/3 7013/1/3
f 7019/1/3 7014/1/3 7016/1/3
f 7019/1/3 7016/1/3 7015/1/3
f 7020/1/3 7014/1/3 7019/1/3
f 7021/2/3 7018/2/3 7017/2/3
f 7022/2/3 7018/2/3 7021/2/3
f 7023/1/3 7019/1/3 7015/1/3
f 7024/1/3 7019/1/3 7023/1/3
f 7030/3/3 7026/3/3 7025/3/3
f 7030/3/3 7027/3/3 7026/3/3
f 7031/3/3 7027/3/3 7030/3/3
f 7033/1/3 7029/1/3 7028/1/3
f 7034/3/3 7030/3/3 7029/3/3
f 7034/1/3 7029/1/3 7033/1/3
f 7035/3/3 7030/3/3 7034/3/3
f 7037/3/3 7033/3/3 7032/3/3
f 7038/3/3 7033/3/3 7037/3/3
f 7040/1/3 7037/1/3 7036/1/3
f 7041/1/3 7037/1/3 7040/1/3
f 7043/1/3 7040/1/3 7039/1/3
f 7044/1/3 7040/1/3 7043/1/3
f 7046/1/3 7043/1/3 7042/1/3
f 7047/1/3 7043/1/3 7046/1/3
f 7049/1/3 7046/1/3 7045/1/3
f 7050/1/3 7046/1/3 7049/1/3
f 7052/1/3 7049/1/3 7048/1/3
f 7053/1/3 7049/1/3 7052/1/3
f 7055/1/3 7052/1/3 7051/1/3
f 7056/1/3 7052/1/3 7055/1/3
f 7057/1/3 7055/1/3 7054/1/3
f 7058/1/3 7055/1/3 7057/1/3
f 7061/3/3 7060/3/3 7059/3/3
f 7062/3/3 7060/3/3 7061/3/3
f 7065/3/3 7064/3/3 7063/3/3
f 7066/3/3 7064/3/3 7065/3/3
f 7068/3/3 7067/3/3 7066/3/3
f 7069/3/3 7067/3/3 7068/3/3
f 7071/3/3 7070/3/3 7069/3/3
f 7072/3/3 7070/3/3 7071/3/3
f 7074/3/3 7073/3/3 7072/3/3
f 7075/3/3 7073/3/3 7074/3/3
f 7077/3/3 7076/3/3 7075/3/3
f 7078/3/3 7076/3/3 7077/3/3
f 7080/3/3 7079/3/3 7078/3/3
f 7081/3/3 7079/3/3 7080/3/3
f 7083/3/3 7082/3/3 7081/3/3
f 7084/3/3 7082/3/3 7083/3/3
f 7086/3/3 7085/3/3 7084/3/3
f 7087/3/3 7085/3/3 7086/3/3
f 7092/2/3 7089/2/3 7088/2/3
f 7093/2/3 7089/2/3 7092/2/3
f 7094/3/3 7091/3/3 7090/3/3
f 7095/3/3 7091/3/3 7094/3/3
f 7097/3/3 7096/3/3 7095/3/3
f 7098/3/3 7096/3/3 7097/3/3
f 7100/3/3 7099/3/3 7098/3/3
f 7101/3/3 7099/3/3 7100/3/3
f 7103/1/3 7101/1/3 7100/1/3
f 7104/1/3 7101/1/3 7103/1/3
f 7108/1/3 7103/1/3 7102/1/3
f 7109/1/3 7103/1/3 7108/1/3
f 7110/2/3 7106/2/3 7105/2/3
f 7111/2/3 7106/2/3 7110/2/3
f 7112/1/3 7108/1/3 7107/1/3
f 7113/1/3 7108/1/3 7112/1/3
f 7118/1/3 7115/1/3 7114/1/3
f 7119/1/3 7115/1/3 7118/1/3
f 7121/1/3 7117/1/3 7116/1/3
f 7121/1/3 7118/1/3 7117/1/3
f 7122/1/3 7118/1/3 7121/1/3
f 7124/1/3 7121/1/3 7120/1/3
f 7125/1/3 7121/1/3 7124/1/3
f 7127/1/3 7124/1/3 7123/1/3
f 7128/1/3 7124/1/3 7127/1/3
f 7130/1/3 7127/1/3 7126/1/3
f 7131/1/3 7127/1/3 7130/1/3
f 7133/1/3 7130/1/3 7129/1/3
f 7134/1/3 7130/1/3 7133/1/3
f 7136/1/3 7133/1/3 7132/1/3
f 7137/1/3 7133/1/3 7136/1/3
f 7138/1/3 7136/1/3 7135/1/3
f 7139/1/3 7136/1/3 7138/1/3
f 7142/1/3 7141/1/3 7140/1/3
f 7143/1/3 7141/1/3 7142/1/3
f 7146/2/3 7145/2/3 7144/2/3
f 7147/2/3 7145/2/3 7146/2/3
f 7148/2/3 7145/2/3 7147/2/3
f 7151/1/3 7150/1/3 7149/1/3
f 7152/1/3 7150/1/3 7151/1/3
f 7155/1/3 7154/1/3 7153/1/3
f 7156/1/3 7154/1/3 7155/1/3
f 7159/1/3 7158/1/3 7157/1/3
f 7160/1/3 7158/1/3 7159/1/3
f 7163/1/3 7162/1/3 7161/1/3
f 7164/1/3 7162/1/3 7163/1/3
f 7166/3/3 7165/3/3 7164/3/3
f 7167/3/3 7165/3/3 7166/3/3
f 7169/3/3 7168/3/3 7167/3/3
f 7170/3/3 7168/3/3 7169/3/3
f 7172/3/3 7171/3/3 7170/3/3
f 7173/3/3 7171/3/3 7172/3/3
f 7175/3/3 7174/3/3 7173/3/3
f 7176/3/3 7174/3/3 7175/3/3
f 7178/3/3 7177/3/3 7176/3/3
f 7179/3/3 7177/3/3 7178/3/3
f 7181/3/3 7180/3/3 7179/3/3
f 7182/3/3 7180/3/3 7181/3/3
f 7184/3/3 7183/3/3 7182/3/3
f 7185/3/3 7183/3/3 7184/3/3
f 7190/2/3 7187/2/3 7186/2/3
f 7191/2/3 7187/2/3 7190/2/3
f 7192/3/3 7189/3/3 7188/3/3
f 7193/3/3 7189/3/3 7192/3/3
f 7195/3/3 7194/3/3 7193/3/3
f 7196/3/3 7194/3/3 7195/3/3
f 7198/3/3 7197/3/3 7196/3/3
f 7199/3/3 7197/3/3 7198/3/3
f 7201/3/3 7200/3/3 7199/3/3
f 7202/3/3 7200/3/3 7201/3/3
f 7204/1/3 7202/1/3 7201/1/3
f 7205/1/3 7202/1/3 7204/1/3
f 7207/1/3 7204/1/3 7203/1/3
f 7208/1/3 7204/1/3 7207/1/3
f 7212/1/3 7207/1/3 7206/1/3
f 7213/1/3 7207/1/3 7212/1/3
f 7214/2/3 7210/2/3 7209/2/3
f 7215/2/3 7210/2/3 7214/2/3
f 7216/1/3 7212/1/3 7211/1/3
f 7217/1/3 7212/1/3 7216/1/3
f 7221/1/3 7219/1/3 7218/1/3
f 7222/1/3 7219/1/3 7221/1/3
f 7224/1/3 7221/1/3 7220/1/3
f 7225/1/3 7221/1/3 7224/1/3
f 7227/1/3 7224/1/3 7223/1/3
f 7228/1/3 7224/1/3 7227/1/3
f 7230/1/3 7227/1/3 7226/1/3
f 7231/1/3 7227/1/3 7230/1/3
f 7233/1/3 7230/1/3 7229/1/3
f 7234/1/3 7230/1/3 7233/1/3
f 7236/1/3 7233/1/3 7232/1/3
f 7237/1/3 7233/1/3 7236/1/3
f 7239/1/3 7236/1/3 7235/1/3
f 7240/1/3 7236/1/3 7239/1/3
f 7241/1/3 7239/1/3 7238/1/3
f 7242/1/3 7239/1/3 7241/1/3
f 7245/3/3 7244/3/3 7243/3/3
f 7246/3/3 7244/3/3 7245/3/3
f 7249/3/3 7248/3/3 7247/3/3
f 7250/3/3 7248/3/3 7249/3/3
f 7253/3/3 7252/3/3 7251/3/3
f 7254/3/3 7252/3/3 7253/3/3
f 7257/3/3 7256/3/3 7255/3/3
f 7258/3/3 7256/3/3 7257/3/3
f 7262/2/3 7260/2/3 7259/2/3
f 7262/2/3 7261/2/3 7260/2/3
f 7263/2/3 7261/2/3 7262/2/3
f 7266/1/3 7265/1/3 7264/1/3
f 7267/1/3 7265/1/3 7266/1/3
f 7270/2/3 7269/2/3 7268/2/3
f 7271/2/3 7269/2/3 7270/2/3
f 7274/3/3 7273/3/3 7272/3/3
f 7275/3/3 7273/3/3 7274/3/3
f 7277/3/3 7276/3/3 7275/3/3
f 7278/3/3 7276/3/3 7277/3/3
f 7280/3/3 7279/3/3 7278/3/3
f 7281/3/3 7279/3/3 7280/3/3
f 7284/3/3 7283/3/3 7282/3/3
f 7285/3/3 7283/3/3 7284/3/3
f 7286/1/3 7285/1/3 7284/1/3
f 7287/1/3 7285/1/3 7286/1/3
f 7291/1/3 7289/1/3 7288/1/3
f 7292/1/3 7289/1/3 7291/1/3
f 7294/1/3 7291/1/3 7290/1/3
f 7295/1/3 7291/1/3 7294/1/3
f 7298/1/3 7294/1/3 7293/1/3
f 7299/1/3 7294/1/3 7298/1/3
f 7300/2/3 7297/2/3 7296/2/3
f 7301/2/3 7297/2/3 7300/2/3
f 7304/1/3 7303/1/3 7302/1/3
f 7305/1/3 7303/1/3 7304/1/3
f 7308/1/3 7307/1/3 7306/1/3
f 7309/1/3 7307/1/3 7308/1/3
f 7311/1/3 7310/1/3 7309/1/3
f 7312/1/3 7310/1/3 7311/1/3
f 7314/1/3 7313/1/3 7312/1/3
f 7315/1/3 7313/1/3 7314/1/3
f 7317/1/3 7316/1/3 7315/1/3
f 7318/1/3 7316/1/3 7317/1/3
f 7320/1/3 7319/1/3 7318/1/3
f 7321/1/3 7319/1/3 7320/1/3
f 7323/1/3 7322/1/3 7321/1/3
f 7324/1/3 7322/1/3 7323/1/3
f 7326/1/3 7325/1/3 7324/1/3
f 7327/1/3 7325/1/3 7326/1/3
f 7329/1/3 7328/1/3 7327/1/3
f 7330/1/3 7328/1/3 7329/1/3
f 7332/1/3 7331/1/3 7330/1/3
f 7333/1/3 7331/1/3 7332/1/3
f 7336/3/3 7335/3/3 7334/3/3
f 7337/3/3 7335/3/3 7336/3/3
f 7340/3/3 7339/3/3 7338/3/3
f 7341/3/3 7339/3/3 7340/3/3
f 7343/3/3 7342/3/3 7341/3/3
f 7345/3/3 7343/3/3 7341/3/3
f 7345/3/3 7344/3/3 7343/3/3
f 7346/3/3 7344/3/3 7345/3/3
f 7347/1/3 7346/1/3 7345/1/3
f 7348/1/3 7346/1/3 7347/1/3
f 7350/1/3 7347/1/3 7345/1/3
f 7351/1/3 7347/1/3 7350/1/3
f 7352/1/3 7350/1/3 7349/1/3
f 7353/1/3 7350/1/3 7352/1/3
f 7356/1/3 7355/1/3 7354/1/3
f 7357/1/3 7355/1/3 7356/1/3
f 7363/1/3 7359/1/3 7358/1/3
f 7364/3/3 7360/3/3 7359/3/3
f 7364/1/3 7359/1/3 7363/1/3
f 7365/3/3 7360/3/3 7364/3/3
f 7367/1/3 7362/1/3 7361/1/3
f 7368/3/3 7363/3/3 7362/3/3
f 7368/1/3 7362/1/3 7367/1/3
f 7369/3/3 7363/3/3 7368/3/3
f 7371/3/3 7367/3/3 7366/3/3
f 7372/3/3 7367/3/3 7371/3/3
f 7374/3/3 7371/3/3 7370/3/3
f 7375/3/3 7371/3/3 7374/3/3
f 7377/3/3 7374/3/3 7373/3/3
f 7378/3/3 7374/3/3 7377/3/3
f 7380/3/3 7377/3/3 7376/3/3
f 7381/3/3 7377/3/3 7380/3/3
f 7383/3/3 7380/3/3 7379/3/3
f 7384/3/3 7380/3/3 7383/3/3
f 7385/3/3 7383/3/3 7382/3/3
f 7386/3/3 7383/3/3 7385/3/3
f 7389/1/3 7388/1/3 7387/1/3
f 7390/1/3 7388/1/3 7389/1/3
f 7393/2/3 7392/2/3 7391/2/3
f 7394/2/3 7392/2/3 7393/2/3
f 7397/3/3 7396/3/3 7395/3/3
f 7398/3/3 7396/3/3 7397/3/3
f 7400/3/3 7399/3/3 7398/3/3
f 7401/3/3 7399/3/3 7400/3/3
f 7403/1/3 7401/1/3 7400/1/3
f 7404/1/3 7401/1/3 7403/1/3
f 7405/1/3 7403/1/3 7402/1/3
f 7406/1/3 7403/1/3 7405/1/3
f 7409/2/3 7408/2/3 7407/2/3
f 7410/2/3 7408/2/3 7409/2/3
f 7413/2/3 7412/2/3 7411/2/3
f 7414/2/3 7412/2/3 7413/2/3
f 7416/1/3 7415/1/3 7414/1/3
f 7417/1/3 7415/1/3 7416/1/3
f 7420/1/3 7419/1/3 7418/1/3
f 7421/1/3 7419/1/3 7420/1/3
f 7423/1/3 7422/1/3 7421/1/3
f 7424/1/3 7422/1/3 7423/1/3
f 7426/1/3 7425/1/3 7424/1/3
f 7427/1/3 7425/1/3 7426/1/3
f 7429/1/3 7428/1/3 7427/1/3
f 7430/1/3 7428/1/3 7429/1/3
f 7432/1/3 7431/1/3 7430/1/3
f 7433/1/3 7431/1/3 7432/1/3
f 7435/1/3 7434/1/3 7433/1/3
f 7436/1/3 7434/1/3 7435/1/3
f 7438/1/3 7437/1/3 7436/1/3
f 7439/1/3 7437/1/3 7438/1/3
f 7442/3/3 7441/3/3 7440/3/3
f 7444/3/3 7442/3/3 7440/3/3
f 7444/3/3 7443/3/3 7442/3/3
f 7445/3/3 7443/3/3 7444/3/3
f 7446/3/3 7443/3/3 7445/3/3
f 7447/1/3 7445/1/3 7444/1/3
f 7448/1/3 7445/1/3 7447/1/3
f 7451/2/3 7450/2/3 7449/2/3
f 7452/2/3 7450/2/3 7451/2/3
f 7455/1/3 7454/1/3 7453/1/3
f 7456/1/3 7454/1/3 7455/1/3
f 7459/1/3 7458/1/3 7457/1/3
f 7460/1/3 7458/1/3 7459/1/3
f 7463/1/3 7462/1/3 7461/1/3
f 7464/1/3 7462/1/3 7463/1/3
f 7466/1/3 7465/1/3 7464/1/3
f 7467/1/3 7465/1/3 7466/1/3
f 7470/1/3 7469/1/3 7468/1/3
f 7471/1/3 7469/1/3 7470/1/3
f 7473/1/3 7472/1/3 7471/1/3
f 7474/1/3 7472/1/3 7473/1/3
f 7476/1/3 7475/1/3 7474/1/3
f 7477/1/3 7475/1/3 7476/1/3
f 7479/1/3 7478/1/3 7477/1/3
f 7480/1/3 7478/1/3 7479/1/3
f 7483/1/3 7482/1/3 7481/1/3
f 7484/1/3 7482/1/3 7483/1/3
f 7490/2/3 7486/2/3 7485/2/3
f 7491/2/3 7486/2/3 7490/2/3
f 7494/1/3 7488/1/3 7487/1/3
f 7495/1/3 7488/1/3 7494/1/3
f 7497/2/3 7490/2/3 7489/2/3
f 7498/2/3 7490/2/3 7497/2/3
f 7499/2/3 7493/2/3 7492/2/3
f 7499/2/3 7492/2/3 7491/2/3
f 7500/2/3 7493/2/3 7499/2/3
f 7501/2/3 7493/2/3 7500/2/3
f 7503/2/3 7496/2/3 7495/2/3
f 7504/2/3 7496/2/3 7503/2/3
f 7505/1/3 7503/1/3 7502/1/3
f 7506/1/3 7503/1/3 7505/1/3
f 7507/2/3 7499/2/3 7498/2/3
f 7508/2/3 7499/2/3 7507/2/3
f 7511/3/3 7510/3/3 7509/3/3
f 7512/3/3 7510/3/3 7511/3/3
f 7515/2/3 7514/2/3 7513/2/3
f 7516/2/3 7514/2/3 7515/2/3
f 7519/1/3 7518/1/3 7517/1/3
f 7520/1/3 7518/1/3 7519/1/3
f 7523/3/3 7522/3/3 7521/3/3
f 7524/3/3 7522/3/3 7523/3/3
f 7527/2/3 7526/2/3 7525/2/3
f 7528/2/3 7526/2/3 7527/2/3
f 7531/2/3 7530/2/3 7529/2/3
f 7532/2/3 7530/2/3 7531/2/3
f 7535/2/3 7534/2/3 7533/2/3
f 7536/2/3 7534/2/3 7535/2/3
f 7539/1/3 7538/1/3 7537/1/3
f 7540/1/3 7538/1/3 7539/1/3
f 7542/3/3 7540/3/3 7539/3/3
f 7542/3/3 7541/3/3 7540/3/3
f 7543/3/3 7541/3/3 7542/3/3
f 7544/3/3 7542/3/3 7539/3/3
f 7545/3/3 7542/3/3 7544/3/3
f 7548/2/3 7547/2/3 7546/2/3
f 7549/2/3 7547/2/3 7548/2/3
f 7552/3/3 7551/3/3 7550/3/3
f 7553/3/3 7551/3/3 7552/3/3
f 7555/3/3 7554/3/3 7553/3/3
f 7556/3/3 7554/3/3 7555/3/3
f 7559/3/3 7558/3/3 7557/3/3
f 7560/3/3 7558/3/3 7559/3/3
f 7563/1/3 7562/1/3 7561/1/3
f 7564/1/3 7562/1/3 7563/1/3
f 7565/3/3 7564/3/3 7563/3/3
f 7566/3/3 7564/3/3 7565/3/3
f 7569/2/3 7568/2/3 7567/2/3
f 7570/2/3 7568/2/3 7569/2/3
f 7575/1/3 7572/1/3 7571/1/3
f 7576/1/3 7572/1/3 7575/1/3
f 7578/1/3 7574/1/3 7573/1/3
f 7579/1/3 7574/1/3 7578/1/3
f 7580/1/3 7578/1/3 7577/1/3
f 7581/1/3 7578/1/3 7580/1/3
f 7584/3/3 7583/3/3 7582/3/3
f 7585/3/3 7583/3/3 7584/3/3
f 7589/2/3 7587/2/3 7586/2/3
f 7589/2/3 7588/2/3 7587/2/3
f 7590/2/3 7588/2/3 7589/2/3
f 7591/2/3 7588/2/3 7590/2/3
f 7592/1/3 7590/1/3 7589/1/3
f 7593/1/3 7590/1/3 7592/1/3
f 7596/1/3 7595/1/3 7594/1/3
f 7597/1/3 7595/1/3 7596/1/3
f 7600/1/3 7599/1/3 7598/1/3
f 7601/1/3 7599/1/3 7600/1/3
f 7604/1/3 7603/1/3 7602/1/3
f 7605/1/3 7603/1/3 7604/1/3
f 7607/3/3 7605/3/3 7604/3/3
f 7608/1/3 7606/1/3 7605/1/3
f 7608/3/3 7605/3/3 7607/3/3
f 7609/1/3 7606/1/3 7608/1/3
f 7611/3/3 7609/3/3 7608/3/3
f 7612/1/3 7610/1/3 7609/1/3
f 7612/3/3 7609/3/3 7611/3/3
f 7613/1/3 7610/1/3 7612/1/3
f 7615/3/3 7613/3/3 7612/3/3
f 7616/1/3 7614/1/3 7613/1/3
f 7616/3/3 7613/3/3 7615/3/3
f 7617/1/3 7614/1/3 7616/1/3
f 7619/3/3 7618/3/3 7617/3/3
f 7619/3/3 7617/3/3 7616/3/3
f 7620/3/3 7618/3/3 7619/3/3
f 7621/3/3 7618/3/3 7620/3/3
f 7623/3/3 7622/3/3 7621/3/3
f 7623/3/3 7621/3/3 7620/3/3
f 7624/3/3 7622/3/3 7623/3/3
f 7625/3/3 7622/3/3 7624/3/3
f 7626/3/3 7625/3/3 7624/3/3
f 7627/3/3 7625/3/3 7626/3/3
f 7629/3/3 7628/3/3 7627/3/3
f 7630/3/3 7628/3/3 7629/3/3
f 7633/3/3 7632/3/3 7631/3/3
f 7634/3/3 7632/3/3 7633/3/3
f 7637/3/3 7636/3/3 7635/3/3
f 7638/3/3 7636/3/3 7637/3/3
f 7640/1/3 7639/1/3 7638/1/3
f 7641/1/3 7639/1/3 7640/1/3
f 7643/1/3 7642/1/3 7641/1/3
f 7644/1/3 7642/1/3 7643/1/3
f 7647/1/3 7646/1/3 7645/1/3
f 7648/1/3 7646/1/3 7647/1/3
f 7650/1/3 7649/1/3 7648/1/3
f 7651/1/3 7649/1/3 7650/1/3
f 7653/3/3 7651/3/3 7650/3/3
f 7654/3/3 7651/3/3 7653/3/3
f 7655/3/3 7653/3/3 7652/3/3
f 7656/3/3 7653/3/3 7655/3/3
f 7660/3/3 7658/3/3 7657/3/3
f 7661/3/3 7658/3/3 7660/3/3
f 7663/3/3 7660/3/3 7659/3/3
f 7664/3/3 7660/3/3 7663/3/3
f 7667/1/3 7663/1/3 7662/1/3
f 7668/1/3 7663/1/3 7667/1/3
f 7671/1/3 7666/1/3 7665/1/3
f 7672/1/3 7666/1/3 7671/1/3
f 7674/1/3 7670/1/3 7669/1/3
f 7675/1/3 7670/1/3 7674/1/3
f 7677/1/3 7674/1/3 7673/1/3
f 7678/1/3 7674/1/3 7677/1/3
f 7680/1/3 7677/1/3 7676/1/3
f 7680/1/3 7678/1/3 7677/1/3
f 7681/1/3 7678/1/3 7680/1/3
f 7682/1/3 7678/1/3 7681/1/3
f 7684/1/3 7680/1/3 7679/1/3
f 7684/1/3 7681/1/3 7680/1/3
f 7685/1/3 7681/1/3 7684/1/3
f 7686/1/3 7681/1/3 7685/1/3
f 7688/1/3 7684/1/3 7683/1/3
f 7688/1/3 7685/1/3 7684/1/3
f 7689/1/3 7685/1/3 7688/1/3
f 7690/1/3 7685/1/3 7689/1/3
f 7692/1/3 7688/1/3 7687/1/3
f 7693/3/3 7689/3/3 7688/3/3
f 7693/1/3 7688/1/3 7692/1/3
f 7694/3/3 7689/3/3 7693/3/3
f 7695/1/3 7692/1/3 7691/1/3
f 7696/3/3 7693/3/3 7692/3/3
f 7696/1/3 7692/1/3 7695/1/3
f 7697/3/3 7693/3/3 7696/3/3
f 7698/3/3 7696/3/3 7695/3/3
f 7699/3/3 7696/3/3 7698/3/3
f 7702/3/3 7701/3/3 7700/3/3
f 7703/3/3 7701/3/3 7702/3/3
f 7706/3/3 7705/3/3 7704/3/3
f 7707/3/3 7705/3/3 7706/3/3
f 7710/3/3 7709/3/3 7708/3/3
f 7711/3/3 7709/3/3 7710/3/3
f 7714/1/3 7713/1/3 7712/1/3
f 7715/1/3 7713/1/3 7714/1/3
f 7718/1/3 7717/1/3 7716/1/3
f 7719/1/3 7717/1/3 7718/1/3
f 7722/1/3 7721/1/3 7720/1/3
f 7723/1/3 7721/1/3 7722/1/3
f 7726/3/3 7725/3/3 7724/3/3
f 7727/3/3 7725/3/3 7726/3/3
f 7730/3/3 7729/3/3 7728/3/3
f 7731/3/3 7729/3/3 7730/3/3
f 7734/3/3 7733/3/3 7732/3/3
f 7735/3/3 7733/3/3 7734/3/3
f 7738/2/3 7737/2/3 7736/2/3
f 7739/2/3 7737/2/3 7738/2/3
f 7742/1/3 7741/1/3 7740/1/3
f 7743/1/3 7741/1/3 7742/1/3
f 7745/1/3 7744/1/3 7743/1/3
f 7746/1/3 7744/1/3 7745/1/3
f 7749/1/3 7748/1/3 7747/1/3
f 7750/1/3 7748/1/3 7749/1/3
f 7751/3/3 7750/3/3 7749/3/3
f 7752/3/3 7750/3/3 7751/3/3
f 7756/3/3 7754/3/3 7753/3/3
f 7757/3/3 7754/3/3 7756/3/3
f 7760/3/3 7756/3/3 7755/3/3
f 7761/3/3 7756/3/3 7760/3/3
f 7762/2/3 7759/2/3 7758/2/3
f 7763/2/3 7759/2/3 7762/2/3
f 7768/1/3 7765/1/3 7764/1/3
f 7769/1/3 7765/1/3 7768/1/3
f 7770/1/3 7767/1/3 7766/1/3
f 7771/1/3 7767/1/3 7770/1/3
f 7774/1/3 7773/1/3 7772/1/3
f 7775/1/3 7773/1/3 7774/1/3
f 7778/3/3 7777/3/3 7776/3/3
f 7779/3/3 7777/3/3 7778/3/3
f 7782/3/3 7781/3/3 7780/3/3
f 7783/3/3 7781/3/3 7782/3/3
f 7786/3/3 7785/3/3 7784/3/3
f 7787/3/3 7785/3/3 7786/3/3
f 7790/2/3 7789/2/3 7788/2/3
f 7791/2/3 7789/2/3 7790/2/3
f 7794/1/3 7793/1/3 7792/1/3
f 7795/1/3 7793/1/3 7794/1/3
f 7798/3/3 7797/3/3 7796/3/3
f 7799/3/3 7797/3/3 7798/3/3
f 7802/3/3 7801/3/3 7800/3/3
f 7803/3/3 7801/3/3 7802/3/3
f 7806/3/3 7805/3/3 7804/3/3
f 7807/3/3 7805/3/3 7806/3/3
f 7809/3/3 7808/3/3 7807/3/3
f 7810/3/3 7808/3/3 7809/3/3
f 7812/3/3 7811/3/3 7810/3/3
f 7813/3/3 7811/3/3 7812/3/3
f 7815/3/3 7814/3/3 7813/3/3
f 7816/3/3 7814/3/3 7815/3/3
f 7818/3/3 7817/3/3 7816/3/3
f 7819/3/3 7817/3/3 7818/3/3
f 7821/3/3 7820/3/3 7819/3/3
f 7822/3/3 7820/3/3 7821/3/3
f 7824/3/3 7823/3/3 7822/3/3
f 7825/3/3 7823/3/3 7824/3/3
f 7826/3/3 7823/3/3 7825/3/3
f 7829/1/3 7827/1/3 7826/1/3
f 7830/1/3 7827/1/3 7829/1/3
f 7832/2/3 7829/2/3 7828/2/3
f 7833/2/3 7829/2/3 7832/2/3
f 7834/1/3 7831/1/3 7830/1/3
f 7835/1/3 7831/1/3 7834/1/3
f 7837/1/3 7836/1/3 7835/1/3
f 7838/1/3 7836/1/3 7837/1/3
f 7840/1/3 7839/1/3 7838/1/3
f 7841/1/3 7839/1/3 7840/1/3
f 7843/3/3 7841/3/3 7840/3/3
f 7844/3/3 7841/3/3 7843/3/3
f 7848/3/3 7843/3/3 7842/3/3
f 7849/3/3 7843/3/3 7848/3/3
f 7850/2/3 7846/2/3 7845/2/3
f 7851/2/3 7846/2/3 7850/2/3
f 7852/3/3 7848/3/3 7847/3/3
f 7853/3/3 7848/3/3 7852/3/3
f 7856/3/3 7852/3/3 7851/3/3
f 7857/3/3 7852/3/3 7856/3/3
f 7859/3/3 7855/3/3 7854/3/3
f 7859/3/3 7856/3/3 7855/3/3
f 7860/3/3 7856/3/3 7859/3/3
f 7862/1/3 7859/1/3 7858/1/3
f 7863/1/3 7859/1/3 7862/1/3
f 7865/1/3 7862/1/3 7861/1/3
f 7866/1/3 7862/1/3 7865/1/3
f 7868/1/3 7865/1/3 7864/1/3
f 7869/1/3 7865/1/3 7868/1/3
f 7871/1/3 7868/1/3 7867/1/3
f 7872/1/3 7868/1/3 7871/1/3
f 7874/1/3 7871/1/3 7870/1/3
f 7875/1/3 7871/1/3 7874/1/3
f 7876/1/3 7874/1/3 7873/1/3
f 7877/1/3 7874/1/3 7876/1/3
f 7880/1/3 7879/1/3 7878/1/3
f 7881/1/3 7879/1/3 7880/1/3
f 7884/1/3 7883/1/3 7882/1/3
f 7885/1/3 7883/1/3 7884/1/3
f 7888/2/3 7887/2/3 7886/2/3
f 7889/2/3 7887/2/3 7888/2/3
f 7892/3/3 7891/3/3 7890/3/3
f 7893/3/3 7891/3/3 7892/3/3
f 7895/3/3 7894/3/3 7893/3/3
f 7896/3/3 7894/3/3 7895/3/3
f 7898/3/3 7897/3/3 7896/3/3
f 7899/3/3 7897/3/3 7898/3/3
f 7901/3/3 7900/3/3 7899/3/3
f 7902/3/3 7900/3/3 7901/3/3
f 7904/3/3 7903/3/3 7902/3/3
f 7905/3/3 7903/3/3 7904/3/3
f 7907/3/3 7906/3/3 7905/3/3
f 7908/3/3 7906/3/3 7907/3/3
f 7910/3/3 7909/3/3 7908/3/3
f 7911/3/3 7909/3/3 7910/3/3
f 7913/3/3 7912/3/3 7911/3/3
f 7914/3/3 7912/3/3 7913/3/3
f 7918/3/3 7915/3/3 7914/3/3
f 7919/3/3 7915/3/3 7918/3/3
f 7920/3/3 7915/3/3 7919/3/3
f 7921/3/3 7917/3/3 7916/3/3
f 7922/3/3 7917/3/3 7921/3/3
f 7924/1/3 7921/1/3 7920/1/3
f 7925/1/3 7921/1/3 7924/1/3
f 7927/2/3 7924/2/3 7923/2/3
f 7928/2/3 7924/2/3 7927/2/3
f 7929/1/3 7926/1/3 7925/1/3
f 7931/1/3 7929/1/3 7925/1/3
f 7931/1/3 7930/1/3 7929/1/3
f 7932/1/3 7930/1/3 7931/1/3
f 7933/1/3 7930/1/3 7932/1/3
f 7934/1/3 7930/1/3 7933/1/3
f 7936/3/3 7934/3/3 7933/3/3
f 7939/3/3 7934/3/3 7936/3/3
f 7939/3/3 7936/3/3 7935/3/3
f 7940/3/3 7934/3/3 7939/3/3
f 7941/2/3 7938/2/3 7937/2/3
f 7942/2/3 7938/2/3 7941/2/3
f 7943/3/3 7939/3/3 7935/3/3
f 7944/3/3 7939/3/3 7943/3/3
f 7947/3/3 7943/3/3 7942/3/3
f 7948/3/3 7943/3/3 7947/3/3
f 7951/3/3 7946/3/3 7945/3/3
f 7951/3/3 7947/3/3 7946/3/3
f 7952/3/3 7947/3/3 7951/3/3
f 7953/3/3 7949/3/3 7948/3/3
f 7954/3/3 7949/3/3 7953/3/3
f 7956/3/3 7951/3/3 7950/3/3
f 7957/3/3 7951/3/3 7956/3/3
f 7959/1/3 7956/1/3 7955/1/3
f 7960/1/3 7956/1/3 7959/1/3
f 7962/1/3 7959/1/3 7958/1/3
f 7963/1/3 7959/1/3 7962/1/3
f 7965/1/3 7962/1/3 7961/1/3
f 7966/1/3 7962/1/3 7965/1/3
f 7968/1/3 7965/1/3 7964/1/3
f 7969/1/3 7965/1/3 7968/1/3
f 7971/1/3 7968/1/3 7967/1/3
f 7972/1/3 7968/1/3 7971/1/3
f 7974/1/3 7971/1/3 7970/1/3
f 7975/1/3 7971/1/3 7974/1/3
f 7976/1/3 7974/1/3 7973/1/3
f 7977/1/3 7974/1/3 7976/1/3
f 7980/3/3 7979/3/3 7978/3/3
f 7981/3/3 7979/3/3 7980/3/3
f 7983/3/3 7982/3/3 7981/3/3
f 7984/3/3 7982/3/3 7983/3/3
f 7986/3/3 7985/3/3 7984/3/3
f 7987/3/3 7985/3/3 7986/3/3
f 7989/3/3 7988/3/3 7987/3/3
f 7990/3/3 7988/3/3 7989/3/3
f 7992/3/3 7991/3/3 7990/3/3
f 7993/3/3 7991/3/3 7992/3/3
f 7995/3/3 7994/3/3 7993/3/3
f 7996/3/3 7994/3/3 7995/3/3
f 7998/3/3 7997/3/3 7996/3/3
f 7999/3/3 7997/3/3 7998/3/3
f 8001/3/3 8000/3/3 7999/3/3
f 8002/3/3 8000/3/3 8001/3/3
f 8004/1/3 8003/1/3 8002/1/3
f 8005/1/3 8003/1/3 8004/1/3
f 8006/1/3 8003/1/3 8005/1/3
f 8009/1/3 8007/1/3 8006/1/3
f 8010/1/3 8007/1/3 8009/1/3
f 8010/2/3 8009/2/3 8008/2/3
f 8011/1/3 8007/1/3 8010/1/3
f 8013/2/3 8010/2/3 8008/2/3
f 8014/2/3 8010/2/3 8013/2/3
f 8015/1/3 8012/1/3 8011/1/3
f 8016/1/3 8012/1/3 8015/1/3
f 8019/2/3 8018/2/3 8017/2/3
f 8020/3/3 8016/3/3 8015/3/3
f 8021/3/3 8016/3/3 8020/3/3
f 8022/2/3 8019/2/3 8017/2/3
f 8023/3/3 8020/3/3 8019/3/3
f 8023/2/3 8019/2/3 8022/2/3
f 8026/3/3 8020/3/3 8023/3/3
f 8027/3/3 8020/3/3 8026/3/3
f 8029/3/3 8025/3/3 8024/3/3
f 8029/3/3 8026/3/3 8025/3/3
f 8030/3/3 8026/3/3 8029/3/3
f 8032/3/3 8029/3/3 8028/3/3
f 8033/3/3 8029/3/3 8032/3/3
f 8035/3/3 8032/3/3 8031/3/3
f 8036/3/3 8032/3/3 8035/3/3
f 8038/3/3 8035/3/3 8034/3/3
f 8039/3/3 8035/3/3 8038/3/3
f 8041/3/3 8038/3/3 8037/3/3
f 8042/3/3 8038/3/3 8041/3/3
f 8044/1/3 8041/1/3 8040/1/3
f 8045/1/3 8041/1/3 8044/1/3
f 8047/1/3 8044/1/3 8043/1/3
f 8048/1/3 8044/1/3 8047/1/3
f 8050/1/3 8047/1/3 8046/1/3
f 8051/1/3 8047/1/3 8050/1/3
f 8052/1/3 8050/1/3 8049/1/3
f 8053/1/3 8050/1/3 8052/1/3
f 8057/2/3 8055/2/3 8054/2/3
f 8057/2/3 8056/2/3 8055/2/3
f 8058/2/3 8056/2/3 8057/2/3
f 8061/3/3 8060/3/3 8059/3/3
f 8062/3/3 8060/3/3 8061/3/3
f 8064/3/3 8063/3/3 8062/3/3
f 8065/3/3 8063/3/3 8064/3/3
f 8067/3/3 8066/3/3 8065/3/3
f 8068/3/3 8066/3/3 8067/3/3
f 8071/3/3 8070/3/3 8069/3/3
f 8072/3/3 8070/3/3 8071/3/3
f 8074/3/3 8073/3/3 8072/3/3
f 8075/3/3 8073/3/3 8074/3/3
f 8077/3/3 8076/3/3 8075/3/3
f 8078/3/3 8076/3/3 8077/3/3
f 8080/3/3 8079/3/3 8078/3/3
f 8081/3/3 8079/3/3 8080/3/3
f 8083/3/3 8082/3/3 8081/3/3
f 8084/3/3 8082/3/3 8083/3/3
f 8086/1/3 8085/1/3 8084/1/3
f 8087/1/3 8085/1/3 8086/1/3
f 8089/1/3 8088/1/3 8087/1/3
f 8090/1/3 8088/1/3 8089/1/3
f 8092/1/3 8091/1/3 8090/1/3
f 8093/1/3 8091/1/3 8092/1/3
f 8095/1/3 8094/1/3 8093/1/3
f 8096/1/3 8094/1/3 8095/1/3
f 8097/1/3 8094/1/3 8096/1/3
f 8101/1/3 8099/1/3 8098/1/3
f 8102/2/3 8101/2/3 8100/2/3
f 8103/1/3 8099/1/3 8101/1/3
f 8103/2/3 8101/2/3 8102/2/3
f 8104/1/3 8099/1/3 8103/1/3
f 8106/3/3 8104/3/3 8103/3/3
f 8107/2/3 8106/2/3 8105/2/3
f 8108/3/3 8104/3/3 8106/3/3
f 8108/2/3 8106/2/3 8107/2/3
f 8109/3/3 8104/3/3 8108/3/3
f 8110/3/3 8104/3/3 8109/3/3
f 8115/3/3 8112/3/3 8111/3/3
f 8115/3/3 8113/3/3 8112/3/3
f 8116/3/3 8113/3/3 8115/3/3
f 8118/3/3 8115/3/3 8114/3/3
f 8119/3/3 8115/3/3 8118/3/3
f 8121/3/3 8118/3/3 8117/3/3
f 8122/3/3 8118/3/3 8121/3/3
f 8124/3/3 8121/3/3 8120/3/3
f 8125/3/3 8121/3/3 8124/3/3
f 8127/3/3 8124/3/3 8123/3/3
f 8128/3/3 8124/3/3 8127/3/3
f 8130/3/3 8127/3/3 8126/3/3
f 8131/3/3 8127/3/3 8130/3/3
f 8133/1/3 8130/1/3 8129/1/3
f 8134/1/3 8130/1/3 8133/1/3
f 8136/1/3 8133/1/3 8132/1/3
f 8137/1/3 8133/1/3 8136/1/3
f 8138/1/3 8136/1/3 8135/1/3
f 8139/1/3 8136/1/3 8138/1/3
f 8143/1/3 8141/1/3 8140/1/3
f 8144/1/3 8141/1/3 8143/1/3
f 8146/1/3 8143/1/3 8142/1/3
f 8147/1/3 8143/1/3 8146/1/3
f 8148/1/3 8146/1/3 8145/1/3
f 8149/1/3 8146/1/3 8148/1/3
f 8152/2/3 8151/2/3 8150/2/3
f 8153/2/3 8151/2/3 8152/2/3
f 8154/2/3 8151/2/3 8153/2/3
f 8157/3/3 8156/3/3 8155/3/3
f 8158/3/3 8156/3/3 8157/3/3
f 8160/3/3 8159/3/3 8158/3/3
f 8161/3/3 8159/3/3 8160/3/3
f 8163/3/3 8162/3/3 8161/3/3
f 8164/3/3 8162/3/3 8163/3/3
f 8166/1/3 8165/1/3 8164/1/3
f 8167/1/3 8165/1/3 8166/1/3
f 8169/1/3 8168/1/3 8167/1/3
f 8170/1/3 8168/1/3 8169/1/3
f 8172/1/3 8171/1/3 8170/1/3
f 8173/1/3 8171/1/3 8172/1/3
f 8175/1/3 8174/1/3 8173/1/3
f 8176/1/3 8174/1/3 8175/1/3
f 8178/1/3 8177/1/3 8176/1/3
f 8179/1/3 8177/1/3 8178/1/3
f 8180/1/3 8177/1/3 8179/1/3
f 8182/1/3 8181/1/3 8180/1/3
f 8182/1/3 8180/1/3 8179/1/3
f 8183/1/3 8181/1/3 8182/1/3
f 8184/1/3 8181/1/3 8183/1/3
f 8186/1/3 8185/1/3 8184/1/3
f 8186/1/3 8184/1/3 8183/1/3
f 8187/1/3 8185/1/3 8186/1/3
f 8188/1/3 8185/1/3 8187/1/3
f 8191/1/3 8190/1/3 8189/1/3
f 8192/1/3 8190/1/3 8191/1/3
f 8197/3/3 8194/3/3 8193/3/3
f 8197/3/3 8195/3/3 8194/3/3
f 8198/3/3 8195/3/3 8197/3/3
f 8199/3/3 8195/3/3 8198/3/3
f 8201/3/3 8197/3/3 8196/3/3
f 8201/3/3 8198/3/3 8197/3/3
f 8202/3/3 8198/3/3 8201/3/3
f 8203/3/3 8198/3/3 8202/3/3
f 8205/3/3 8201/3/3 8200/3/3
f 8205/3/3 8202/3/3 8201/3/3
f 8206/3/3 8202/3/3 8205/3/3
f 8208/3/3 8205/3/3 8204/3/3
f 8209/3/3 8205/3/3 8208/3/3
f 8211/3/3 8208/3/3 8207/3/3
f 8212/3/3 8208/3/3 8211/3/3
f 8214/3/3 8211/3/3 8210/3/3
f 8215/3/3 8211/3/3 8214/3/3
f 8217/3/3 8214/3/3 8213/3/3
f 8218/3/3 8214/3/3 8217/3/3
f 8220/3/3 8217/3/3 8216/3/3
f 8221/3/3 8217/3/3 8220/3/3
f 8223/3/3 8220/3/3 8219/3/3
f 8224/3/3 8220/3/3 8223/3/3
f 8225/1/3 8223/1/3 8222/1/3
f 8226/1/3 8223/1/3 8225/1/3
f 8229/3/3 8228/3/3 8227/3/3
f 8230/3/3 8228/3/3 8229/3/3
f 8232/1/3 8231/1/3 8230/1/3
f 8233/1/3 8231/1/3 8232/1/3
f 8235/1/3 8234/1/3 8233/1/3
f 8236/1/3 8234/1/3 8235/1/3
f 8238/1/3 8237/1/3 8236/1/3
f 8239/1/3 8237/1/3 8238/1/3
f 8241/1/3 8240/1/3 8239/1/3
f 8242/1/3 8240/1/3 8241/1/3
f 8244/1/3 8243/1/3 8242/1/3
f 8245/1/3 8243/1/3 8244/1/3
f 8247/1/3 8246/1/3 8245/1/3
f 8249/1/3 8247/1/3 8245/1/3
f 8249/1/3 8248/1/3 8247/1/3
f 8250/1/3 8248/1/3 8249/1/3
f 8251/1/3 8248/1/3 8250/1/3
f 8253/1/3 8252/1/3 8251/1/3
f 8253/1/3 8251/1/3 8250/1/3
f 8254/1/3 8252/1/3 8253/1/3
f 8255/1/3 8252/1/3 8254/1/3
f 8257/1/3 8256/1/3 8255/1/3
f 8257/1/3 8255/1/3 8254/1/3
f 8258/1/3 8256/1/3 8257/1/3
f 8260/3/3 8258/3/3 8257/3/3
f 8261/3/3 8258/3/3 8260/3/3
f 8262/3/3 8258/3/3 8261/3/3
f 8264/3/3 8260/3/3 8259/3/3
f 8264/3/3 8261/3/3 8260/3/3
f 8265/3/3 8261/3/3 8264/3/3
f 8266/3/3 8261/3/3 8265/3/3
f 8267/3/3 8264/3/3 8263/3/3
f 8267/3/3 8265/3/3 8264/3/3
f 8268/3/3 8265/3/3 8267/3/3
f 8270/3/3 8267/3/3 8263/3/3
f 8271/3/3 8267/3/3 8270/3/3
f 8273/3/3 8270/3/3 8269/3/3
f 8274/3/3 8270/3/3 8273/3/3
f 8276/3/3 8273/3/3 8272/3/3
f 8277/3/3 8273/3/3 8276/3/3
f 8279/3/3 8276/3/3 8275/3/3
f 8280/3/3 8276/3/3 8279/3/3
f 8282/3/3 8279/3/3 8278/3/3
f 8283/3/3 8279/3/3 8282/3/3
f 8285/3/3 8282/3/3 8281/3/3
f 8286/3/3 8282/3/3 8285/3/3
f 8287/3/3 8285/3/3 8284/3/3
f 8288/3/3 8285/3/3 8287/3/3
f 8291/2/3 8290/2/3 8289/2/3
f 8292/2/3 8290/2/3 8291/2/3
f 8293/2/3 8290/2/3 8292/2/3
f 8294/3/3 8293/3/3 8292/3/3
f 8295/3/3 8293/3/3 8294/3/3
f 8298/3/3 8297/3/3 8296/3/3
f 8299/3/3 8297/3/3 8298/3/3
f 8302/3/3 8301/3/3 8300/3/3
f 8303/3/3 8301/3/3 8302/3/3
f 8306/1/3 8305/1/3 8304/1/3
f 8307/1/3 8305/1/3 8306/1/3
f 8309/1/3 8308/1/3 8307/1/3
f 8310/1/3 8308/1/3 8309/1/3
f 8312/1/3 8311/1/3 8310/1/3
f 8313/1/3 8311/1/3 8312/1/3
f 8315/1/3 8314/1/3 8313/1/3
f 8316/1/3 8314/1/3 8315/1/3
f 8318/1/3 8317/1/3 8316/1/3
f 8319/1/3 8317/1/3 8318/1/3
f 8321/1/3 8320/1/3 8319/1/3
f 8322/1/3 8320/1/3 8321/1/3
f 8324/1/3 8323/1/3 8322/1/3
f 8325/1/3 8323/1/3 8324/1/3
f 8327/1/3 8326/1/3 8325/1/3
f 8328/1/3 8326/1/3 8327/1/3
f 8330/3/3 8328/3/3 8327/3/3
f 8331/3/3 8328/3/3 8330/3/3
f 8333/3/3 8330/3/3 8329/3/3
f 8334/3/3 8330/3/3 8333/3/3
f 8336/3/3 8333/3/3 8332/3/3
f 8337/3/3 8333/3/3 8336/3/3
f 8339/3/3 8336/3/3 8335/3/3
f 8340/3/3 8336/3/3 8339/3/3
f 8342/3/3 8339/3/3 8338/3/3
f 8343/3/3 8339/3/3 8342/3/3
f 8345/3/3 8342/3/3 8341/3/3
f 8346/3/3 8342/3/3 8345/3/3
f 8348/3/3 8345/3/3 8344/3/3
f 8349/3/3 8345/3/3 8348/3/3
f 8350/3/3 8348/3/3 8347/3/3
f 8351/3/3 8348/3/3 8350/3/3
f 8354/3/3 8353/3/3 8352/3/3
f 8355/3/3 8353/3/3 8354/3/3
f 8358/1/3 8357/1/3 8356/1/3
f 8359/1/3 8357/1/3 8358/1/3
f 8363/1/3 8361/1/3 8360/1/3
f 8364/1/3 8361/1/3 8363/1/3
f 8365/2/3 8363/2/3 8362/2/3
f 8365/2/3 8364/2/3 8363/2/3
f 8366/2/3 8364/2/3 8365/2/3
f 8369/2/3 8368/2/3 8367/2/3
f 8370/2/3 8368/2/3 8369/2/3
f 8372/3/3 8371/3/3 8370/3/3
f 8373/3/3 8371/3/3 8372/3/3
f 8376/3/3 8375/3/3 8374/3/3
f 8378/3/3 8376/3/3 8374/3/3
f 8378/3/3 8377/3/3 8376/3/3
f 8379/3/3 8377/3/3 8378/3/3
f 8380/3/3 8377/3/3 8379/3/3
f 8381/3/3 8377/3/3 8380/3/3
f 8384/3/3 8383/3/3 8382/3/3
f 8385/3/3 8383/3/3 8384/3/3
f 8388/3/3 8387/3/3 8386/3/3
f 8389/3/3 8387/3/3 8388/3/3
f 8392/3/3 8391/3/3 8390/3/3
f 8393/3/3 8391/3/3 8392/3/3
f 8396/1/3 8395/1/3 8394/1/3
f 8397/1/3 8395/1/3 8396/1/3
f 8399/1/3 8398/1/3 8397/1/3
f 8400/1/3 8398/1/3 8399/1/3
f 8402/1/3 8401/1/3 8400/1/3
f 8403/1/3 8401/1/3 8402/1/3
f 8405/1/3 8404/1/3 8403/1/3
f 8406/1/3 8404/1/3 8405/1/3
f 8408/1/3 8407/1/3 8406/1/3
f 8409/1/3 8407/1/3 8408/1/3
f 8412/1/3 8411/1/3 8410/1/3
f 8413/1/3 8411/1/3 8412/1/3
f 8414/3/3 8413/3/3 8412/3/3
f 8415/3/3 8413/3/3 8414/3/3
f 8419/3/3 8417/3/3 8416/3/3
f 8420/3/3 8417/3/3 8419/3/3
f 8422/3/3 8419/3/3 8418/3/3
f 8423/3/3 8419/3/3 8422/3/3
f 8425/3/3 8422/3/3 8421/3/3
f 8426/3/3 8422/3/3 8425/3/3
f 8428/3/3 8425/3/3 8424/3/3
f 8429/3/3 8425/3/3 8428/3/3
f 8430/3/3 8428/3/3 8427/3/3
f 8431/3/3 8428/3/3 8430/3/3
f 8434/3/3 8433/3/3 8432/3/3
f 8435/3/3 8433/3/3 8434/3/3
f 8438/3/3 8437/3/3 8436/3/3
f 8439/3/3 8437/3/3 8438/3/3
f 8442/1/3 8441/1/3 8440/1/3
f 8443/1/3 8441/1/3 8442/1/3
f 8447/1/3 8445/1/3 8444/1/3
f 8448/1/3 8445/1/3 8447/1/3
f 8448/1/3 8447/1/3 8446/1/3
f 8449/1/3 8445/1/3 8448/1/3
f 8450/1/3 8448/1/3 8446/1/3
f 8451/1/3 8448/1/3 8450/1/3
f 8455/1/3 8453/1/3 8452/1/3
f 8456/1/3 8453/1/3 8455/1/3
f 8457/2/3 8455/2/3 8454/2/3
f 8458/2/3 8455/2/3 8457/2/3
f 8463/2/3 8460/2/3 8459/2/3
f 8464/2/3 8460/2/3 8463/2/3
f 8465/2/3 8462/2/3 8461/2/3
f 8466/2/3 8462/2/3 8465/2/3
f 8467/3/3 8465/3/3 8464/3/3
f 8468/3/3 8465/3/3 8467/3/3
f 8471/3/3 8470/3/3 8469/3/3
f 8473/3/3 8471/3/3 8469/3/3
f 8473/3/3 8472/3/3 8471/3/3
f 8474/3/3 8472/3/3 8473/3/3
f 8477/3/3 8476/3/3 8475/3/3
f 8478/3/3 8476/3/3 8477/3/3
f 8481/1/3 8480/1/3 8479/1/3
f 8482/1/3 8480/1/3 8481/1/3
f 8484/1/3 8483/1/3 8482/1/3
f 8485/1/3 8483/1/3 8484/1/3
f 8487/1/3 8486/1/3 8485/1/3
f 8488/1/3 8486/1/3 8487/1/3
f 8490/1/3 8489/1/3 8488/1/3
f 8491/1/3 8489/1/3 8490/1/3
f 8494/1/3 8493/1/3 8492/1/3
f 8495/1/3 8493/1/3 8494/1/3
f 8498/3/3 8495/3/3 8494/3/3
f 8499/3/3 8495/3/3 8498/3/3
f 8501/3/3 8497/3/3 8496/3/3
f 8502/3/3 8497/3/3 8501/3/3
f 8504/3/3 8501/3/3 8500/3/3
f 8505/3/3 8501/3/3 8504/3/3
f 8507/3/3 8504/3/3 8503/3/3
f 8508/3/3 8504/3/3 8507/3/3
f 8509/3/3 8507/3/3 8506/3/3
f 8510/3/3 8507/3/3 8509/3/3
f 8513/3/3 8512/3/3 8511/3/3
f 8514/3/3 8512/3/3 8513/3/3
f 8517/1/3 8516/1/3 8515/1/3
f 8518/1/3 8516/1/3 8517/1/3
f 8519/1/3 8517/1/3 8515/1/3
f 8520/1/3 8517/1/3 8519/1/3
f 8524/1/3 8522/1/3 8521/1/3
f 8525/1/3 8522/1/3 8524/1/3
f 8527/2/3 8524/2/3 8523/2/3
f 8528/2/3 8524/2/3 8527/2/3
f 8529/2/3 8526/2/3 8525/2/3
f 8530/2/3 8526/2/3 8529/2/3
f 8533/3/3 8532/3/3 8531/3/3
f 8534/3/3 8532/3/3 8533/3/3
f 8537/1/3 8536/1/3 8535/1/3
f 8538/1/3 8536/1/3 8537/1/3
f 8541/1/3 8540/1/3 8539/1/3
f 8542/1/3 8540/1/3 8541/1/3
f 8544/1/3 8543/1/3 8542/1/3
f 8546/1/3 8544/1/3 8542/1/3
f 8546/1/3 8545/1/3 8544/1/3
f 8547/1/3 8545/1/3 8546/1/3
f 8548/1/3 8545/1/3 8547/1/3
f 8549/1/3 8545/1/3 8548/1/3
f 8552/1/3 8551/1/3 8550/1/3
f 8553/1/3 8551/1/3 8552/1/3
f 8556/3/3 8553/3/3 8552/3/3
f 8557/3/3 8553/3/3 8556/3/3
f 8559/3/3 8555/3/3 8554/3/3
f 8560/3/3 8555/3/3 8559/3/3
f 8560/3/3 8559/3/3 8558/3/3
f 8561/3/3 8555/3/3 8560/3/3
f 8563/3/3 8560/3/3 8558/3/3
f 8564/3/3 8560/3/3 8563/3/3
f 8565/3/3 8563/3/3 8562/3/3
f 8566/3/3 8563/3/3 8565/3/3
f 8569/3/3 8568/3/3 8567/3/3
f 8570/3/3 8568/3/3 8569/3/3
f 8573/1/3 8572/1/3 8571/1/3
f 8574/1/3 8572/1/3 8573/1/3
f 8579/2/3 8576/2/3 8575/2/3
f 8580/2/3 8576/2/3 8579/2/3
f 8581/2/3 8578/2/3 8577/2/3
f 8582/2/3 8578/2/3 8581/2/3
f 8583/3/3 8581/3/3 8580/3/3
f 8584/3/3 8581/3/3 8583/3/3
f 8587/3/3 8586/3/3 8585/3/3
f 8588/3/3 8586/3/3 8587/3/3
f 8591/3/3 8590/3/3 8589/3/3
f 8592/3/3 8590/3/3 8591/3/3
f 8595/1/3 8594/1/3 8593/1/3
f 8596/1/3 8594/1/3 8595/1/3
f 8599/1/3 8598/1/3 8597/1/3
f 8600/1/3 8598/1/3 8599/1/3
f 8603/1/3 8602/1/3 8601/1/3
f 8604/1/3 8602/1/3 8603/1/3
f 8607/1/3 8606/1/3 8605/1/3
f 8608/1/3 8606/1/3 8607/1/3
f 8611/3/3 8608/3/3 8607/3/3
f 8612/3/3 8608/3/3 8611/3/3
f 8613/3/3 8610/3/3 8609/3/3
f 8614/3/3 8610/3/3 8613/3/3
f 8617/3/3 8616/3/3 8615/3/3
f 8618/3/3 8616/3/3 8617/3/3
f 8621/3/3 8620/3/3 8619/3/3
f 8622/3/3 8620/3/3 8621/3/3
f 8627/3/3 8624/3/3 8623/3/3
f 8628/3/3 8624/3/3 8627/3/3
f 8629/3/3 8626/3/3 8625/3/3
f 8630/3/3 8626/3/3 8629/3/3
f 8634/2/3 8632/2/3 8631/2/3
f 8635/2/3 8632/2/3 8634/2/3
f 8637/2/3 8634/2/3 8633/2/3
f 8638/2/3 8634/2/3 8637/2/3
f 8639/2/3 8636/2/3 8635/2/3
f 8640/2/3 8636/2/3 8639/2/3
f 8644/2/3 8642/2/3 8641/2/3
f 8644/2/3 8643/2/3 8642/2/3
f 8645/2/3 8643/2/3 8644/2/3
f 8646/2/3 8643/2/3 8645/2/3
f 8649/3/3 8648/3/3 8647/3/3
f 8650/3/3 8648/3/3 8649/3/3
f 8653/1/3 8652/1/3 8651/1/3
f 8654/1/3 8652/1/3 8653/1/3
f 8655/1/3 8652/1/3 8654/1/3
f 8657/1/3 8656/1/3 8655/1/3
f 8657/1/3 8655/1/3 8654/1/3
f 8658/1/3 8656/1/3 8657/1/3
f 8659/1/3 8656/1/3 8658/1/3
f 8660/1/3 8659/1/3 8658/1/3
f 8661/1/3 8659/1/3 8660/1/3
f 8664/1/3 8663/1/3 8662/1/3
f 8665/1/3 8663/1/3 8664/1/3
f 8668/1/3 8667/1/3 8666/1/3
f 8669/1/3 8667/1/3 8668/1/3
f 8672/3/3 8669/3/3 8668/3/3
f 8673/3/3 8669/3/3 8672/3/3
f 8674/3/3 8671/3/3 8670/3/3
f 8675/3/3 8671/3/3 8674/3/3
f 8679/3/3 8677/3/3 8676/3/3
f 8681/3/3 8679/3/3 8678/3/3
f 8682/3/3 8677/3/3 8679/3/3
f 8682/3/3 8679/3/3 8681/3/3
f 8683/3/3 8677/3/3 8682/3/3
f 8684/3/3 8681/3/3 8680/3/3
f 8684/3/3 8682/3/3 8681/3/3
f 8685/3/3 8682/3/3 8684/3/3
f 8688/3/3 8687/3/3 8686/3/3
f 8689/3/3 8687/3/3 8688/3/3
f 8693/2/3 8691/2/3 8690/2/3
f 8693/2/3 8692/2/3 8691/2/3
f 8694/2/3 8692/2/3 8693/2/3
f 8695/2/3 8692/2/3 8694/2/3
f 8699/2/3 8697/2/3 8696/2/3
f 8699/2/3 8698/2/3 8697/2/3
f 8700/2/3 8698/2/3 8699/2/3
f 8701/2/3 8698/2/3 8700/2/3
f 8702/3/3 8700/3/3 8699/3/3
f 8703/3/3 8700/3/3 8702/3/3
f 8706/3/3 8705/3/3 8704/3/3
f 8707/3/3 8705/3/3 8706/3/3
f 8710/1/3 8709/1/3 8708/1/3
f 8712/1/3 8710/1/3 8708/1/3
f 8712/1/3 8711/1/3 8710/1/3
f 8713/1/3 8711/1/3 8712/1/3
f 8716/1/3 8715/1/3 8714/1/3
f 8717/1/3 8715/1/3 8716/1/3
f 8720/1/3 8719/1/3 8718/1/3
f 8721/1/3 8719/1/3 8720/1/3
f 8722/3/3 8721/3/3 8720/3/3
f 8723/3/3 8721/3/3 8722/3/3
f 8726/3/3 8725/3/3 8724/3/3
f 8727/3/3 8725/3/3 8726/3/3
f 8730/3/3 8729/3/3 8728/3/3
f 8731/3/3 8729/3/3 8730/3/3
f 8732/3/3 8730/3/3 8728/3/3
f 8733/3/3 8730/3/3 8732/3/3
f 8736/3/3 8735/3/3 8734/3/3
f 8737/3/3 8735/3/3 8736/3/3
f 8740/3/3 8739/3/3 8738/3/3
f 8741/3/3 8739/3/3 8740/3/3
f 8743/2/3 8741/2/3 8740/2/3
f 8743/2/3 8742/2/3 8741/2/3
f 8744/2/3 8742/2/3 8743/2/3
f 8745/2/3 8742/2/3 8744/2/3
f 8750/2/3 8747/2/3 8746/2/3
f 8751/2/3 8747/2/3 8750/2/3
f 8752/2/3 8749/2/3 8748/2/3
f 8753/2/3 8749/2/3 8752/2/3
f 8756/1/3 8755/1/3 8754/1/3
f 8757/1/3 8755/1/3 8756/1/3
f 8760/1/3 8759/1/3 8758/1/3
f 8761/1/3 8759/1/3 8760/1/3
f 8763/1/3 8762/1/3 8761/1/3
f 8764/1/3 8762/1/3 8763/1/3
f 8767/1/3 8766/1/3 8765/1/3
f 8768/1/3 8766/1/3 8767/1/3
f 8769/3/3 8768/3/3 8767/3/3
f 8770/3/3 8768/3/3 8769/3/3
f 8774/3/3 8772/3/3 8771/3/3
f 8775/3/3 8772/3/3 8774/3/3
f 8776/3/3 8774/3/3 8773/3/3
f 8777/3/3 8774/3/3 8776/3/3
f 8780/3/3 8779/3/3 8778/3/3
f 8781/3/3 8779/3/3 8780/3/3
f 8785/3/3 8783/3/3 8782/3/3
f 8786/3/3 8783/3/3 8785/3/3
f 8788/2/3 8785/2/3 8784/2/3
f 8789/2/3 8785/2/3 8788/2/3
f 8790/2/3 8787/2/3 8786/2/3
f 8791/2/3 8787/2/3 8790/2/3
f 8796/2/3 8793/2/3 8792/2/3
f 8797/2/3 8793/2/3 8796/2/3
f 8798/2/3 8795/2/3 8794/2/3
f 8799/2/3 8795/2/3 8798/2/3
f 8802/1/3 8801/1/3 8800/1/3
f 8803/1/3 8801/1/3 8802/1/3
f 8806/1/3 8805/1/3 8804/1/3
f 8807/1/3 8805/1/3 8806/1/3
f 8808/3/3 8807/3/3 8806/3/3
f 8809/3/3 8807/3/3 8808/3/3
f 8812/3/3 8811/3/3 8810/3/3
f 8813/3/3 8811/3/3 8812/3/3
f 8818/2/3 8815/2/3 8814/2/3
f 8819/2/3 8815/2/3 8818/2/3
f 8820/2/3 8817/2/3 8816/2/3
f 8821/2/3 8817/2/3 8820/2/3
f 8826/2/3 8823/2/3 8822/2/3
f 8827/2/3 8823/2/3 8826/2/3
f 8828/2/3 8825/2/3 8824/2/3
f 8829/2/3 8825/2/3 8828/2/3
f 8830/1/3 8827/1/3 8826/1/3
f 8831/1/3 8827/1/3 8830/1/3
f 8834/1/3 8833/1/3 8832/1/3
f 8835/1/3 8833/1/3 8834/1/3
f 8837/1/3 8836/1/3 8835/1/3
f 8838/1/3 8836/1/3 8837/1/3
f 8842/3/3 8840/3/3 8839/3/3
f 8843/3/3 8840/3/3 8842/3/3
f 8844/3/3 8842/3/3 8841/3/3
f 8845/3/3 8842/3/3 8844/3/3
f 8848/3/3 8847/3/3 8846/3/3
f 8849/3/3 8847/3/3 8848/3/3
f 8852/2/3 8849/2/3 8848/2/3
f 8853/2/3 8849/2/3 8852/2/3
f 8854/2/3 8851/2/3 8850/2/3
f 8855/2/3 8851/2/3 8854/2/3
f 8860/2/3 8857/2/3 8856/2/3
f 8861/2/3 8857/2/3 8860/2/3
f 8862/2/3 8859/2/3 8858/2/3
f 8863/2/3 8859/2/3 8862/2/3
f 8864/1/3 8862/1/3 8861/1/3
f 8865/1/3 8862/1/3 8864/1/3
f 8868/1/3 8867/1/3 8866/1/3
f 8869/1/3 8867/1/3 8868/1/3
f 8872/1/3 8871/1/3 8870/1/3
f 8873/1/3 8871/1/3 8872/1/3
f 8874/3/3 8873/3/3 8872/3/3
f 8875/3/3 8873/3/3 8874/3/3
f 8878/3/3 8877/3/3 8876/3/3
f 8879/3/3 8877/3/3 8878/3/3
f 8883/3/3 8881/3/3 8880/3/3
f 8884/3/3 8881/3/3 8883/3/3
f 8886/2/3 8883/2/3 8882/2/3
f 8887/2/3 8883/2/3 8886/2/3
f 8888/2/3 8885/2/3 8884/2/3
f 8889/2/3 8885/2/3 8888/2/3
f 8894/2/3 8891/2/3 8890/2/3
f 8895/2/3 8891/2/3 8894/2/3
f 8896/2/3 8893/2/3 8892/2/3
f 8897/2/3 8893/2/3 8896/2/3
f 8898/1/3 8896/1/3 8895/1/3
f 8899/1/3 8896/1/3 8898/1/3
f 8903/3/3 8901/3/3 8900/3/3
f 8904/3/3 8901/3/3 8903/3/3
f 8906/2/3 8903/2/3 8902/2/3
f 8907/2/3 8903/2/3 8906/2/3
f 8908/2/3 8905/2/3 8904/2/3
f 8909/2/3 8905/2/3 8908/2/3
f 8914/2/3 8911/2/3 8910/2/3
f 8915/2/3 8911/2/3 8914/2/3
f 8916/2/3 8913/2/3 8912/2/3
f 8917/2/3 8913/2/3 8916/2/3
f 8918/2/3 8916/2/3 8915/2/3
f 8919/2/3 8916/2/3 8918/2/3
f 8922/1/3 8921/1/3 8920/1/3
f 8923/1/3 8921/1/3 8922/1/3
f 8926/3/3 8925/3/3 8924/3/3
f 8927/3/3 8925/3/3 8926/3/3
f 8931/2/3 8929/2/3 8928/2/3
f 8932/2/3 8929/2/3 8931/2/3
f 8934/2/3 8931/2/3 8930/2/3
f 8935/2/3 8931/2/3 8934/2/3
f 8936/2/3 8933/2/3 8932/2/3
f 8937/2/3 8933/2/3 8936/2/3
f 8940/2/3 8939/2/3 8938/2/3
f 8941/2/3 8939/2/3 8940/2/3
f 8944/1/3 8943/1/3 8942/1/3
f 8945/1/3 8943/1/3 8944/1/3
f 8946/3/3 8945/3/3 8944/3/3
f 8947/3/3 8945/3/3 8946/3/3
f 8950/2/3 8949/2/3 8948/2/3
f 8951/2/3 8949/2/3 8950/2/3
f 8956/2/3 8953/2/3 8952/2/3
f 8957/2/3 8953/2/3 8956/2/3
f 8958/2/3 8955/2/3 8954/2/3
f 8959/2/3 8955/2/3 8958/2/3
f 8964/2/3 8961/2/3 8960/2/3
f 8965/2/3 8961/2/3 8964/2/3
f 8966/2/3 8963/2/3 8962/2/3
f 8967/2/3 8963/2/3 8966/2/3
f 8973/2/3 8969/2/3 8968/2/3
f 8974/2/3 8971/2/3 8970/2/3
f 8975/2/3 8971/2/3 8974/2/3
f 8976/2/3 8973/2/3 8972/2/3
f 8977/2/3 8969/2/3 8973/2/3
f 8977/2/3 8973/2/3 8976/2/3
f 8979/2/3 8969/2/3 8977/2/3
f 8980/2/3 8969/2/3 8979/2/3
f 8981/2/3 8979/2/3 8978/2/3
f 8981/2/3 8980/2/3 8979/2/3
f 8982/2/3 8980/2/3 8981/2/3
f 8985/2/3 8984/2/3 8983/2/3
f 8986/2/3 8984/2/3 8985/2/3
f 8987/2/3 8980/2/3 8982/2/3
f 8988/2/3 8980/2/3 8987/2/3
f 8989/2/4 8990/2/4 8994/2/4
f 8994/2/4 8990/2/4 8995/2/4
f 8991/2/4 8992/2/4 8996/2/4
f 8996/2/4 8992/2/4 8997/2/4
f 8993/2/4 8994/2/4 8998/2/4
f 8998/2/4 8994/2/4 8999/2/4
f 9000/2/4 9001/2/4 9002/2/4
f 9002/2/4 9001/2/4 9003/2/4
f 9005/2/4 9006/2/4 9007/2/4
f 9007/2/4 9006/2/4 9008/2/4
f 9003/2/4 9004/2/4 9009/2/4
f 9009/2/4 9004/2/4 9010/2/4
f 9011/2/4 9012/2/4 9015/2/4
f 9015/2/4 9012/2/4 9016/2/4
f 9013/2/4 9014/2/4 9018/2/4
f 9018/2/4 9014/2/4 9019/2/4
f 9017/2/4 9018/2/4 9020/2/4
f 9020/2/4 9018/2/4 9021/2/4
f 9022/1/4 9023/1/4 9024/1/4
f 9022/1/4 9024/1/4 9025/1/4
f 9025/1/4 9024/1/4 9026/1/4
f 9029/2/4 9030/2/4 9031/2/4
f 9031/2/4 9030/2/4 9032/2/4
f 9027/2/4 9028/2/4 9033/2/4
f 9033/2/4 9028/2/4 9034/2/4
f 9035/2/4 9036/2/4 9039/2/4
f 9039/2/4 9036/2/4 9040/2/4
f 9037/2/4 9038/2/4 9041/2/4
f 9041/2/4 9038/2/4 9042/2/4
f 9043/1/4 9044/1/4 9045/1/4
f 9045/1/4 9044/1/4 9046/1/4
f 9047/3/4 9048/3/4 9049/3/4
f 9049/3/4 9048/3/4 9050/3/4
f 9051/2/4 9052/2/4 9053/2/4
f 9053/2/4 9052/2/4 9054/2/4
f 9055/2/4 9056/2/4 9059/2/4
f 9059/2/4 9056/2/4 9060/2/4
f 9057/2/4 9058/2/4 9061/2/4
f 9061/2/4 9058/2/4 9062/2/4
f 9060/2/4 9061/2/4 9065/2/4
f 9065/2/4 9061/2/4 9066/2/4
f 9063/2/4 9064/2/4 9067/2/4
f 9067/2/4 9064/2/4 9068/2/4
f 9069/1/4 9070/1/4 9071/1/4
f 9071/1/4 9070/1/4 9072/1/4
f 9073/1/4 9074/1/4 9075/1/4
f 9075/1/4 9074/1/4 9076/1/4
f 9077/1/4 9078/1/4 9079/1/4
f 9079/1/4 9078/1/4 9080/1/4
f 9081/3/4 9082/3/4 9083/3/4
f 9083/3/4 9082/3/4 9084/3/4
f 9085/2/4 9086/2/4 9088/2/4
f 9088/2/4 9086/2/4 9089/2/4
f 9087/2/4 9088/2/4 9091/2/4
f 9091/2/4 9088/2/4 9092/2/4
f 9089/2/4 9090/2/4 9093/2/4
f 9093/2/4 9090/2/4 9094/2/4
f 9095/2/4 9096/2/4 9099/2/4
f 9099/2/4 9096/2/4 9100/2/4
f 9097/2/4 9098/2/4 9101/2/4
f 9101/2/4 9098/2/4 9102/2/4
f 9100/1/4 9101/1/4 9103/1/4
f 9103/1/4 9101/1/4 9104/1/4
f 9105/1/4 9106/1/4 9107/1/4
f 9105/1/4 9107/1/4 9108/1/4
f 9108/1/4 9107/1/4 9109/1/4
f 9110/3/4 9111/3/4 9113/3/4
f 9113/3/4 9111/3/4 9114/3/4
f 9112/2/4 9113/2/4 9116/2/4
f 9116/2/4 9113/2/4 9117/2/4
f 9114/2/4 9115/2/4 9118/2/4
f 9118/2/4 9115/2/4 9119/2/4
f 9120/2/4 9121/2/4 9124/2/4
f 9124/2/4 9121/2/4 9125/2/4
f 9122/2/4 9123/2/4 9126/2/4
f 9126/2/4 9123/2/4 9127/2/4
f 9125/1/4 9126/1/4 9128/1/4
f 9128/1/4 9126/1/4 9129/1/4
f 9130/1/4 9131/1/4 9132/1/4
f 9132/1/4 9131/1/4 9133/1/4
f 9134/1/4 9135/1/4 9136/1/4
f 9136/1/4 9135/1/4 9137/1/4
f 9138/3/4 9139/3/4 9140/3/4
f 9140/3/4 9139/3/4 9141/3/4
f 9142/3/4 9143/3/4 9144/3/4
f 9144/3/4 9143/3/4 9145/3/4
f 9146/3/4 9147/3/4 9149/3/4
f 9149/3/4 9147/3/4 9150/3/4
f 9148/2/4 9149/2/4 9152/2/4
f 9152/2/4 9149/2/4 9153/2/4
f 9150/2/4 9151/2/4 9154/2/4
f 9154/2/4 9151/2/4 9155/2/4
f 9156/2/4 9157/2/4 9160/2/4
f 9160/2/4 9157/2/4 9161/2/4
f 9158/2/4 9159/2/4 9162/2/4
f 9162/2/4 9159/2/4 9163/2/4
f 9160/1/4 9161/1/4 9164/1/4
f 9164/1/4 9161/1/4 9165/1/4
f 9166/1/4 9167/1/4 9168/1/4
f 9168/1/4 9167/1/4 9169/1/4
f 9169/1/4 9170/1/4 9171/1/4
f 9171/1/4 9170/1/4 9172/1/4
f 9173/1/4 9174/1/4 9175/1/4
f 9173/1/4 9175/1/4 9176/1/4
f 9176/1/4 9175/1/4 9177/1/4
f 9178/3/4 9179/3/4 9181/3/4
f 9181/3/4 9179/3/4 9182/3/4
f 9180/3/4 9181/3/4 9183/3/4
f 9183/3/4 9181/3/4 9184/3/4
f 9185/3/4 9186/3/4 9187/3/4
f 9187/3/4 9186/3/4 9188/3/4
f 9187/2/4 9188/2/4 9191/2/4
f 9191/2/4 9188/2/4 9192/2/4
f 9189/2/4 9190/2/4 9193/2/4
f 9193/2/4 9190/2/4 9194/2/4
f 9195/2/4 9196/2/4 9199/2/4
f 9199/2/4 9196/2/4 9200/2/4
f 9197/2/4 9198/2/4 9201/2/4
f 9201/2/4 9198/2/4 9202/2/4
f 9203/1/4 9204/1/4 9205/1/4
f 9205/1/4 9204/1/4 9206/1/4
f 9207/1/4 9208/1/4 9209/1/4
f 9209/1/4 9208/1/4 9210/1/4
f 9211/3/4 9212/3/4 9213/3/4
f 9213/3/4 9212/3/4 9214/3/4
f 9215/3/4 9216/3/4 9217/3/4
f 9217/3/4 9216/3/4 9218/3/4
f 9219/2/4 9220/2/4 9223/2/4
f 9223/2/4 9220/2/4 9224/2/4
f 9221/2/4 9222/2/4 9225/2/4
f 9225/2/4 9222/2/4 9226/2/4
f 9227/2/4 9228/2/4 9231/2/4
f 9231/2/4 9228/2/4 9232/2/4
f 9229/2/4 9230/2/4 9233/2/4
f 9233/2/4 9230/2/4 9234/2/4
f 9232/3/4 9233/3/4 9235/3/4
f 9235/3/4 9233/3/4 9236/3/4
f 9237/1/4 9238/1/4 9239/1/4
f 9239/1/4 9238/1/4 9240/1/4
f 9241/1/4 9242/1/4 9243/1/4
f 9243/1/4 9242/1/4 9244/1/4
f 9244/1/4 9245/1/4 9246/1/4
f 9246/1/4 9245/1/4 9247/1/4
f 9248/1/4 9249/1/4 9251/1/4
f 9251/1/4 9249/1/4 9252/1/4
f 9250/1/4 9251/1/4 9253/1/4
f 9253/1/4 9251/1/4 9254/1/4
f 9254/3/4 9255/3/4 9256/3/4
f 9256/3/4 9255/3/4 9257/3/4
f 9258/3/4 9259/3/4 9261/3/4
f 9261/3/4 9259/3/4 9262/3/4
f 9260/3/4 9261/3/4 9263/3/4
f 9263/3/4 9261/3/4 9264/3/4
f 9265/3/4 9266/3/4 9267/3/4
f 9267/3/4 9266/3/4 9268/3/4
f 9269/2/4 9270/2/4 9273/2/4
f 9273/2/4 9270/2/4 9274/2/4
f 9271/2/4 9272/2/4 9275/2/4
f 9275/2/4 9272/2/4 9276/2/4
f 9277/2/4 9278/2/4 9280/2/4
f 9278/2/4 9279/2/4 9280/2/4
f 9280/2/4 9279/2/4 9281/2/4
f 9281/2/4 9279/2/4 9282/2/4
f 9280/3/4 9281/3/4 9283/3/4
f 9283/3/4 9281/3/4 9284/3/4
f 9285/1/4 9286/1/4 9287/1/4
f 9285/1/4 9287/1/4 9289/1/4
f 9287/1/4 9288/1/4 9289/1/4
f 9289/1/4 9288/1/4 9290/1/4
f 9291/1/4 9292/1/4 9293/1/4
f 9293/1/4 9292/1/4 9294/1/4
f 9295/1/4 9296/1/4 9298/1/4
f 9298/1/4 9296/1/4 9299/1/4
f 9297/1/4 9298/1/4 9300/1/4
f 9300/1/4 9298/1/4 9301/1/4
f 9301/3/4 9302/3/4 9303/3/4
f 9303/3/4 9302/3/4 9304/3/4
f 9305/3/4 9306/3/4 9307/3/4
f 9307/3/4 9306/3/4 9308/3/4
f 9309/3/4 9310/3/4 9311/3/4
f 9311/3/4 9310/3/4 9312/3/4
f 9309/3/4 9311/3/4 9313/3/4
f 9313/3/4 9311/3/4 9314/3/4
f 9315/3/4 9316/3/4 9317/3/4
f 9317/3/4 9316/3/4 9318/3/4
f 9318/3/4 9319/3/4 9320/3/4
f 9318/3/4 9320/3/4 9321/3/4
f 9321/3/4 9320/3/4 9322/3/4
f 9321/2/4 9322/2/4 9324/2/4
f 9322/2/4 9323/2/4 9324/2/4
f 9324/2/4 9323/2/4 9325/2/4
f 9325/2/4 9323/2/4 9326/2/4
f 9327/2/4 9328/2/4 9330/2/4
f 9328/2/4 9329/2/4 9330/2/4
f 9330/2/4 9329/2/4 9331/2/4
f 9331/2/4 9329/2/4 9332/2/4
f 9333/3/4 9334/3/4 9335/3/4
f 9335/3/4 9334/3/4 9336/3/4
f 9337/3/4 9338/3/4 9339/3/4
f 9339/3/4 9338/3/4 9340/3/4
f 9340/3/4 9338/3/4 9341/3/4
f 9341/1/4 9342/1/4 9343/1/4
f 9340/1/4 9341/1/4 9343/1/4
f 9343/1/4 9342/1/4 9344/1/4
f 9344/1/4 9342/1/4 9345/1/4
f 9344/1/4 9345/1/4 9346/1/4
f 9346/1/4 9345/1/4 9347/1/4
f 9348/1/4 9349/1/4 9350/1/4
f 9350/1/4 9349/1/4 9351/1/4
f 9352/1/4 9353/1/4 9355/1/4
f 9355/1/4 9353/1/4 9356/1/4
f 9354/1/4 9355/1/4 9357/1/4
f 9357/1/4 9355/1/4 9358/1/4
f 9358/3/4 9359/3/4 9362/3/4
f 9362/3/4 9359/3/4 9363/3/4
f 9360/3/4 9361/3/4 9364/3/4
f 9364/3/4 9361/3/4 9365/3/4
f 9366/3/4 9367/3/4 9369/3/4
f 9368/3/4 9369/3/4 9371/3/4
f 9369/3/4 9367/3/4 9372/3/4
f 9371/3/4 9369/3/4 9372/3/4
f 9372/3/4 9367/3/4 9373/3/4
f 9370/3/4 9371/3/4 9374/3/4
f 9371/3/4 9372/3/4 9374/3/4
f 9374/3/4 9372/3/4 9375/3/4
f 9376/3/4 9377/3/4 9378/3/4
f 9378/3/4 9377/3/4 9379/3/4
f 9380/2/4 9381/2/4 9383/2/4
f 9381/2/4 9382/2/4 9383/2/4
f 9383/2/4 9382/2/4 9384/2/4
f 9384/2/4 9382/2/4 9385/2/4
f 9386/2/4 9387/2/4 9390/2/4
f 9390/2/4 9387/2/4 9391/2/4
f 9388/2/4 9389/2/4 9392/2/4
f 9392/2/4 9389/2/4 9393/2/4
f 9391/3/4 9392/3/4 9394/3/4
f 9394/3/4 9392/3/4 9395/3/4
f 9396/3/4 9397/3/4 9398/3/4
f 9398/3/4 9397/3/4 9399/3/4
f 9400/3/4 9401/3/4 9402/3/4
f 9402/3/4 9401/3/4 9403/3/4
f 9404/1/4 9405/1/4 9406/1/4
f 9406/1/4 9405/1/4 9407/1/4
f 9408/1/4 9409/1/4 9410/1/4
f 9410/1/4 9409/1/4 9411/1/4
f 9412/1/4 9413/1/4 9414/1/4
f 9414/1/4 9413/1/4 9415/1/4
f 9416/1/4 9417/1/4 9419/1/4
f 9419/1/4 9417/1/4 9420/1/4
f 9418/1/4 9419/1/4 9421/1/4
f 9421/1/4 9419/1/4 9422/1/4
f 9422/3/4 9423/3/4 9426/3/4
f 9426/3/4 9423/3/4 9427/3/4
f 9424/3/4 9425/3/4 9428/3/4
f 9428/3/4 9425/3/4 9429/3/4
f 9430/3/4 9431/3/4 9432/3/4
f 9432/3/4 9431/3/4 9433/3/4
f 9434/3/4 9435/3/4 9436/3/4
f 9436/3/4 9435/3/4 9437/3/4
f 9438/3/4 9439/3/4 9442/3/4
f 9442/3/4 9439/3/4 9443/3/4
f 9440/1/4 9441/1/4 9444/1/4
f 9444/1/4 9441/1/4 9445/1/4
f 9446/1/4 9447/1/4 9449/1/4
f 9449/1/4 9447/1/4 9450/1/4
f 9448/2/4 9449/2/4 9452/2/4
f 9452/2/4 9449/2/4 9453/2/4
f 9450/2/4 9451/2/4 9454/2/4
f 9454/2/4 9451/2/4 9455/2/4
f 9456/3/4 9457/3/4 9458/3/4
f 9458/3/4 9457/3/4 9459/3/4
f 9460/3/4 9461/3/4 9462/3/4
f 9462/3/4 9461/3/4 9463/3/4
f 9462/1/4 9463/1/4 9464/1/4
f 9464/1/4 9463/1/4 9465/1/4
f 9466/1/4 9467/1/4 9468/1/4
f 9468/1/4 9467/1/4 9469/1/4
f 9469/1/4 9470/1/4 9471/1/4
f 9469/1/4 9471/1/4 9473/1/4
f 9471/1/4 9472/1/4 9473/1/4
f 9473/1/4 9472/1/4 9474/1/4
f 9474/1/4 9472/1/4 9475/1/4
f 9475/1/4 9472/1/4 9476/1/4
f 9477/1/4 9478/1/4 9480/1/4
f 9480/1/4 9478/1/4 9481/1/4
f 9479/1/4 9480/1/4 9482/1/4
f 9482/1/4 9480/1/4 9483/1/4
f 9483/3/4 9484/3/4 9487/3/4
f 9487/3/4 9484/3/4 9488/3/4
f 9485/3/4 9486/3/4 9490/3/4
f 9490/3/4 9486/3/4 9491/3/4
f 9489/3/4 9490/3/4 9491/3/4
f 9491/3/4 9486/3/4 9492/3/4
f 9489/3/4 9491/3/4 9494/3/4
f 9494/3/4 9491/3/4 9495/3/4
f 9493/3/4 9494/3/4 9496/3/4
f 9496/3/4 9494/3/4 9497/3/4
f 9498/3/4 9499/3/4 9500/3/4
f 9500/3/4 9499/3/4 9501/3/4
f 9502/1/4 9503/1/4 9504/1/4
f 9504/1/4 9503/1/4 9505/1/4
f 9506/2/4 9507/2/4 9510/2/4
f 9510/2/4 9507/2/4 9511/2/4
f 9508/2/4 9509/2/4 9512/2/4
f 9512/2/4 9509/2/4 9513/2/4
f 9511/3/4 9512/3/4 9514/3/4
f 9514/3/4 9512/3/4 9515/3/4
f 9516/3/4 9517/3/4 9518/3/4
f 9516/3/4 9518/3/4 9520/3/4
f 9518/3/4 9519/3/4 9520/3/4
f 9520/3/4 9519/3/4 9521/3/4
f 9522/3/4 9523/3/4 9524/3/4
f 9524/3/4 9523/3/4 9525/3/4
f 9526/1/4 9527/1/4 9528/1/4
f 9528/1/4 9527/1/4 9529/1/4
f 9529/1/4 9530/1/4 9531/1/4
f 9531/1/4 9530/1/4 9532/1/4
f 9532/1/4 9533/1/4 9534/1/4
f 9534/1/4 9533/1/4 9535/1/4
f 9535/1/4 9536/1/4 9537/1/4
f 9537/1/4 9536/1/4 9538/1/4
f 9539/1/4 9540/1/4 9542/1/4
f 9542/1/4 9540/1/4 9543/1/4
f 9541/1/4 9542/1/4 9544/1/4
f 9544/1/4 9542/1/4 9545/1/4
f 9545/3/4 9546/3/4 9549/3/4
f 9549/3/4 9546/3/4 9550/3/4
f 9547/3/4 9548/3/4 9552/3/4
f 9552/3/4 9548/3/4 9553/3/4
f 9551/3/4 9552/3/4 9555/3/4
f 9555/3/4 9552/3/4 9556/3/4
f 9554/3/4 9555/3/4 9558/3/4
f 9558/3/4 9555/3/4 9559/3/4
f 9557/3/4 9558/3/4 9560/3/4
f 9560/3/4 9558/3/4 9561/3/4
f 9562/3/4 9563/3/4 9564/3/4
f 9564/3/4 9563/3/4 9565/3/4
f 9566/1/4 9567/1/4 9568/1/4
f 9568/1/4 9567/1/4 9569/1/4
f 9566/1/4 9568/1/4 9570/1/4
f 9570/1/4 9568/1/4 9571/1/4
f 9572/1/4 9573/1/4 9575/1/4
f 9575/1/4 9573/1/4 9576/1/4
f 9574/2/4 9575/2/4 9578/2/4
f 9578/2/4 9575/2/4 9579/2/4
f 9576/2/4 9577/2/4 9580/2/4
f 9580/2/4 9577/2/4 9581/2/4
f 9582/2/4 9583/2/4 9584/2/4
f 9584/2/4 9583/2/4 9585/2/4
f 9585/3/4 9586/3/4 9587/3/4
f 9587/3/4 9586/3/4 9588/3/4
f 9589/3/4 9590/3/4 9591/3/4
f 9589/3/4 9591/3/4 9593/3/4
f 9591/3/4 9592/3/4 9593/3/4
f 9593/3/4 9592/3/4 9594/3/4
f 9594/3/4 9592/3/4 9595/3/4
f 9595/3/4 9592/3/4 9596/3/4
f 9597/3/4 9598/3/4 9599/3/4
f 9599/3/4 9598/3/4 9600/3/4
f 9601/3/4 9602/3/4 9603/3/4
f 9603/3/4 9602/3/4 9604/3/4
f 9605/3/4 9606/3/4 9607/3/4
f 9607/3/4 9606/3/4 9608/3/4
f 9609/1/4 9610/1/4 9611/1/4
f 9611/1/4 9610/1/4 9612/1/4
f 9612/1/4 9613/1/4 9614/1/4
f 9614/1/4 9613/1/4 9615/1/4
f 9615/1/4 9616/1/4 9617/1/4
f 9617/1/4 9616/1/4 9618/1/4
f 9618/1/4 9619/1/4 9620/1/4
f 9620/1/4 9619/1/4 9621/1/4
f 9621/1/4 9622/1/4 9623/1/4
f 9623/1/4 9622/1/4 9624/1/4
f 9625/1/4 9626/1/4 9628/1/4
f 9628/1/4 9626/1/4 9629/1/4
f 9627/1/4 9628/1/4 9629/1/4
f 9629/1/4 9626/1/4 9630/1/4
f 9627/1/4 9629/1/4 9631/1/4
f 9629/3/4 9630/3/4 9632/3/4
f 9631/1/4 9629/1/4 9632/1/4
f 9632/3/4 9630/3/4 9633/3/4
f 9633/3/4 9630/3/4 9634/3/4
f 9635/3/4 9636/3/4 9638/3/4
f 9638/3/4 9636/3/4 9639/3/4
f 9637/3/4 9638/3/4 9641/3/4
f 9641/3/4 9638/3/4 9642/3/4
f 9640/3/4 9641/3/4 9644/3/4
f 9644/3/4 9641/3/4 9645/3/4
f 9643/3/4 9644/3/4 9647/3/4
f 9647/3/4 9644/3/4 9648/3/4
f 9646/3/4 9647/3/4 9649/3/4
f 9649/3/4 9647/3/4 9650/3/4
f 9651/3/4 9652/3/4 9653/3/4
f 9653/3/4 9652/3/4 9654/3/4
f 9655/3/4 9656/3/4 9657/3/4
f 9657/3/4 9656/3/4 9658/3/4
f 9659/1/4 9660/1/4 9661/1/4
f 9661/1/4 9660/1/4 9662/1/4
f 9663/1/4 9664/1/4 9666/1/4
f 9666/1/4 9664/1/4 9667/1/4
f 9665/1/4 9666/1/4 9667/1/4
f 9667/1/4 9664/1/4 9668/1/4
f 9665/1/4 9667/1/4 9669/1/4
f 9669/1/4 9667/1/4 9670/1/4
f 9671/1/4 9672/1/4 9674/1/4
f 9674/1/4 9672/1/4 9675/1/4
f 9673/2/4 9674/2/4 9676/2/4
f 9676/2/4 9674/2/4 9677/2/4
f 9678/2/4 9679/2/4 9682/2/4
f 9682/2/4 9679/2/4 9683/2/4
f 9683/2/4 9679/2/4 9684/2/4
f 9680/2/4 9681/2/4 9685/2/4
f 9685/2/4 9681/2/4 9686/2/4
f 9683/3/4 9684/3/4 9687/3/4
f 9687/3/4 9684/3/4 9688/3/4
f 9689/3/4 9690/3/4 9691/3/4
f 9691/3/4 9690/3/4 9692/3/4
f 9693/3/4 9694/3/4 9695/3/4
f 9695/3/4 9694/3/4 9696/3/4
f 9697/3/4 9698/3/4 9699/3/4
f 9699/3/4 9698/3/4 9700/3/4
f 9700/3/4 9701/3/4 9702/3/4
f 9702/3/4 9701/3/4 9703/3/4
f 9703/1/4 9704/1/4 9705/1/4
f 9705/1/4 9704/1/4 9706/1/4
f 9706/1/4 9707/1/4 9708/1/4
f 9708/1/4 9707/1/4 9709/1/4
f 9709/1/4 9710/1/4 9711/1/4
f 9711/1/4 9710/1/4 9712/1/4
f 9712/1/4 9713/1/4 9714/1/4
f 9714/1/4 9713/1/4 9715/1/4
f 9715/1/4 9716/1/4 9717/1/4
f 9717/1/4 9716/1/4 9718/1/4
f 9718/1/4 9719/1/4 9720/1/4
f 9720/1/4 9719/1/4 9721/1/4
f 9720/3/4 9721/3/4 9723/3/4
f 9723/3/4 9721/3/4 9724/3/4
f 9722/3/4 9723/3/4 9726/3/4
f 9726/3/4 9723/3/4 9727/3/4
f 9725/3/4 9726/3/4 9729/3/4
f 9729/3/4 9726/3/4 9730/3/4
f 9728/3/4 9729/3/4 9732/3/4
f 9732/3/4 9729/3/4 9733/3/4
f 9731/3/4 9732/3/4 9735/3/4
f 9735/3/4 9732/3/4 9736/3/4
f 9734/3/4 9735/3/4 9738/3/4
f 9738/3/4 9735/3/4 9739/3/4
f 9737/3/4 9738/3/4 9741/3/4
f 9741/3/4 9738/3/4 9742/3/4
f 9740/3/4 9741/3/4 9743/3/4
f 9743/3/4 9741/3/4 9744/3/4
f 9745/3/4 9746/3/4 9747/3/4
f 9747/3/4 9746/3/4 9748/3/4
f 9749/1/4 9750/1/4 9751/1/4
f 9751/1/4 9750/1/4 9752/1/4
f 9753/1/4 9754/1/4 9756/1/4
f 9756/1/4 9754/1/4 9757/1/4
f 9755/2/4 9756/2/4 9758/2/4
f 9756/2/4 9757/2/4 9758/2/4
f 9758/2/4 9757/2/4 9759/2/4
f 9760/3/4 9761/3/4 9762/3/4
f 9762/3/4 9761/3/4 9763/3/4
f 9763/3/4 9764/3/4 9765/3/4
f 9765/3/4 9764/3/4 9766/3/4
f 9766/3/4 9767/3/4 9768/3/4
f 9768/3/4 9767/3/4 9769/3/4
f 9769/1/4 9770/1/4 9771/1/4
f 9771/1/4 9770/1/4 9772/1/4
f 9772/1/4 9773/1/4 9774/1/4
f 9774/1/4 9773/1/4 9775/1/4
f 9775/1/4 9776/1/4 9777/1/4
f 9777/1/4 9776/1/4 9778/1/4
f 9778/1/4 9779/1/4 9780/1/4
f 9778/1/4 9780/1/4 9782/1/4
f 9780/1/4 9781/1/4 9782/1/4
f 9782/1/4 9781/1/4 9783/1/4
f 9783/1/4 9781/1/4 9784/1/4
f 9784/1/4 9785/1/4 9786/1/4
f 9783/1/4 9784/1/4 9786/1/4
f 9786/1/4 9785/1/4 9787/1/4
f 9787/1/4 9785/1/4 9788/1/4
f 9788/1/4 9789/1/4 9790/1/4
f 9787/1/4 9788/1/4 9790/1/4
f 9790/1/4 9789/1/4 9791/1/4
f 9790/3/4 9791/3/4 9793/3/4
f 9793/3/4 9791/3/4 9794/3/4
f 9794/3/4 9791/3/4 9795/3/4
f 9792/3/4 9793/3/4 9797/3/4
f 9793/3/4 9794/3/4 9797/3/4
f 9797/3/4 9794/3/4 9798/3/4
f 9798/3/4 9794/3/4 9799/3/4
f 9796/3/4 9797/3/4 9800/3/4
f 9797/3/4 9798/3/4 9800/3/4
f 9800/3/4 9798/3/4 9801/3/4
f 9796/3/4 9800/3/4 9803/3/4
f 9803/3/4 9800/3/4 9804/3/4
f 9802/3/4 9803/3/4 9806/3/4
f 9806/3/4 9803/3/4 9807/3/4
f 9805/3/4 9806/3/4 9809/3/4
f 9809/3/4 9806/3/4 9810/3/4
f 9808/3/4 9809/3/4 9812/3/4
f 9812/3/4 9809/3/4 9813/3/4
f 9811/3/4 9812/3/4 9815/3/4
f 9815/3/4 9812/3/4 9816/3/4
f 9814/3/4 9815/3/4 9818/3/4
f 9818/3/4 9815/3/4 9819/3/4
f 9817/3/4 9818/3/4 9820/3/4
f 9820/3/4 9818/3/4 9821/3/4
f 9822/3/4 9823/3/4 9824/3/4
f 9824/3/4 9823/3/4 9825/3/4
f 9825/3/4 9826/3/4 9827/3/4
f 9827/3/4 9826/3/4 9828/3/4
f 9828/3/4 9829/3/4 9830/3/4
f 9830/3/4 9829/3/4 9831/3/4
f 9831/3/4 9832/3/4 9833/3/4
f 9833/3/4 9832/3/4 9834/3/4
f 9834/3/4 9835/3/4 9836/3/4
f 9836/3/4 9835/3/4 9837/3/4
f 9837/3/4 9838/3/4 9839/3/4
f 9839/3/4 9838/3/4 9840/3/4
f 9840/1/4 9841/1/4 9842/1/4
f 9842/1/4 9841/1/4 9843/1/4
f 9843/1/4 9844/1/4 9845/1/4
f 9845/1/4 9844/1/4 9846/1/4
f 9846/1/4 9844/1/4 9847/1/4
f 9847/1/4 9848/1/4 9849/1/4
f 9846/1/4 9847/1/4 9849/1/4
f 9849/1/4 9848/1/4 9850/1/4
f 9850/1/4 9848/1/4 9851/1/4
f 9851/1/4 9852/1/4 9853/1/4
f 9850/1/4 9851/1/4 9853/1/4
f 9853/1/4 9852/1/4 9854/1/4
f 9854/1/4 9852/1/4 9855/1/4
f 9856/1/4 9857/1/4 9858/1/4
f 9858/1/4 9857/1/4 9859/1/4
f 9860/3/4 9861/3/4 9864/3/4
f 9861/3/4 9862/3/4 9864/3/4
f 9864/3/4 9862/3/4 9865/3/4
f 9865/3/4 9862/3/4 9866/3/4
f 9863/3/4 9864/3/4 9868/3/4
f 9864/3/4 9865/3/4 9868/3/4
f 9868/3/4 9865/3/4 9869/3/4
f 9869/3/4 9865/3/4 9870/3/4
f 9867/3/4 9868/3/4 9872/3/4
f 9868/3/4 9869/3/4 9872/3/4
f 9872/3/4 9869/3/4 9873/3/4
f 9871/3/4 9872/3/4 9875/3/4
f 9875/3/4 9872/3/4 9876/3/4
f 9874/3/4 9875/3/4 9878/3/4
f 9878/3/4 9875/3/4 9879/3/4
f 9877/3/4 9878/3/4 9881/3/4
f 9881/3/4 9878/3/4 9882/3/4
f 9880/3/4 9881/3/4 9884/3/4
f 9884/3/4 9881/3/4 9885/3/4
f 9883/3/4 9884/3/4 9887/3/4
f 9887/3/4 9884/3/4 9888/3/4
f 9886/1/4 9887/1/4 9890/1/4
f 9890/1/4 9887/1/4 9891/1/4
f 9889/1/4 9890/1/4 9892/1/4
f 9892/1/4 9890/1/4 9893/1/4
f 9894/2/4 9895/2/4 9899/2/4
f 9895/2/4 9896/2/4 9899/2/4
f 9899/2/4 9896/2/4 9900/2/4
f 9897/2/4 9898/2/4 9901/2/4
f 9901/2/4 9898/2/4 9902/2/4
f 9903/3/4 9904/3/4 9905/3/4
f 9905/3/4 9904/3/4 9906/3/4
f 9906/3/4 9907/3/4 9908/3/4
f 9908/3/4 9907/3/4 9909/3/4
f 9909/3/4 9910/3/4 9911/3/4
f 9911/3/4 9910/3/4 9912/3/4
f 9913/3/4 9914/3/4 9915/3/4
f 9915/3/4 9914/3/4 9916/3/4
f 9916/3/4 9917/3/4 9918/3/4
f 9918/3/4 9917/3/4 9919/3/4
f 9919/3/4 9920/3/4 9921/3/4
f 9921/3/4 9920/3/4 9922/3/4
f 9922/3/4 9923/3/4 9924/3/4
f 9924/3/4 9923/3/4 9925/3/4
f 9925/3/4 9926/3/4 9927/3/4
f 9927/3/4 9926/3/4 9928/3/4
f 9928/3/4 9929/3/4 9930/3/4
f 9930/3/4 9929/3/4 9931/3/4
f 9931/3/4 9932/3/4 9933/3/4
f 9933/3/4 9932/3/4 9934/3/4
f 9934/1/4 9935/1/4 9936/1/4
f 9936/1/4 9935/1/4 9937/1/4
f 9937/1/4 9938/1/4 9939/1/4
f 9939/1/4 9938/1/4 9940/1/4
f 9940/1/4 9938/1/4 9941/1/4
f 9942/1/4 9943/1/4 9945/1/4
f 9945/1/4 9943/1/4 9946/1/4
f 9944/2/4 9945/2/4 9947/2/4
f 9945/3/4 9946/3/4 9948/3/4
f 9947/2/4 9945/2/4 9948/2/4
f 9948/3/4 9946/3/4 9950/3/4
f 9950/3/4 9946/3/4 9951/3/4
f 9949/2/4 9950/2/4 9952/2/4
f 9950/1/4 9951/1/4 9953/1/4
f 9952/2/4 9950/2/4 9953/2/4
f 9953/1/4 9951/1/4 9954/1/4
f 9954/1/4 9951/1/4 9955/1/4
f 9956/3/4 9957/3/4 9960/3/4
f 9957/3/4 9958/3/4 9960/3/4
f 9960/3/4 9958/3/4 9961/3/4
f 9959/3/4 9960/3/4 9963/3/4
f 9963/3/4 9960/3/4 9964/3/4
f 9962/3/4 9963/3/4 9966/3/4
f 9966/3/4 9963/3/4 9967/3/4
f 9965/3/4 9966/3/4 9969/3/4
f 9969/3/4 9966/3/4 9970/3/4
f 9968/3/4 9969/3/4 9972/3/4
f 9972/3/4 9969/3/4 9973/3/4
f 9971/1/4 9972/1/4 9975/1/4
f 9975/1/4 9972/1/4 9976/1/4
f 9974/1/4 9975/1/4 9978/1/4
f 9978/1/4 9975/1/4 9979/1/4
f 9977/1/4 9978/1/4 9981/1/4
f 9981/1/4 9978/1/4 9982/1/4
f 9980/1/4 9981/1/4 9983/1/4
f 9983/1/4 9981/1/4 9984/1/4
f 9985/1/4 9986/1/4 9988/1/4
f 9988/1/4 9986/1/4 9989/1/4
f 9987/1/4 9988/1/4 9991/1/4
f 9991/1/4 9988/1/4 9992/1/4
f 9990/1/4 9991/1/4 9993/1/4
f 9993/1/4 9991/1/4 9994/1/4
f 9995/2/4 9996/2/4 9997/2/4
f 9997/2/4 9996/2/4 9998/2/4
f 9998/2/4 9996/2/4 9999/2/4
f 10000/3/4 10001/3/4 10002/3/4
f 10002/3/4 10001/3/4 10003/3/4
f 10003/3/4 10004/3/4 10005/3/4
f 10005/3/4 10004/3/4 10006/3/4
f 10006/3/4 10007/3/4 10008/3/4
f 10008/3/4 10007/3/4 10009/3/4
f 10009/3/4 10010/3/4 10011/3/4
f 10011/3/4 10010/3/4 10012/3/4
f 10012/3/4 10013/3/4 10014/3/4
f 10014/3/4 10013/3/4 10015/3/4
f 10015/3/4 10016/3/4 10017/3/4
f 10017/3/4 10016/3/4 10018/3/4
f 10018/3/4 10019/3/4 10020/3/4
f 10020/3/4 10019/3/4 10021/3/4
f 10021/3/4 10022/3/4 10023/3/4
f 10023/3/4 10022/3/4 10024/3/4
f 10024/3/4 10025/3/4 10026/3/4
f 10026/3/4 10025/3/4 10027/3/4
f 10027/3/4 10025/3/4 10028/3/4
f 10028/3/4 10029/3/4 10031/3/4
f 10031/3/4 10029/3/4 10032/3/4
f 10030/2/4 10031/2/4 10032/2/4
f 10032/3/4 10029/3/4 10033/3/4
f 10030/2/4 10032/2/4 10035/2/4
f 10035/2/4 10032/2/4 10036/2/4
f 10033/3/4 10034/3/4 10037/3/4
f 10037/3/4 10034/3/4 10038/3/4
f 10039/2/4 10040/2/4 10041/2/4
f 10037/1/4 10038/1/4 10042/1/4
f 10042/1/4 10038/1/4 10043/1/4
f 10039/2/4 10041/2/4 10044/2/4
f 10041/1/4 10042/1/4 10045/1/4
f 10044/2/4 10041/2/4 10045/2/4
f 10045/1/4 10042/1/4 10048/1/4
f 10048/1/4 10042/1/4 10049/1/4
f 10046/3/4 10047/3/4 10051/3/4
f 10047/3/4 10048/3/4 10051/3/4
f 10051/3/4 10048/3/4 10052/3/4
f 10050/3/4 10051/3/4 10054/3/4
f 10054/3/4 10051/3/4 10055/3/4
f 10053/3/4 10054/3/4 10057/3/4
f 10057/3/4 10054/3/4 10058/3/4
f 10056/1/4 10057/1/4 10060/1/4
f 10060/1/4 10057/1/4 10061/1/4
f 10059/1/4 10060/1/4 10063/1/4
f 10063/1/4 10060/1/4 10064/1/4
f 10062/1/4 10063/1/4 10066/1/4
f 10066/1/4 10063/1/4 10067/1/4
f 10065/1/4 10066/1/4 10069/1/4
f 10069/1/4 10066/1/4 10070/1/4
f 10068/1/4 10069/1/4 10072/1/4
f 10072/1/4 10069/1/4 10073/1/4
f 10071/1/4 10072/1/4 10074/1/4
f 10074/1/4 10072/1/4 10075/1/4
f 10076/3/4 10077/3/4 10078/3/4
f 10078/3/4 10077/3/4 10079/3/4
f 10079/3/4 10080/3/4 10081/3/4
f 10081/3/4 10080/3/4 10082/3/4
f 10082/3/4 10083/3/4 10084/3/4
f 10084/3/4 10083/3/4 10085/3/4
f 10085/3/4 10086/3/4 10087/3/4
f 10087/3/4 10086/3/4 10088/3/4
f 10088/3/4 10089/3/4 10090/3/4
f 10090/3/4 10089/3/4 10091/3/4
f 10091/3/4 10092/3/4 10093/3/4
f 10093/3/4 10092/3/4 10094/3/4
f 10094/3/4 10095/3/4 10096/3/4
f 10096/3/4 10095/3/4 10097/3/4
f 10097/3/4 10098/3/4 10099/3/4
f 10099/3/4 10098/3/4 10100/3/4
f 10100/3/4 10101/3/4 10104/3/4
f 10104/3/4 10101/3/4 10105/3/4
f 10105/3/4 10101/3/4 10106/3/4
f 10102/3/4 10103/3/4 10107/3/4
f 10107/3/4 10103/3/4 10108/3/4
f 10106/3/4 10107/3/4 10110/3/4
f 10110/3/4 10107/3/4 10111/3/4
f 10109/2/4 10110/2/4 10113/2/4
f 10113/2/4 10110/2/4 10114/2/4
f 10111/3/4 10112/3/4 10115/3/4
f 10111/3/4 10115/3/4 10117/3/4
f 10115/3/4 10116/3/4 10117/3/4
f 10117/3/4 10116/3/4 10118/3/4
f 10118/3/4 10116/3/4 10119/3/4
f 10119/3/4 10116/3/4 10120/3/4
f 10119/1/4 10120/1/4 10122/1/4
f 10122/1/4 10120/1/4 10125/1/4
f 10121/1/4 10122/1/4 10125/1/4
f 10125/1/4 10120/1/4 10126/1/4
f 10123/2/4 10124/2/4 10127/2/4
f 10127/2/4 10124/2/4 10128/2/4
f 10121/1/4 10125/1/4 10129/1/4
f 10129/1/4 10125/1/4 10130/1/4
f 10128/1/4 10129/1/4 10133/1/4
f 10133/1/4 10129/1/4 10134/1/4
f 10131/3/4 10132/3/4 10137/3/4
f 10132/3/4 10133/3/4 10137/3/4
f 10137/3/4 10133/3/4 10138/3/4
f 10134/3/4 10135/3/4 10139/3/4
f 10139/3/4 10135/3/4 10140/3/4
f 10136/1/4 10137/1/4 10142/1/4
f 10142/1/4 10137/1/4 10143/1/4
f 10141/1/4 10142/1/4 10145/1/4
f 10145/1/4 10142/1/4 10146/1/4
f 10144/1/4 10145/1/4 10148/1/4
f 10148/1/4 10145/1/4 10149/1/4
f 10147/1/4 10148/1/4 10151/1/4
f 10151/1/4 10148/1/4 10152/1/4
f 10150/1/4 10151/1/4 10154/1/4
f 10154/1/4 10151/1/4 10155/1/4
f 10153/1/4 10154/1/4 10157/1/4
f 10157/1/4 10154/1/4 10158/1/4
f 10156/1/4 10157/1/4 10160/1/4
f 10160/1/4 10157/1/4 10161/1/4
f 10159/1/4 10160/1/4 10162/1/4
f 10162/1/4 10160/1/4 10163/1/4
f 10164/1/4 10165/1/4 10166/1/4
f 10166/1/4 10165/1/4 10167/1/4
f 10168/3/4 10169/3/4 10170/3/4
f 10170/3/4 10169/3/4 10171/3/4
f 10172/1/4 10173/1/4 10174/1/4
f 10174/1/4 10173/1/4 10175/1/4
f 10176/3/4 10177/3/4 10178/3/4
f 10178/3/4 10177/3/4 10179/3/4
f 10179/3/4 10180/3/4 10181/3/4
f 10181/3/4 10180/3/4 10182/3/4
f 10182/3/4 10183/3/4 10184/3/4
f 10184/3/4 10183/3/4 10185/3/4
f 10185/3/4 10186/3/4 10187/3/4
f 10187/3/4 10186/3/4 10188/3/4
f 10188/3/4 10189/3/4 10190/3/4
f 10190/3/4 10189/3/4 10191/3/4
f 10191/3/4 10192/3/4 10193/3/4
f 10193/3/4 10192/3/4 10194/3/4
f 10194/3/4 10195/3/4 10196/3/4
f 10196/3/4 10195/3/4 10197/3/4
f 10197/3/4 10195/3/4 10198/3/4
f 10198/3/4 10199/3/4 10201/3/4
f 10201/3/4 10199/3/4 10202/3/4
f 10200/2/4 10201/2/4 10204/2/4
f 10204/2/4 10201/2/4 10205/2/4
f 10202/3/4 10203/3/4 10206/3/4
f 10206/3/4 10203/3/4 10207/3/4
f 10207/3/4 10208/3/4 10209/3/4
f 10209/3/4 10208/3/4 10210/3/4
f 10210/3/4 10211/3/4 10212/3/4
f 10212/3/4 10211/3/4 10213/3/4
f 10212/1/4 10213/1/4 10215/1/4
f 10215/1/4 10213/1/4 10216/1/4
f 10214/1/4 10215/1/4 10220/1/4
f 10220/1/4 10215/1/4 10221/1/4
f 10217/2/4 10218/2/4 10222/2/4
f 10222/2/4 10218/2/4 10223/2/4
f 10219/1/4 10220/1/4 10224/1/4
f 10224/1/4 10220/1/4 10225/1/4
f 10223/1/4 10224/1/4 10228/1/4
f 10228/1/4 10224/1/4 10229/1/4
f 10226/1/4 10227/1/4 10231/1/4
f 10227/1/4 10228/1/4 10231/1/4
f 10231/1/4 10228/1/4 10232/1/4
f 10230/1/4 10231/1/4 10234/1/4
f 10234/1/4 10231/1/4 10235/1/4
f 10233/1/4 10234/1/4 10237/1/4
f 10237/1/4 10234/1/4 10238/1/4
f 10236/1/4 10237/1/4 10240/1/4
f 10240/1/4 10237/1/4 10241/1/4
f 10239/1/4 10240/1/4 10243/1/4
f 10243/1/4 10240/1/4 10244/1/4
f 10242/1/4 10243/1/4 10246/1/4
f 10246/1/4 10243/1/4 10247/1/4
f 10245/1/4 10246/1/4 10248/1/4
f 10248/1/4 10246/1/4 10249/1/4
f 10250/1/4 10251/1/4 10252/1/4
f 10252/1/4 10251/1/4 10253/1/4
f 10254/1/4 10255/1/4 10256/1/4
f 10256/1/4 10255/1/4 10257/1/4
f 10258/2/4 10259/2/4 10260/2/4
f 10260/2/4 10259/2/4 10261/2/4
f 10262/2/4 10263/2/4 10265/2/4
f 10265/2/4 10263/2/4 10266/2/4
f 10264/1/4 10265/1/4 10267/1/4
f 10267/1/4 10265/1/4 10268/1/4
f 10269/1/4 10270/1/4 10271/1/4
f 10271/1/4 10270/1/4 10272/1/4
f 10273/1/4 10274/1/4 10275/1/4
f 10275/1/4 10274/1/4 10276/1/4
f 10277/1/4 10278/1/4 10279/1/4
f 10279/1/4 10278/1/4 10280/1/4
f 10281/1/4 10282/1/4 10283/1/4
f 10283/1/4 10282/1/4 10284/1/4
f 10285/3/4 10286/3/4 10287/3/4
f 10287/3/4 10286/3/4 10288/3/4
f 10289/3/4 10290/3/4 10291/3/4
f 10291/3/4 10290/3/4 10292/3/4
f 10293/2/4 10294/2/4 10295/2/4
f 10295/2/4 10294/2/4 10296/2/4
f 10297/3/4 10298/3/4 10299/3/4
f 10299/3/4 10298/3/4 10300/3/4
f 10300/3/4 10301/3/4 10302/3/4
f 10302/3/4 10301/3/4 10303/3/4
f 10304/3/4 10305/3/4 10306/3/4
f 10306/3/4 10305/3/4 10307/3/4
f 10306/1/4 10307/1/4 10308/1/4
f 10308/1/4 10307/1/4 10309/1/4
f 10310/1/4 10311/1/4 10313/1/4
f 10313/1/4 10311/1/4 10314/1/4
f 10312/1/4 10313/1/4 10317/1/4
f 10317/1/4 10313/1/4 10318/1/4
f 10315/2/4 10316/2/4 10319/2/4
f 10319/2/4 10316/2/4 10320/2/4
f 10321/1/4 10322/1/4 10325/1/4
f 10325/1/4 10322/1/4 10326/1/4
f 10323/1/4 10324/1/4 10327/1/4
f 10327/1/4 10324/1/4 10328/1/4
f 10329/1/4 10330/1/4 10331/1/4
f 10331/1/4 10330/1/4 10332/1/4
f 10333/3/4 10334/3/4 10335/3/4
f 10335/3/4 10334/3/4 10336/3/4
f 10337/3/4 10338/3/4 10339/3/4
f 10339/3/4 10338/3/4 10340/3/4
f 10341/3/4 10342/3/4 10343/3/4
f 10343/3/4 10342/3/4 10344/3/4
f 10345/2/4 10346/2/4 10347/2/4
f 10347/2/4 10346/2/4 10348/2/4
f 10349/1/4 10350/1/4 10351/1/4
f 10351/1/4 10350/1/4 10352/1/4
f 10353/1/4 10354/1/4 10355/1/4
f 10355/1/4 10354/1/4 10356/1/4
f 10357/1/4 10358/1/4 10359/1/4
f 10357/1/4 10359/1/4 10361/1/4
f 10359/1/4 10360/1/4 10361/1/4
f 10361/1/4 10360/1/4 10362/1/4
f 10362/1/4 10360/1/4 10363/1/4
f 10363/1/4 10364/1/4 10365/1/4
f 10362/1/4 10363/1/4 10365/1/4
f 10365/1/4 10364/1/4 10366/1/4
f 10366/1/4 10364/1/4 10367/1/4
f 10367/1/4 10368/1/4 10369/1/4
f 10366/1/4 10367/1/4 10369/1/4
f 10369/1/4 10368/1/4 10370/1/4
f 10370/1/4 10368/1/4 10371/1/4
f 10371/1/4 10372/1/4 10373/1/4
f 10370/1/4 10371/1/4 10373/1/4
f 10373/1/4 10372/1/4 10374/1/4
f 10374/1/4 10372/1/4 10375/1/4
f 10375/1/4 10376/1/4 10377/1/4
f 10374/1/4 10375/1/4 10377/1/4
f 10377/1/4 10376/1/4 10378/1/4
f 10378/1/4 10376/1/4 10379/1/4
f 10379/1/4 10376/1/4 10380/1/4
f 10380/1/4 10381/1/4 10382/1/4
f 10382/1/4 10381/1/4 10383/1/4
f 10384/3/4 10385/3/4 10386/3/4
f 10386/3/4 10385/3/4 10387/3/4
f 10388/3/4 10389/3/4 10390/3/4
f 10390/3/4 10389/3/4 10391/3/4
f 10391/3/4 10392/3/4 10393/3/4
f 10393/3/4 10392/3/4 10394/3/4
f 10394/3/4 10395/3/4 10396/3/4
f 10396/3/4 10395/3/4 10397/3/4
f 10398/3/4 10399/3/4 10400/3/4
f 10400/3/4 10399/3/4 10401/3/4
f 10401/3/4 10402/3/4 10403/3/4
f 10403/3/4 10402/3/4 10404/3/4
f 10403/1/4 10404/1/4 10406/1/4
f 10406/1/4 10404/1/4 10407/1/4
f 10405/1/4 10406/1/4 10408/1/4
f 10408/1/4 10406/1/4 10409/1/4
f 10410/1/4 10411/1/4 10413/1/4
f 10413/1/4 10411/1/4 10414/1/4
f 10412/1/4 10413/1/4 10416/1/4
f 10416/1/4 10413/1/4 10417/1/4
f 10415/1/4 10416/1/4 10420/1/4
f 10420/1/4 10416/1/4 10421/1/4
f 10418/1/4 10419/1/4 10424/1/4
f 10424/1/4 10419/1/4 10425/1/4
f 10422/1/4 10423/1/4 10427/1/4
f 10427/1/4 10423/1/4 10428/1/4
f 10426/1/4 10427/1/4 10430/1/4
f 10430/1/4 10427/1/4 10431/1/4
f 10429/1/4 10430/1/4 10433/1/4
f 10430/1/4 10431/1/4 10433/1/4
f 10433/1/4 10431/1/4 10434/1/4
f 10434/1/4 10431/1/4 10435/1/4
f 10432/1/4 10433/1/4 10437/1/4
f 10433/1/4 10434/1/4 10437/1/4
f 10437/1/4 10434/1/4 10438/1/4
f 10438/1/4 10434/1/4 10439/1/4
f 10436/1/4 10437/1/4 10441/1/4
f 10437/1/4 10438/1/4 10441/1/4
f 10441/1/4 10438/1/4 10442/1/4
f 10442/1/4 10438/1/4 10443/1/4
f 10440/1/4 10441/1/4 10445/1/4
f 10441/3/4 10442/3/4 10446/3/4
f 10445/1/4 10441/1/4 10446/1/4
f 10446/3/4 10442/3/4 10447/3/4
f 10444/1/4 10445/1/4 10448/1/4
f 10445/3/4 10446/3/4 10449/3/4
f 10448/1/4 10445/1/4 10449/1/4
f 10449/3/4 10446/3/4 10450/3/4
f 10448/3/4 10449/3/4 10451/3/4
f 10451/3/4 10449/3/4 10452/3/4
f 10453/3/4 10454/3/4 10455/3/4
f 10455/3/4 10454/3/4 10456/3/4
f 10457/3/4 10458/3/4 10459/3/4
f 10459/3/4 10458/3/4 10460/3/4
f 10461/3/4 10462/3/4 10463/3/4
f 10463/3/4 10462/3/4 10464/3/4
f 10465/2/4 10466/2/4 10467/2/4
f 10467/2/4 10466/2/4 10468/2/4
f 10469/1/4 10470/1/4 10471/1/4
f 10471/1/4 10470/1/4 10472/1/4
f 10472/1/4 10473/1/4 10474/1/4
f 10474/1/4 10473/1/4 10475/1/4
f 10476/1/4 10477/1/4 10478/1/4
f 10478/1/4 10477/1/4 10479/1/4
f 10480/2/4 10481/2/4 10482/2/4
f 10482/2/4 10481/2/4 10483/2/4
f 10484/3/4 10485/3/4 10486/3/4
f 10486/3/4 10485/3/4 10487/3/4
f 10486/1/4 10487/1/4 10488/1/4
f 10488/1/4 10487/1/4 10489/1/4
f 10490/2/4 10491/2/4 10492/2/4
f 10492/2/4 10491/2/4 10493/2/4
f 10494/1/4 10495/1/4 10498/1/4
f 10498/1/4 10495/1/4 10499/1/4
f 10496/1/4 10497/1/4 10501/1/4
f 10501/1/4 10497/1/4 10502/1/4
f 10500/1/4 10501/1/4 10503/1/4
f 10503/1/4 10501/1/4 10504/1/4
f 10505/3/4 10506/3/4 10507/3/4
f 10507/3/4 10506/3/4 10508/3/4
f 10509/2/4 10510/2/4 10511/2/4
f 10511/2/4 10510/2/4 10512/2/4
f 10513/3/4 10514/3/4 10515/3/4
f 10513/3/4 10515/3/4 10517/3/4
f 10515/3/4 10516/3/4 10517/3/4
f 10517/3/4 10516/3/4 10518/3/4
f 10518/3/4 10516/3/4 10519/3/4
f 10517/1/4 10518/1/4 10520/1/4
f 10520/1/4 10518/1/4 10521/1/4
f 10522/2/4 10523/2/4 10524/2/4
f 10524/2/4 10523/2/4 10525/2/4
f 10526/2/4 10527/2/4 10528/2/4
f 10528/2/4 10527/2/4 10529/2/4
f 10530/3/4 10531/3/4 10532/3/4
f 10532/3/4 10531/3/4 10533/3/4
f 10534/1/4 10535/1/4 10536/1/4
f 10536/1/4 10535/1/4 10537/1/4
f 10538/2/4 10539/2/4 10540/2/4
f 10540/2/4 10539/2/4 10541/2/4
f 10542/1/4 10543/1/4 10544/1/4
f 10544/1/4 10543/1/4 10545/1/4
f 10546/1/4 10547/1/4 10548/1/4
f 10548/1/4 10547/1/4 10549/1/4
f 10550/1/4 10551/1/4 10552/1/4
f 10552/1/4 10551/1/4 10553/1/4
f 10553/1/4 10554/1/4 10555/1/4
f 10555/1/4 10554/1/4 10556/1/4
f 10557/1/4 10558/1/4 10559/1/4
f 10559/1/4 10558/1/4 10560/1/4
f 10560/1/4 10561/1/4 10562/1/4
f 10562/1/4 10561/1/4 10563/1/4
f 10563/1/4 10564/1/4 10565/1/4
f 10565/1/4 10564/1/4 10566/1/4
f 10566/1/4 10567/1/4 10568/1/4
f 10568/1/4 10567/1/4 10569/1/4
f 10570/1/4 10571/1/4 10572/1/4
f 10572/1/4 10571/1/4 10573/1/4
f 10574/2/4 10575/2/4 10579/2/4
f 10579/2/4 10575/2/4 10580/2/4
f 10576/1/4 10577/1/4 10583/1/4
f 10583/1/4 10577/1/4 10584/1/4
f 10578/2/4 10579/2/4 10586/2/4
f 10586/2/4 10579/2/4 10587/2/4
f 10581/2/4 10582/2/4 10588/2/4
f 10580/2/4 10581/2/4 10588/2/4
f 10588/2/4 10582/2/4 10589/2/4
f 10589/2/4 10582/2/4 10590/2/4
f 10584/2/4 10585/2/4 10592/2/4
f 10592/2/4 10585/2/4 10593/2/4
f 10591/1/4 10592/1/4 10594/1/4
f 10594/1/4 10592/1/4 10595/1/4
f 10587/2/4 10588/2/4 10596/2/4
f 10596/2/4 10588/2/4 10597/2/4
f 10598/3/4 10599/3/4 10600/3/4
f 10600/3/4 10599/3/4 10601/3/4
f 10602/2/4 10603/2/4 10604/2/4
f 10604/2/4 10603/2/4 10605/2/4
f 10605/1/4 10606/1/4 10607/1/4
f 10607/1/4 10606/1/4 10608/1/4
f 10609/1/4 10610/1/4 10611/1/4
f 10611/1/4 10610/1/4 10612/1/4
f 10612/1/4 10613/1/4 10614/1/4
f 10614/1/4 10613/1/4 10615/1/4
f 10615/1/4 10616/1/4 10617/1/4
f 10617/1/4 10616/1/4 10618/1/4
f 10618/1/4 10619/1/4 10620/1/4
f 10620/1/4 10619/1/4 10621/1/4
f 10621/1/4 10622/1/4 10623/1/4
f 10623/1/4 10622/1/4 10624/1/4
f 10624/1/4 10625/1/4 10626/1/4
f 10626/1/4 10625/1/4 10627/1/4
f 10627/1/4 10628/1/4 10629/1/4
f 10629/1/4 10628/1/4 10630/1/4
f 10631/1/4 10632/1/4 10633/1/4
f 10633/1/4 10632/1/4 10634/1/4
f 10633/3/4 10634/3/4 10636/3/4
f 10634/3/4 10635/3/4 10636/3/4
f 10636/3/4 10635/3/4 10637/3/4
f 10633/3/4 10636/3/4 10638/3/4
f 10638/3/4 10636/3/4 10639/3/4
f 10640/2/4 10641/2/4 10642/2/4
f 10642/2/4 10641/2/4 10643/2/4
f 10644/1/4 10645/1/4 10646/1/4
f 10646/1/4 10645/1/4 10647/1/4
f 10648/2/4 10649/2/4 10650/2/4
f 10650/2/4 10649/2/4 10651/2/4
f 10652/1/4 10653/1/4 10654/1/4
f 10654/1/4 10653/1/4 10655/1/4
f 10655/1/4 10656/1/4 10657/1/4
f 10657/1/4 10656/1/4 10658/1/4
f 10657/3/4 10658/3/4 10660/3/4
f 10660/3/4 10658/3/4 10661/3/4
f 10659/3/4 10660/3/4 10662/3/4
f 10662/3/4 10660/3/4 10663/3/4
f 10664/2/4 10665/2/4 10666/2/4
f 10666/2/4 10665/2/4 10667/2/4
f 10668/1/4 10669/1/4 10670/1/4
f 10670/1/4 10669/1/4 10671/1/4
f 10672/1/4 10673/1/4 10674/1/4
f 10674/1/4 10673/1/4 10675/1/4
f 10675/1/4 10676/1/4 10677/1/4
f 10677/1/4 10676/1/4 10678/1/4
f 10678/1/4 10679/1/4 10680/1/4
f 10680/1/4 10679/1/4 10681/1/4
f 10681/1/4 10682/1/4 10683/1/4
f 10683/1/4 10682/1/4 10684/1/4
f 10684/1/4 10685/1/4 10686/1/4
f 10686/1/4 10685/1/4 10687/1/4
f 10687/1/4 10688/1/4 10689/1/4
f 10689/1/4 10688/1/4 10690/1/4
f 10690/1/4 10691/1/4 10692/1/4
f 10692/1/4 10691/1/4 10693/1/4
f 10693/3/4 10694/3/4 10696/3/4
f 10694/1/4 10695/1/4 10697/1/4
f 10696/3/4 10694/3/4 10697/3/4
f 10697/1/4 10695/1/4 10698/1/4
f 10698/1/4 10699/1/4 10700/1/4
f 10700/1/4 10699/1/4 10701/1/4
f 10702/1/4 10703/1/4 10704/1/4
f 10704/1/4 10703/1/4 10705/1/4
f 10706/1/4 10707/1/4 10708/1/4
f 10708/1/4 10707/1/4 10709/1/4
f 10709/1/4 10710/1/4 10711/1/4
f 10709/1/4 10711/1/4 10713/1/4
f 10711/1/4 10712/1/4 10713/1/4
f 10713/1/4 10712/1/4 10714/1/4
f 10713/3/4 10714/3/4 10715/3/4
f 10715/3/4 10714/3/4 10716/3/4
f 10713/3/4 10715/3/4 10718/3/4
f 10718/3/4 10715/3/4 10719/3/4
f 10717/3/4 10718/3/4 10720/3/4
f 10720/3/4 10718/3/4 10721/3/4
f 10722/3/4 10723/3/4 10724/3/4
f 10724/3/4 10723/3/4 10725/3/4
f 10726/3/4 10727/3/4 10729/3/4
f 10729/3/4 10727/3/4 10730/3/4
f 10728/3/4 10729/3/4 10732/3/4
f 10732/3/4 10729/3/4 10733/3/4
f 10731/3/4 10732/3/4 10735/3/4
f 10735/3/4 10732/3/4 10736/3/4
f 10734/3/4 10735/3/4 10738/3/4
f 10738/3/4 10735/3/4 10739/3/4
f 10737/3/4 10738/3/4 10741/3/4
f 10741/3/4 10738/3/4 10742/3/4
f 10740/3/4 10741/3/4 10744/3/4
f 10744/3/4 10741/3/4 10745/3/4
f 10743/3/4 10744/3/4 10747/3/4
f 10747/3/4 10744/3/4 10748/3/4
f 10746/3/4 10747/3/4 10749/3/4
f 10749/3/4 10747/3/4 10750/3/4
f 10751/1/4 10752/1/4 10753/1/4
f 10753/1/4 10752/1/4 10754/1/4
f 10755/2/4 10756/2/4 10757/2/4
f 10757/2/4 10756/2/4 10758/2/4
f 10759/1/4 10760/1/4 10761/1/4
f 10761/1/4 10760/1/4 10762/1/4
f 10762/1/4 10763/1/4 10764/1/4
f 10764/1/4 10763/1/4 10765/1/4
f 10765/1/4 10766/1/4 10767/1/4
f 10767/1/4 10766/1/4 10768/1/4
f 10769/1/4 10770/1/4 10771/1/4
f 10771/1/4 10770/1/4 10772/1/4
f 10771/3/4 10772/3/4 10773/3/4
f 10773/3/4 10772/3/4 10774/3/4
f 10775/3/4 10776/3/4 10778/3/4
f 10778/3/4 10776/3/4 10779/3/4
f 10777/3/4 10778/3/4 10781/3/4
f 10781/3/4 10778/3/4 10782/3/4
f 10780/3/4 10781/3/4 10785/3/4
f 10785/3/4 10781/3/4 10786/3/4
f 10783/2/4 10784/2/4 10787/2/4
f 10787/2/4 10784/2/4 10788/2/4
f 10789/2/4 10790/2/4 10791/2/4
f 10791/2/4 10790/2/4 10792/2/4
f 10792/2/4 10790/2/4 10793/2/4
f 10794/1/4 10795/1/4 10796/1/4
f 10796/1/4 10795/1/4 10797/1/4
f 10798/1/4 10799/1/4 10800/1/4
f 10800/1/4 10799/1/4 10801/1/4
f 10802/1/4 10803/1/4 10804/1/4
f 10804/1/4 10803/1/4 10805/1/4
f 10806/1/4 10807/1/4 10808/1/4
f 10808/1/4 10807/1/4 10809/1/4
f 10810/1/4 10811/1/4 10812/1/4
f 10812/1/4 10811/1/4 10813/1/4
f 10813/3/4 10814/3/4 10815/3/4
f 10815/3/4 10814/3/4 10816/3/4
f 10816/3/4 10817/3/4 10818/3/4
f 10818/3/4 10817/3/4 10819/3/4
f 10819/3/4 10820/3/4 10821/3/4
f 10821/3/4 10820/3/4 10822/3/4
f 10822/3/4 10823/3/4 10824/3/4
f 10824/3/4 10823/3/4 10825/3/4
f 10825/3/4 10826/3/4 10827/3/4
f 10827/3/4 10826/3/4 10828/3/4
f 10828/3/4 10829/3/4 10830/3/4
f 10830/3/4 10829/3/4 10831/3/4
f 10831/3/4 10832/3/4 10833/3/4
f 10833/3/4 10832/3/4 10834/3/4
f 10835/2/4 10836/2/4 10839/2/4
f 10839/2/4 10836/2/4 10840/2/4
f 10837/1/4 10838/1/4 10841/1/4
f 10841/1/4 10838/1/4 10842/1/4
f 10842/1/4 10843/1/4 10844/1/4
f 10844/1/4 10843/1/4 10845/1/4
f 10845/1/4 10846/1/4 10847/1/4
f 10847/1/4 10846/1/4 10848/1/4
f 10848/1/4 10849/1/4 10850/1/4
f 10850/1/4 10849/1/4 10851/1/4
f 10850/3/4 10851/3/4 10853/3/4
f 10853/3/4 10851/3/4 10854/3/4
f 10852/3/4 10853/3/4 10856/3/4
f 10856/3/4 10853/3/4 10857/3/4
f 10855/3/4 10856/3/4 10861/3/4
f 10861/3/4 10856/3/4 10862/3/4
f 10858/2/4 10859/2/4 10863/2/4
f 10863/2/4 10859/2/4 10864/2/4
f 10860/3/4 10861/3/4 10865/3/4
f 10865/3/4 10861/3/4 10866/3/4
f 10867/1/4 10868/1/4 10870/1/4
f 10870/1/4 10868/1/4 10871/1/4
f 10869/1/4 10870/1/4 10873/1/4
f 10873/1/4 10870/1/4 10874/1/4
f 10872/1/4 10873/1/4 10876/1/4
f 10876/1/4 10873/1/4 10877/1/4
f 10875/1/4 10876/1/4 10879/1/4
f 10879/1/4 10876/1/4 10880/1/4
f 10878/1/4 10879/1/4 10882/1/4
f 10882/1/4 10879/1/4 10883/1/4
f 10881/1/4 10882/1/4 10885/1/4
f 10885/1/4 10882/1/4 10886/1/4
f 10884/1/4 10885/1/4 10888/1/4
f 10888/1/4 10885/1/4 10889/1/4
f 10887/1/4 10888/1/4 10890/1/4
f 10890/1/4 10888/1/4 10891/1/4
f 10892/3/4 10893/3/4 10894/3/4
f 10894/3/4 10893/3/4 10895/3/4
f 10896/3/4 10897/3/4 10898/3/4
f 10898/3/4 10897/3/4 10899/3/4
f 10900/3/4 10901/3/4 10902/3/4
f 10902/3/4 10901/3/4 10903/3/4
f 10904/3/4 10905/3/4 10906/3/4
f 10906/3/4 10905/3/4 10907/3/4
f 10908/2/4 10909/2/4 10911/2/4
f 10909/2/4 10910/2/4 10911/2/4
f 10911/2/4 10910/2/4 10912/2/4
f 10913/3/4 10914/3/4 10915/3/4
f 10915/3/4 10914/3/4 10916/3/4
f 10917/3/4 10918/3/4 10919/3/4
f 10919/3/4 10918/3/4 10920/3/4
f 10920/3/4 10921/3/4 10922/3/4
f 10922/3/4 10921/3/4 10923/3/4
f 10923/3/4 10924/3/4 10925/3/4
f 10925/3/4 10924/3/4 10926/3/4
f 10926/3/4 10927/3/4 10928/3/4
f 10928/3/4 10927/3/4 10929/3/4
f 10929/3/4 10930/3/4 10931/3/4
f 10931/3/4 10930/3/4 10932/3/4
f 10932/3/4 10933/3/4 10934/3/4
f 10934/3/4 10933/3/4 10935/3/4
f 10935/3/4 10936/3/4 10937/3/4
f 10937/3/4 10936/3/4 10938/3/4
f 10938/3/4 10939/3/4 10940/3/4
f 10940/3/4 10939/3/4 10941/3/4
f 10942/2/4 10943/2/4 10946/2/4
f 10946/2/4 10943/2/4 10947/2/4
f 10944/1/4 10945/1/4 10948/1/4
f 10948/1/4 10945/1/4 10949/1/4
f 10949/1/4 10950/1/4 10951/1/4
f 10951/1/4 10950/1/4 10952/1/4
f 10952/1/4 10953/1/4 10954/1/4
f 10954/1/4 10953/1/4 10955/1/4
f 10954/3/4 10955/3/4 10957/3/4
f 10957/3/4 10955/3/4 10958/3/4
f 10956/3/4 10957/3/4 10962/3/4
f 10962/3/4 10957/3/4 10963/3/4
f 10959/2/4 10960/2/4 10964/2/4
f 10964/2/4 10960/2/4 10965/2/4
f 10961/3/4 10962/3/4 10966/3/4
f 10966/3/4 10962/3/4 10967/3/4
f 10968/3/4 10969/3/4 10971/3/4
f 10971/3/4 10969/3/4 10972/3/4
f 10970/1/4 10971/1/4 10974/1/4
f 10974/1/4 10971/1/4 10975/1/4
f 10973/1/4 10974/1/4 10977/1/4
f 10977/1/4 10974/1/4 10978/1/4
f 10976/1/4 10977/1/4 10980/1/4
f 10980/1/4 10977/1/4 10981/1/4
f 10979/1/4 10980/1/4 10983/1/4
f 10983/1/4 10980/1/4 10984/1/4
f 10982/1/4 10983/1/4 10986/1/4
f 10986/1/4 10983/1/4 10987/1/4
f 10985/1/4 10986/1/4 10989/1/4
f 10989/1/4 10986/1/4 10990/1/4
f 10988/1/4 10989/1/4 10991/1/4
f 10991/1/4 10989/1/4 10992/1/4
f 10993/1/4 10994/1/4 10995/1/4
f 10995/1/4 10994/1/4 10996/1/4
f 10997/3/4 10998/3/4 10999/3/4
f 10999/3/4 10998/3/4 11000/3/4
f 11000/3/4 11001/3/4 11002/3/4
f 11002/3/4 11001/3/4 11003/3/4
f 11003/3/4 11004/3/4 11005/3/4
f 11005/3/4 11004/3/4 11006/3/4
f 11006/3/4 11007/3/4 11008/3/4
f 11008/3/4 11007/3/4 11009/3/4
f 11009/3/4 11010/3/4 11011/3/4
f 11011/3/4 11010/3/4 11012/3/4
f 11012/3/4 11013/3/4 11014/3/4
f 11014/3/4 11013/3/4 11015/3/4
f 11015/3/4 11016/3/4 11017/3/4
f 11017/3/4 11016/3/4 11018/3/4
f 11018/3/4 11019/3/4 11020/3/4
f 11020/3/4 11019/3/4 11021/3/4
f 11021/3/4 11022/3/4 11023/3/4
f 11023/3/4 11022/3/4 11024/3/4
f 11024/3/4 11025/3/4 11026/3/4
f 11026/3/4 11025/3/4 11027/3/4
f 11027/3/4 11025/3/4 11028/3/4
f 11029/2/4 11030/2/4 11033/2/4
f 11033/2/4 11030/2/4 11034/2/4
f 11031/1/4 11032/1/4 11035/1/4
f 11031/1/4 11035/1/4 11037/1/4
f 11035/1/4 11036/1/4 11037/1/4
f 11037/1/4 11036/1/4 11038/1/4
f 11038/1/4 11036/1/4 11039/1/4
f 11039/1/4 11036/1/4 11040/1/4
f 11039/3/4 11040/3/4 11042/3/4
f 11042/3/4 11040/3/4 11045/3/4
f 11041/3/4 11042/3/4 11045/3/4
f 11045/3/4 11040/3/4 11046/3/4
f 11043/2/4 11044/2/4 11047/2/4
f 11047/2/4 11044/2/4 11048/2/4
f 11041/3/4 11045/3/4 11049/3/4
f 11049/3/4 11045/3/4 11050/3/4
f 11051/3/4 11052/3/4 11055/3/4
f 11052/3/4 11053/3/4 11055/3/4
f 11055/3/4 11053/3/4 11056/3/4
f 11054/3/4 11055/3/4 11058/3/4
f 11058/3/4 11055/3/4 11059/3/4
f 11057/1/4 11058/1/4 11061/1/4
f 11061/1/4 11058/1/4 11062/1/4
f 11060/1/4 11061/1/4 11064/1/4
f 11064/1/4 11061/1/4 11065/1/4
f 11063/1/4 11064/1/4 11067/1/4
f 11067/1/4 11064/1/4 11068/1/4
f 11066/1/4 11067/1/4 11070/1/4
f 11070/1/4 11067/1/4 11071/1/4
f 11069/1/4 11070/1/4 11073/1/4
f 11073/1/4 11070/1/4 11074/1/4
f 11072/1/4 11073/1/4 11076/1/4
f 11076/1/4 11073/1/4 11077/1/4
f 11075/1/4 11076/1/4 11079/1/4
f 11079/1/4 11076/1/4 11080/1/4
f 11078/1/4 11079/1/4 11081/1/4
f 11081/1/4 11079/1/4 11082/1/4
f 11083/2/4 11084/2/4 11085/2/4
f 11085/2/4 11084/2/4 11086/2/4
f 11086/2/4 11084/2/4 11087/2/4
f 11088/1/4 11089/1/4 11090/1/4
f 11090/1/4 11089/1/4 11091/1/4
f 11090/3/4 11091/3/4 11092/3/4
f 11092/3/4 11091/3/4 11093/3/4
f 11093/3/4 11094/3/4 11095/3/4
f 11093/3/4 11095/3/4 11097/3/4
f 11095/3/4 11096/3/4 11097/3/4
f 11097/3/4 11096/3/4 11098/3/4
f 11098/3/4 11096/3/4 11099/3/4
f 11099/3/4 11096/3/4 11100/3/4
f 11101/3/4 11102/3/4 11103/3/4
f 11103/3/4 11102/3/4 11104/3/4
f 11104/3/4 11105/3/4 11106/3/4
f 11106/3/4 11105/3/4 11107/3/4
f 11107/3/4 11108/3/4 11109/3/4
f 11109/3/4 11108/3/4 11110/3/4
f 11110/3/4 11111/3/4 11112/3/4
f 11112/3/4 11111/3/4 11113/3/4
f 11113/3/4 11114/3/4 11115/3/4
f 11115/3/4 11114/3/4 11116/3/4
f 11116/3/4 11117/3/4 11118/3/4
f 11118/3/4 11117/3/4 11119/3/4
f 11119/3/4 11120/3/4 11121/3/4
f 11121/3/4 11120/3/4 11122/3/4
f 11122/3/4 11123/3/4 11124/3/4
f 11124/3/4 11123/3/4 11125/3/4
f 11125/1/4 11126/1/4 11127/1/4
f 11127/1/4 11126/1/4 11128/1/4
f 11129/2/4 11130/2/4 11133/2/4
f 11133/2/4 11130/2/4 11134/2/4
f 11131/1/4 11132/1/4 11135/1/4
f 11135/1/4 11132/1/4 11136/1/4
f 11137/2/4 11138/2/4 11139/2/4
f 11139/2/4 11138/2/4 11140/2/4
f 11135/3/4 11136/3/4 11141/3/4
f 11141/3/4 11136/3/4 11142/3/4
f 11143/3/4 11144/3/4 11146/3/4
f 11146/3/4 11144/3/4 11147/3/4
f 11145/3/4 11146/3/4 11149/3/4
f 11149/3/4 11146/3/4 11150/3/4
f 11148/3/4 11149/3/4 11152/3/4
f 11152/3/4 11149/3/4 11153/3/4
f 11151/3/4 11152/3/4 11155/3/4
f 11155/3/4 11152/3/4 11156/3/4
f 11154/1/4 11155/1/4 11158/1/4
f 11158/1/4 11155/1/4 11159/1/4
f 11157/1/4 11158/1/4 11161/1/4
f 11161/1/4 11158/1/4 11162/1/4
f 11160/1/4 11161/1/4 11164/1/4
f 11164/1/4 11161/1/4 11165/1/4
f 11163/1/4 11164/1/4 11167/1/4
f 11167/1/4 11164/1/4 11168/1/4
f 11166/1/4 11167/1/4 11169/1/4
f 11169/1/4 11167/1/4 11170/1/4
f 11171/1/4 11172/1/4 11174/1/4
f 11174/1/4 11172/1/4 11175/1/4
f 11173/1/4 11174/1/4 11175/1/4
f 11175/1/4 11172/1/4 11176/1/4
f 11173/1/4 11175/1/4 11178/1/4
f 11178/1/4 11175/1/4 11179/1/4
f 11177/1/4 11178/1/4 11180/1/4
f 11180/1/4 11178/1/4 11181/1/4
f 11182/2/4 11183/2/4 11185/2/4
f 11183/2/4 11184/2/4 11185/2/4
f 11185/2/4 11184/2/4 11186/2/4
f 11187/3/4 11188/3/4 11189/3/4
f 11189/3/4 11188/3/4 11190/3/4
f 11190/3/4 11191/3/4 11192/3/4
f 11192/3/4 11191/3/4 11193/3/4
f 11193/3/4 11194/3/4 11195/3/4
f 11195/3/4 11194/3/4 11196/3/4
f 11196/3/4 11197/3/4 11198/3/4
f 11198/3/4 11197/3/4 11199/3/4
f 11199/3/4 11200/3/4 11201/3/4
f 11201/3/4 11200/3/4 11202/3/4
f 11202/3/4 11203/3/4 11204/3/4
f 11204/3/4 11203/3/4 11205/3/4
f 11205/1/4 11206/1/4 11207/1/4
f 11207/1/4 11206/1/4 11208/1/4
f 11208/1/4 11209/1/4 11210/1/4
f 11210/1/4 11209/1/4 11211/1/4
f 11211/1/4 11212/1/4 11213/1/4
f 11213/1/4 11212/1/4 11214/1/4
f 11215/3/4 11216/3/4 11218/3/4
f 11218/3/4 11216/3/4 11219/3/4
f 11217/3/4 11218/3/4 11221/3/4
f 11221/3/4 11218/3/4 11222/3/4
f 11220/3/4 11221/3/4 11224/3/4
f 11224/3/4 11221/3/4 11225/3/4
f 11223/3/4 11224/3/4 11227/3/4
f 11227/3/4 11224/3/4 11228/3/4
f 11226/3/4 11227/3/4 11230/3/4
f 11230/3/4 11227/3/4 11231/3/4
f 11229/3/4 11230/3/4 11233/3/4
f 11233/3/4 11230/3/4 11234/3/4
f 11232/1/4 11233/1/4 11236/1/4
f 11236/1/4 11233/1/4 11237/1/4
f 11235/1/4 11236/1/4 11239/1/4
f 11239/1/4 11236/1/4 11240/1/4
f 11238/1/4 11239/1/4 11241/1/4
f 11241/1/4 11239/1/4 11242/1/4
f 11243/3/4 11244/3/4 11245/3/4
f 11245/3/4 11244/3/4 11246/3/4
f 11246/3/4 11247/3/4 11248/3/4
f 11248/3/4 11247/3/4 11249/3/4
f 11249/3/4 11250/3/4 11251/3/4
f 11251/3/4 11250/3/4 11252/3/4
f 11252/1/4 11253/1/4 11254/1/4
f 11254/1/4 11253/1/4 11255/1/4
f 11255/1/4 11256/1/4 11257/1/4
f 11257/1/4 11256/1/4 11258/1/4
f 11258/1/4 11259/1/4 11260/1/4
f 11260/1/4 11259/1/4 11261/1/4
f 11261/1/4 11262/1/4 11263/1/4
f 11263/1/4 11262/1/4 11264/1/4
f 11264/1/4 11265/1/4 11266/1/4
f 11264/1/4 11266/1/4 11268/1/4
f 11266/1/4 11267/1/4 11268/1/4
f 11268/1/4 11267/1/4 11269/1/4
f 11269/1/4 11267/1/4 11270/1/4
f 11268/3/4 11269/3/4 11272/3/4
f 11272/3/4 11269/3/4 11273/3/4
f 11271/3/4 11272/3/4 11275/3/4
f 11275/3/4 11272/3/4 11276/3/4
f 11274/3/4 11275/3/4 11278/3/4
f 11278/3/4 11275/3/4 11279/3/4
f 11277/3/4 11278/3/4 11281/3/4
f 11281/3/4 11278/3/4 11282/3/4
f 11280/3/4 11281/3/4 11284/3/4
f 11284/3/4 11281/3/4 11285/3/4
f 11283/3/4 11284/3/4 11287/3/4
f 11287/3/4 11284/3/4 11288/3/4
f 11286/3/4 11287/3/4 11290/3/4
f 11290/3/4 11287/3/4 11291/3/4
f 11289/3/4 11290/3/4 11292/3/4
f 11292/3/4 11290/3/4 11293/3/4
f 11294/2/4 11295/2/4 11296/2/4
f 11296/2/4 11295/2/4 11297/2/4
f 11298/3/4 11299/3/4 11300/3/4
f 11300/3/4 11299/3/4 11301/3/4
f 11302/3/4 11303/3/4 11304/3/4
f 11304/3/4 11303/3/4 11305/3/4
f 11306/3/4 11307/3/4 11308/3/4
f 11308/3/4 11307/3/4 11309/3/4
f 11310/3/4 11311/3/4 11312/3/4
f 11312/3/4 11311/3/4 11313/3/4
f 11313/1/4 11314/1/4 11315/1/4
f 11315/1/4 11314/1/4 11316/1/4
f 11316/1/4 11317/1/4 11318/1/4
f 11318/1/4 11317/1/4 11319/1/4
f 11319/1/4 11320/1/4 11321/1/4
f 11321/1/4 11320/1/4 11322/1/4
f 11322/1/4 11323/1/4 11324/1/4
f 11324/1/4 11323/1/4 11325/1/4
f 11325/1/4 11326/1/4 11327/1/4
f 11327/1/4 11326/1/4 11328/1/4
f 11328/1/4 11329/1/4 11330/1/4
f 11330/1/4 11329/1/4 11331/1/4
f 11330/3/4 11331/3/4 11333/3/4
f 11333/3/4 11331/3/4 11334/3/4
f 11332/3/4 11333/3/4 11336/3/4
f 11336/3/4 11333/3/4 11337/3/4
f 11335/3/4 11336/3/4 11339/3/4
f 11339/3/4 11336/3/4 11340/3/4
f 11338/3/4 11339/3/4 11342/3/4
f 11342/3/4 11339/3/4 11343/3/4
f 11341/3/4 11342/3/4 11345/3/4
f 11345/3/4 11342/3/4 11346/3/4
f 11344/3/4 11345/3/4 11348/3/4
f 11348/3/4 11345/3/4 11349/3/4
f 11347/3/4 11348/3/4 11350/3/4
f 11350/3/4 11348/3/4 11351/3/4
f 11352/3/4 11353/3/4 11354/3/4
f 11354/3/4 11353/3/4 11355/3/4
f 11356/1/4 11357/1/4 11358/1/4
f 11358/1/4 11357/1/4 11359/1/4
f 11360/1/4 11361/1/4 11362/1/4
f 11362/1/4 11361/1/4 11363/1/4
f 11364/2/4 11365/2/4 11366/2/4
f 11366/2/4 11365/2/4 11367/2/4
f 11368/2/4 11369/2/4 11371/2/4
f 11371/2/4 11369/2/4 11372/2/4
f 11370/3/4 11371/3/4 11373/3/4
f 11371/3/4 11372/3/4 11373/3/4
f 11373/3/4 11372/3/4 11374/3/4
f 11374/3/4 11372/3/4 11375/3/4
f 11375/3/4 11372/3/4 11376/3/4
f 11376/3/4 11377/3/4 11378/3/4
f 11378/3/4 11377/3/4 11379/3/4
f 11379/3/4 11380/3/4 11381/3/4
f 11381/3/4 11380/3/4 11382/3/4
f 11383/3/4 11384/3/4 11385/3/4
f 11385/3/4 11384/3/4 11386/3/4
f 11387/3/4 11388/3/4 11389/3/4
f 11389/3/4 11388/3/4 11390/3/4
f 11389/1/4 11390/1/4 11391/1/4
f 11391/1/4 11390/1/4 11392/1/4
f 11392/1/4 11393/1/4 11394/1/4
f 11394/1/4 11393/1/4 11395/1/4
f 11395/1/4 11396/1/4 11397/1/4
f 11397/1/4 11396/1/4 11398/1/4
f 11398/1/4 11399/1/4 11400/1/4
f 11400/1/4 11399/1/4 11401/1/4
f 11401/1/4 11402/1/4 11403/1/4
f 11403/1/4 11402/1/4 11404/1/4
f 11404/1/4 11405/1/4 11406/1/4
f 11406/1/4 11405/1/4 11407/1/4
f 11407/1/4 11408/1/4 11409/1/4
f 11409/1/4 11408/1/4 11410/1/4
f 11409/3/4 11410/3/4 11412/3/4
f 11412/3/4 11410/3/4 11413/3/4
f 11411/3/4 11412/3/4 11415/3/4
f 11415/3/4 11412/3/4 11416/3/4
f 11414/3/4 11415/3/4 11418/3/4
f 11418/3/4 11415/3/4 11419/3/4
f 11417/3/4 11418/3/4 11421/3/4
f 11421/3/4 11418/3/4 11422/3/4
f 11420/3/4 11421/3/4 11424/3/4
f 11424/3/4 11421/3/4 11425/3/4
f 11423/3/4 11424/3/4 11427/3/4
f 11427/3/4 11424/3/4 11428/3/4
f 11426/3/4 11427/3/4 11429/3/4
f 11429/3/4 11427/3/4 11430/3/4
f 11431/3/4 11432/3/4 11433/3/4
f 11433/3/4 11432/3/4 11434/3/4
f 11433/1/4 11434/1/4 11435/1/4
f 11435/1/4 11434/1/4 11436/1/4
f 11437/1/4 11438/1/4 11440/1/4
f 11440/1/4 11438/1/4 11441/1/4
f 11439/1/4 11440/1/4 11443/1/4
f 11443/1/4 11440/1/4 11444/1/4
f 11442/1/4 11443/1/4 11446/1/4
f 11445/1/4 11446/1/4 11447/1/4
f 11446/1/4 11443/1/4 11448/1/4
f 11447/1/4 11446/1/4 11448/1/4
f 11448/1/4 11443/1/4 11449/1/4
f 11448/2/4 11449/2/4 11450/2/4
f 11450/2/4 11449/2/4 11451/2/4
f 11452/2/4 11453/2/4 11454/2/4
f 11454/2/4 11453/2/4 11455/2/4
f 11456/3/4 11457/3/4 11458/3/4
f 11458/3/4 11457/3/4 11459/3/4
f 11460/3/4 11461/3/4 11462/3/4
f 11462/3/4 11461/3/4 11463/3/4
f 11464/3/4 11465/3/4 11466/3/4
f 11466/3/4 11465/3/4 11467/3/4
f 11468/3/4 11469/3/4 11470/3/4
f 11470/3/4 11469/3/4 11471/3/4
f 11472/1/4 11473/1/4 11474/1/4
f 11474/1/4 11473/1/4 11475/1/4
f 11475/1/4 11476/1/4 11477/1/4
f 11477/1/4 11476/1/4 11478/1/4
f 11478/1/4 11479/1/4 11480/1/4
f 11480/1/4 11479/1/4 11481/1/4
f 11481/1/4 11482/1/4 11483/1/4
f 11483/1/4 11482/1/4 11484/1/4
f 11484/1/4 11485/1/4 11486/1/4
f 11486/1/4 11485/1/4 11487/1/4
f 11487/1/4 11488/1/4 11489/1/4
f 11489/1/4 11488/1/4 11490/1/4
f 11489/3/4 11490/3/4 11492/3/4
f 11492/3/4 11490/3/4 11493/3/4
f 11491/3/4 11492/3/4 11495/3/4
f 11495/3/4 11492/3/4 11496/3/4
f 11494/3/4 11495/3/4 11498/3/4
f 11498/3/4 11495/3/4 11499/3/4
f 11497/3/4 11498/3/4 11501/3/4
f 11501/3/4 11498/3/4 11502/3/4
f 11500/3/4 11501/3/4 11504/3/4
f 11504/3/4 11501/3/4 11505/3/4
f 11503/3/4 11504/3/4 11506/3/4
f 11506/3/4 11504/3/4 11507/3/4
f 11508/3/4 11509/3/4 11510/3/4
f 11510/3/4 11509/3/4 11511/3/4
f 11512/1/4 11513/1/4 11514/1/4
f 11514/1/4 11513/1/4 11515/1/4
f 11516/1/4 11517/1/4 11518/1/4
f 11518/1/4 11517/1/4 11519/1/4
f 11520/1/4 11521/1/4 11522/1/4
f 11522/1/4 11521/1/4 11523/1/4
f 11524/2/4 11525/2/4 11526/2/4
f 11526/2/4 11525/2/4 11527/2/4
f 11528/3/4 11529/3/4 11530/3/4
f 11530/3/4 11529/3/4 11531/3/4
f 11532/3/4 11533/3/4 11534/3/4
f 11534/3/4 11533/3/4 11535/3/4
f 11536/1/4 11537/1/4 11538/1/4
f 11538/1/4 11537/1/4 11539/1/4
f 11539/1/4 11540/1/4 11541/1/4
f 11541/1/4 11540/1/4 11542/1/4
f 11542/1/4 11543/1/4 11544/1/4
f 11544/1/4 11543/1/4 11545/1/4
f 11545/1/4 11546/1/4 11547/1/4
f 11547/1/4 11546/1/4 11548/1/4
f 11548/1/4 11549/1/4 11550/1/4
f 11550/1/4 11549/1/4 11551/1/4
f 11550/3/4 11551/3/4 11553/3/4
f 11553/3/4 11551/3/4 11554/3/4
f 11552/3/4 11553/3/4 11556/3/4
f 11556/3/4 11553/3/4 11557/3/4
f 11555/3/4 11556/3/4 11559/3/4
f 11559/3/4 11556/3/4 11560/3/4
f 11558/3/4 11559/3/4 11562/3/4
f 11562/3/4 11559/3/4 11563/3/4
f 11561/3/4 11562/3/4 11564/3/4
f 11564/3/4 11562/3/4 11565/3/4
f 11566/3/4 11567/3/4 11568/3/4
f 11568/3/4 11567/3/4 11569/3/4
f 11570/1/4 11571/1/4 11572/1/4
f 11572/1/4 11571/1/4 11573/1/4
f 11574/2/4 11575/2/4 11576/2/4
f 11576/2/4 11575/2/4 11577/2/4
f 11578/3/4 11579/3/4 11580/3/4
f 11580/3/4 11579/3/4 11581/3/4
f 11582/3/4 11583/3/4 11584/3/4
f 11584/3/4 11583/3/4 11585/3/4
f 11586/3/4 11587/3/4 11588/3/4
f 11588/3/4 11587/3/4 11589/3/4
f 11589/3/4 11587/3/4 11590/3/4
f 11591/1/4 11592/1/4 11593/1/4
f 11593/1/4 11592/1/4 11594/1/4
f 11595/1/4 11596/1/4 11597/1/4
f 11597/1/4 11596/1/4 11598/1/4
f 11598/1/4 11599/1/4 11600/1/4
f 11600/1/4 11599/1/4 11601/1/4
f 11601/1/4 11602/1/4 11603/1/4
f 11603/1/4 11602/1/4 11604/1/4
f 11603/3/4 11604/3/4 11606/3/4
f 11606/3/4 11604/3/4 11607/3/4
f 11605/3/4 11606/3/4 11609/3/4
f 11609/3/4 11606/3/4 11610/3/4
f 11608/3/4 11609/3/4 11611/3/4
f 11611/3/4 11609/3/4 11612/3/4
f 11613/3/4 11614/3/4 11615/3/4
f 11615/3/4 11614/3/4 11616/3/4
f 11617/3/4 11618/3/4 11619/3/4
f 11619/3/4 11618/3/4 11620/3/4
f 11621/1/4 11622/1/4 11623/1/4
f 11623/1/4 11622/1/4 11624/1/4
f 11625/1/4 11626/1/4 11627/1/4
f 11627/1/4 11626/1/4 11628/1/4
f 11629/2/4 11630/2/4 11631/2/4
f 11631/2/4 11630/2/4 11632/2/4
f 11633/2/4 11634/2/4 11635/2/4
f 11635/2/4 11634/2/4 11636/2/4
f 11636/2/4 11634/2/4 11637/2/4
f 11638/3/4 11639/3/4 11640/3/4
f 11640/3/4 11639/3/4 11641/3/4
f 11642/3/4 11643/3/4 11644/3/4
f 11644/3/4 11643/3/4 11645/3/4
f 11645/3/4 11643/3/4 11646/3/4
f 11645/1/4 11646/1/4 11647/1/4
f 11647/1/4 11646/1/4 11648/1/4
f 11649/1/4 11650/1/4 11651/1/4
f 11651/1/4 11650/1/4 11652/1/4
f 11653/1/4 11654/1/4 11655/1/4
f 11655/1/4 11654/1/4 11656/1/4
f 11656/1/4 11657/1/4 11658/1/4
f 11658/1/4 11657/1/4 11659/1/4
f 11658/3/4 11659/3/4 11661/3/4
f 11661/3/4 11659/3/4 11662/3/4
f 11660/3/4 11661/3/4 11663/3/4
f 11663/3/4 11661/3/4 11664/3/4
f 11665/3/4 11666/3/4 11667/3/4
f 11667/3/4 11666/3/4 11668/3/4
f 11669/3/4 11670/3/4 11673/3/4
f 11673/3/4 11670/3/4 11674/3/4
f 11671/3/4 11672/3/4 11675/3/4
f 11675/3/4 11672/3/4 11676/3/4
f 11676/3/4 11672/3/4 11677/3/4
f 11678/2/4 11679/2/4 11681/2/4
f 11679/2/4 11680/2/4 11681/2/4
f 11681/2/4 11680/2/4 11682/2/4
f 11683/2/4 11684/2/4 11685/2/4
f 11685/2/4 11684/2/4 11686/2/4
f 11686/2/4 11684/2/4 11687/2/4
f 11688/3/4 11689/3/4 11690/3/4
f 11690/3/4 11689/3/4 11691/3/4
f 11692/3/4 11693/3/4 11694/3/4
f 11694/3/4 11693/3/4 11695/3/4
f 11694/1/4 11695/1/4 11697/1/4
f 11695/3/4 11696/3/4 11698/3/4
f 11697/1/4 11695/1/4 11698/1/4
f 11698/3/4 11696/3/4 11699/3/4
f 11698/1/4 11699/1/4 11700/1/4
f 11700/1/4 11699/1/4 11701/1/4
f 11702/1/4 11703/1/4 11704/1/4
f 11704/1/4 11703/1/4 11705/1/4
f 11706/1/4 11707/1/4 11708/1/4
f 11708/1/4 11707/1/4 11709/1/4
f 11710/1/4 11711/1/4 11712/1/4
f 11712/1/4 11711/1/4 11713/1/4
f 11712/3/4 11713/3/4 11714/3/4
f 11714/3/4 11713/3/4 11715/3/4
f 11716/3/4 11717/3/4 11718/3/4
f 11718/3/4 11717/3/4 11719/3/4
f 11720/3/4 11721/3/4 11722/3/4
f 11722/3/4 11721/3/4 11723/3/4
f 11724/3/4 11725/3/4 11727/3/4
f 11726/3/4 11727/3/4 11728/3/4
f 11727/3/4 11725/3/4 11729/3/4
f 11728/3/4 11727/3/4 11729/3/4
f 11729/3/4 11725/3/4 11730/3/4
f 11731/1/4 11732/1/4 11733/1/4
f 11731/1/4 11733/1/4 11734/1/4
f 11734/1/4 11733/1/4 11735/1/4
f 11736/2/4 11737/2/4 11739/2/4
f 11737/2/4 11738/2/4 11739/2/4
f 11739/2/4 11738/2/4 11740/2/4
f 11741/2/4 11742/2/4 11743/2/4
f 11743/2/4 11742/2/4 11744/2/4
f 11745/3/4 11746/3/4 11749/3/4
f 11749/3/4 11746/3/4 11750/3/4
f 11747/3/4 11748/3/4 11751/3/4
f 11751/3/4 11748/3/4 11752/3/4
f 11752/3/4 11748/3/4 11753/3/4
f 11754/1/4 11755/1/4 11756/1/4
f 11756/1/4 11755/1/4 11757/1/4
f 11757/1/4 11758/1/4 11759/1/4
f 11759/1/4 11758/1/4 11760/1/4
f 11761/1/4 11762/1/4 11763/1/4
f 11763/1/4 11762/1/4 11764/1/4
f 11763/3/4 11764/3/4 11765/3/4
f 11765/3/4 11764/3/4 11766/3/4
f 11767/3/4 11768/3/4 11770/3/4
f 11770/3/4 11768/3/4 11771/3/4
f 11769/3/4 11770/3/4 11772/3/4
f 11772/3/4 11770/3/4 11773/3/4
f 11774/3/4 11775/3/4 11776/3/4
f 11776/3/4 11775/3/4 11777/3/4
f 11777/3/4 11775/3/4 11778/3/4
f 11779/2/4 11780/2/4 11781/2/4
f 11781/2/4 11780/2/4 11782/2/4
f 11783/2/4 11784/2/4 11785/2/4
f 11785/2/4 11784/2/4 11786/2/4
f 11787/1/4 11788/1/4 11789/1/4
f 11789/1/4 11788/1/4 11790/1/4
f 11791/1/4 11792/1/4 11793/1/4
f 11793/1/4 11792/1/4 11794/1/4
f 11795/1/4 11796/1/4 11797/1/4
f 11797/1/4 11796/1/4 11798/1/4
f 11799/1/4 11800/1/4 11801/1/4
f 11801/1/4 11800/1/4 11802/1/4
f 11801/3/4 11802/3/4 11803/3/4
f 11803/3/4 11802/3/4 11804/3/4
f 11805/3/4 11806/3/4 11807/3/4
f 11807/3/4 11806/3/4 11808/3/4
f 11809/3/4 11810/3/4 11811/3/4
f 11811/3/4 11810/3/4 11812/3/4
f 11813/3/4 11814/3/4 11815/3/4
f 11815/3/4 11814/3/4 11816/3/4
f 11817/2/4 11818/2/4 11819/2/4
f 11819/2/4 11818/2/4 11820/2/4
f 11821/2/4 11822/2/4 11823/2/4
f 11823/2/4 11822/2/4 11824/2/4
f 11824/2/4 11822/2/4 11825/2/4
f 11826/1/4 11827/1/4 11828/1/4
f 11828/1/4 11827/1/4 11829/1/4
f 11830/1/4 11831/1/4 11832/1/4
f 11832/1/4 11831/1/4 11833/1/4
f 11833/1/4 11834/1/4 11835/1/4
f 11835/1/4 11834/1/4 11836/1/4
f 11837/1/4 11838/1/4 11839/1/4
f 11839/1/4 11838/1/4 11840/1/4
f 11841/1/4 11842/1/4 11843/1/4
f 11843/1/4 11842/1/4 11844/1/4
f 11845/3/4 11846/3/4 11847/3/4
f 11847/3/4 11846/3/4 11848/3/4
f 11849/3/4 11850/3/4 11851/3/4
f 11851/3/4 11850/3/4 11852/3/4
f 11853/3/4 11854/3/4 11856/3/4
f 11856/3/4 11854/3/4 11857/3/4
f 11855/3/4 11856/3/4 11858/3/4
f 11858/3/4 11856/3/4 11859/3/4
f 11860/3/4 11861/3/4 11862/3/4
f 11862/3/4 11861/3/4 11863/3/4
f 11864/2/4 11865/2/4 11867/2/4
f 11865/2/4 11866/2/4 11867/2/4
f 11867/2/4 11866/2/4 11868/2/4
f 11869/2/4 11870/2/4 11871/2/4
f 11871/2/4 11870/2/4 11872/2/4
f 11872/2/4 11870/2/4 11873/2/4
f 11874/1/4 11875/1/4 11876/1/4
f 11876/1/4 11875/1/4 11877/1/4
f 11878/1/4 11879/1/4 11880/1/4
f 11880/1/4 11879/1/4 11881/1/4
f 11881/1/4 11882/1/4 11883/1/4
f 11883/1/4 11882/1/4 11884/1/4
f 11885/1/4 11886/1/4 11887/1/4
f 11887/1/4 11886/1/4 11888/1/4
f 11887/3/4 11888/3/4 11889/3/4
f 11889/3/4 11888/3/4 11890/3/4
f 11891/3/4 11892/3/4 11894/3/4
f 11894/3/4 11892/3/4 11895/3/4
f 11893/3/4 11894/3/4 11896/3/4
f 11896/3/4 11894/3/4 11897/3/4
f 11898/3/4 11899/3/4 11900/3/4
f 11900/3/4 11899/3/4 11901/3/4
f 11902/2/4 11903/2/4 11905/2/4
f 11903/2/4 11904/2/4 11905/2/4
f 11905/2/4 11904/2/4 11906/2/4
f 11907/2/4 11908/2/4 11909/2/4
f 11909/2/4 11908/2/4 11910/2/4
f 11911/1/4 11912/1/4 11913/1/4
f 11913/1/4 11912/1/4 11914/1/4
f 11915/1/4 11916/1/4 11917/1/4
f 11917/1/4 11916/1/4 11918/1/4
f 11919/3/4 11920/3/4 11921/3/4
f 11921/3/4 11920/3/4 11922/3/4
f 11923/3/4 11924/3/4 11925/3/4
f 11925/3/4 11924/3/4 11926/3/4
f 11927/2/4 11928/2/4 11929/2/4
f 11929/2/4 11928/2/4 11930/2/4
f 11931/2/4 11932/2/4 11933/2/4
f 11933/2/4 11932/2/4 11934/2/4
f 11935/1/4 11936/1/4 11937/1/4
f 11937/1/4 11936/1/4 11938/1/4
f 11939/3/4 11940/3/4 11941/3/4
f 11941/3/4 11940/3/4 11942/3/4
f 11943/2/4 11944/2/4 11945/2/4
f 11945/2/4 11944/2/4 11946/2/4
f 11947/2/4 11948/2/4 11949/2/4
f 11949/2/4 11948/2/4 11950/2/4
f 11950/2/4 11948/2/4 11951/2/4
f 11951/2/4 11952/2/4 11953/2/4
f 11950/2/4 11951/2/4 11953/2/4
f 11953/2/4 11952/2/4 11954/2/4
f 11955/1/4 11956/1/4 11957/1/4
f 11957/1/4 11956/1/4 11958/1/4
f 11959/1/4 11960/1/4 11961/1/4
f 11961/1/4 11960/1/4 11962/1/4
f 11961/3/4 11962/3/4 11963/3/4
f 11963/3/4 11962/3/4 11964/3/4
f 11965/3/4 11966/3/4 11967/3/4
f 11967/3/4 11966/3/4 11968/3/4
f 11969/2/4 11970/2/4 11972/2/4
f 11972/2/4 11970/2/4 11973/2/4
f 11973/2/4 11970/2/4 11974/2/4
f 11971/2/4 11972/2/4 11975/2/4
f 11972/2/4 11973/2/4 11975/2/4
f 11975/2/4 11973/2/4 11976/2/4
f 11977/2/4 11978/2/4 11979/2/4
f 11979/2/4 11978/2/4 11980/2/4
f 11980/2/4 11978/2/4 11981/2/4
f 11982/1/4 11983/1/4 11984/1/4
f 11984/1/4 11983/1/4 11985/1/4
f 11986/3/4 11987/3/4 11988/3/4
f 11988/3/4 11987/3/4 11989/3/4
f 11990/2/4 11991/2/4 11993/2/4
f 11991/2/4 11992/2/4 11993/2/4
f 11993/2/4 11992/2/4 11994/2/4
f 11995/2/4 11996/2/4 11997/2/4
f 11997/2/4 11996/2/4 11998/2/4
f 11998/2/4 11996/2/4 11999/2/4
f 12000/2/4 12001/2/4 12003/2/4
f 12001/2/4 12002/2/4 12003/2/4
f 12003/2/4 12002/2/4 12004/2/4
f 12005/2/4 12006/2/4 12008/2/4
f 12008/2/4 12006/2/4 12009/2/4
f 12009/2/4 12006/2/4 12010/2/4
f 12007/2/4 12008/2/4 12011/2/4
f 12008/2/4 12009/2/4 12011/2/4
f 12011/2/4 12009/2/4 12012/2/4
f 12012/2/4 12009/2/4 12014/2/4
f 12013/2/4 12014/2/4 12015/2/4
f 12014/2/4 12009/2/4 12016/2/4
f 12015/2/4 12014/2/4 12016/2/4
f 12016/2/4 12009/2/4 12017/2/4
f 12017/2/4 12018/2/4 12019/2/4
f 12016/2/4 12017/2/4 12019/2/4
f 12019/2/4 12018/2/4 12020/2/4
f 12025/2/5 12022/2/5 12021/2/5
f 12026/2/5 12022/2/5 12025/2/5
f 12027/2/5 12024/2/5 12023/2/5
f 12028/2/5 12024/2/5 12027/2/5
f 12034/2/5 12030/2/5 12029/2/5
f 12035/2/5 12030/2/5 12034/2/5
f 12036/2/5 12032/2/5 12031/2/5
f 12037/2/5 12032/2/5 12036/2/5
f 12040/2/5 12034/2/5 12033/2/5
f 12041/2/5 12034/2/5 12040/2/5
f 12042/2/5 12038/2/5 12037/2/5
f 12043/2/5 12038/2/5 12042/2/5
f 12045/2/5 12040/2/5 12039/2/5
f 12046/2/5 12040/2/5 12045/2/5
f 12047/2/5 12044/2/5 12043/2/5
f 12048/2/5 12044/2/5 12047/2/5
f 12054/2/5 12050/2/5 12049/2/5
f 12055/2/5 12050/2/5 12054/2/5
f 12056/2/5 12052/2/5 12051/2/5
f 12057/2/5 12052/2/5 12056/2/5
f 12060/2/5 12054/2/5 12053/2/5
f 12061/2/5 12054/2/5 12060/2/5
f 12062/2/5 12058/2/5 12057/2/5
f 12063/2/5 12058/2/5 12062/2/5
f 12065/2/5 12060/2/5 12059/2/5
f 12066/2/5 12060/2/5 12065/2/5
f 12067/2/5 12064/2/5 12063/2/5
f 12068/2/5 12064/2/5 12067/2/5
f 12073/2/5 12070/2/5 12069/2/5
f 12074/2/5 12070/2/5 12073/2/5
f 12075/2/5 12072/2/5 12071/2/5
f 12076/2/5 12072/2/5 12075/2/5
f 12081/2/5 12078/2/5 12077/2/5
f 12082/2/5 12078/2/5 12081/2/5
f 12083/2/5 12080/2/5 12079/2/5
f 12084/2/5 12080/2/5 12083/2/5
f 12089/2/5 12086/2/5 12085/2/5
f 12090/2/5 12086/2/5 12089/2/5
f 12093/2/5 12088/2/5 12087/2/5
f 12094/2/5 12088/2/5 12093/2/5
f 12095/2/5 12091/2/5 12090/2/5
f 12096/2/5 12091/2/5 12095/2/5
f 12099/2/5 12093/2/5 12092/2/5
f 12100/2/5 12093/2/5 12099/2/5
f 12101/2/5 12097/2/5 12096/2/5
f 12102/2/5 12097/2/5 12101/2/5
f 12103/2/5 12099/2/5 12098/2/5
f 12104/2/5 12099/2/5 12103/2/5
f 12109/2/5 12106/2/5 12105/2/5
f 12110/2/5 12106/2/5 12109/2/5
f 12113/2/5 12108/2/5 12107/2/5
f 12114/2/5 12108/2/5 12113/2/5
f 12115/2/5 12111/2/5 12110/2/5
f 12116/2/5 12111/2/5 12115/2/5
f 12119/2/5 12113/2/5 12112/2/5
f 12120/2/5 12113/2/5 12119/2/5
f 12121/2/5 12117/2/5 12116/2/5
f 12122/2/5 12117/2/5 12121/2/5
f 12123/2/5 12119/2/5 12118/2/5
f 12124/2/5 12119/2/5 12123/2/5
f 12129/2/5 12126/2/5 12125/2/5
f 12130/2/5 12126/2/5 12129/2/5
f 12131/2/5 12128/2/5 12127/2/5
f 12132/2/5 12128/2/5 12131/2/5
f 12139/2/5 12134/2/5 12133/2/5
f 12140/2/5 12134/2/5 12139/2/5
f 12141/2/5 12136/2/5 12135/2/5
f 12142/2/5 12136/2/5 12141/2/5
f 12143/2/5 12138/2/5 12137/2/5
f 12144/2/5 12138/2/5 12143/2/5
f 12147/1/5 12142/1/5 12141/1/5
f 12147/1/5 12141/1/5 12140/1/5
f 12147/1/5 12143/1/5 12142/1/5
f 12148/1/5 12143/1/5 12147/1/5
f 12152/2/5 12146/2/5 12145/2/5
f 12153/2/5 12146/2/5 12152/2/5
f 12154/2/5 12150/2/5 12149/2/5
f 12155/2/5 12150/2/5 12154/2/5
f 12158/2/5 12152/2/5 12151/2/5
f 12159/2/5 12152/2/5 12158/2/5
f 12160/2/5 12156/2/5 12155/2/5
f 12161/2/5 12156/2/5 12160/2/5
f 12164/1/5 12158/1/5 12157/1/5
f 12165/1/5 12158/1/5 12164/1/5
f 12166/3/5 12162/3/5 12161/3/5
f 12167/3/5 12162/3/5 12166/3/5
f 12171/1/5 12164/1/5 12163/1/5
f 12172/1/5 12164/1/5 12171/1/5
f 12173/3/5 12168/3/5 12167/3/5
f 12174/3/5 12168/3/5 12173/3/5
f 12177/2/5 12170/2/5 12169/2/5
f 12178/1/5 12171/1/5 12170/1/5
f 12178/2/5 12170/2/5 12177/2/5
f 12179/1/5 12171/1/5 12178/1/5
f 12180/3/5 12175/3/5 12174/3/5
f 12181/2/5 12176/2/5 12175/2/5
f 12181/3/5 12175/3/5 12180/3/5
f 12182/2/5 12176/2/5 12181/2/5
f 12187/2/5 12184/2/5 12183/2/5
f 12188/2/5 12184/2/5 12187/2/5
f 12189/2/5 12186/2/5 12185/2/5
f 12190/2/5 12186/2/5 12189/2/5
f 12192/3/5 12188/3/5 12187/3/5
f 12193/3/5 12188/3/5 12192/3/5
f 12194/1/5 12190/1/5 12189/1/5
f 12195/1/5 12190/1/5 12194/1/5
f 12198/3/5 12192/3/5 12191/3/5
f 12199/3/5 12192/3/5 12198/3/5
f 12200/1/5 12196/1/5 12195/1/5
f 12201/1/5 12196/1/5 12200/1/5
f 12204/3/5 12198/3/5 12197/3/5
f 12205/3/5 12198/3/5 12204/3/5
f 12206/1/5 12202/1/5 12201/1/5
f 12207/1/5 12202/1/5 12206/1/5
f 12210/2/5 12204/2/5 12203/2/5
f 12211/2/5 12204/2/5 12210/2/5
f 12212/2/5 12208/2/5 12207/2/5
f 12213/2/5 12208/2/5 12212/2/5
f 12215/2/5 12210/2/5 12209/2/5
f 12216/2/5 12210/2/5 12215/2/5
f 12217/2/5 12214/2/5 12213/2/5
f 12218/2/5 12214/2/5 12217/2/5
f 12223/2/5 12220/2/5 12219/2/5
f 12224/2/5 12220/2/5 12223/2/5
f 12226/2/5 12222/2/5 12221/2/5
f 12227/2/5 12222/2/5 12226/2/5
f 12229/1/5 12225/1/5 12224/1/5
f 12232/2/5 12229/2/5 12228/2/5
f 12233/1/5 12225/1/5 12229/1/5
f 12233/2/5 12229/2/5 12232/2/5
f 12234/2/5 12231/2/5 12230/2/5
f 12235/2/5 12231/2/5 12234/2/5
f 12237/1/5 12225/1/5 12233/1/5
f 12238/1/5 12225/1/5 12237/1/5
f 12241/2/5 12237/2/5 12236/2/5
f 12242/2/5 12237/2/5 12241/2/5
f 12243/2/5 12240/2/5 12239/2/5
f 12244/2/5 12240/2/5 12243/2/5
f 12249/2/5 12246/2/5 12245/2/5
f 12250/2/5 12246/2/5 12249/2/5
f 12253/2/5 12248/2/5 12247/2/5
f 12254/2/5 12248/2/5 12253/2/5
f 12255/2/5 12251/2/5 12250/2/5
f 12256/2/5 12251/2/5 12255/2/5
f 12259/2/5 12253/2/5 12252/2/5
f 12260/2/5 12253/2/5 12259/2/5
f 12261/3/5 12257/3/5 12256/3/5
f 12262/3/5 12257/3/5 12261/3/5
f 12265/1/5 12259/1/5 12258/1/5
f 12266/1/5 12259/1/5 12265/1/5
f 12267/3/5 12263/3/5 12262/3/5
f 12268/3/5 12263/3/5 12267/3/5
f 12271/1/5 12265/1/5 12264/1/5
f 12272/1/5 12265/1/5 12271/1/5
f 12273/3/5 12269/3/5 12268/3/5
f 12274/3/5 12269/3/5 12273/3/5
f 12275/2/5 12271/2/5 12270/2/5
f 12276/2/5 12274/2/5 12273/2/5
f 12277/2/5 12274/2/5 12276/2/5
f 12278/2/5 12275/2/5 12270/2/5
f 12279/2/5 12275/2/5 12278/2/5
f 12286/2/5 12281/2/5 12280/2/5
f 12287/1/5 12282/1/5 12281/1/5
f 12287/2/5 12281/2/5 12286/2/5
f 12288/1/5 12282/1/5 12287/1/5
f 12291/3/5 12284/3/5 12283/3/5
f 12292/2/5 12285/2/5 12284/2/5
f 12292/3/5 12284/3/5 12291/3/5
f 12293/2/5 12285/2/5 12292/2/5
f 12294/1/5 12289/1/5 12288/1/5
f 12295/1/5 12289/1/5 12294/1/5
f 12298/3/5 12291/3/5 12290/3/5
f 12299/3/5 12291/3/5 12298/3/5
f 12300/1/5 12296/1/5 12295/1/5
f 12301/1/5 12296/1/5 12300/1/5
f 12304/3/5 12298/3/5 12297/3/5
f 12305/3/5 12298/3/5 12304/3/5
f 12306/2/5 12302/2/5 12301/2/5
f 12307/2/5 12302/2/5 12306/2/5
f 12310/2/5 12304/2/5 12303/2/5
f 12311/2/5 12304/2/5 12310/2/5
f 12312/2/5 12308/2/5 12307/2/5
f 12313/2/5 12308/2/5 12312/2/5
f 12314/2/5 12310/2/5 12309/2/5
f 12315/2/5 12310/2/5 12314/2/5
f 12322/2/5 12317/2/5 12316/2/5
f 12323/2/5 12317/2/5 12322/2/5
f 12324/2/5 12319/2/5 12318/2/5
f 12325/2/5 12319/2/5 12324/2/5
f 12326/2/5 12321/2/5 12320/2/5
f 12327/2/5 12321/2/5 12326/2/5
f 12334/2/5 12329/2/5 12328/2/5
f 12335/1/5 12330/1/5 12329/1/5
f 12335/2/5 12329/2/5 12334/2/5
f 12336/1/5 12330/1/5 12335/1/5
f 12338/3/5 12332/3/5 12331/3/5
f 12339/2/5 12333/2/5 12332/2/5
f 12339/3/5 12332/3/5 12338/3/5
f 12340/2/5 12333/2/5 12339/2/5
f 12341/1/5 12337/1/5 12336/1/5
f 12341/1/5 12336/1/5 12335/1/5
f 12342/1/5 12337/1/5 12341/1/5
f 12343/3/5 12338/3/5 12337/3/5
f 12343/1/5 12337/1/5 12342/1/5
f 12343/3/5 12339/3/5 12338/3/5
f 12344/3/5 12339/3/5 12343/3/5
f 12345/3/5 12339/3/5 12344/3/5
f 12348/1/5 12343/1/5 12342/1/5
f 12348/1/5 12344/1/5 12343/1/5
f 12349/1/5 12344/1/5 12348/1/5
f 12350/1/5 12344/1/5 12349/1/5
f 12351/1/5 12344/1/5 12350/1/5
f 12355/1/5 12347/1/5 12346/1/5
f 12356/1/5 12350/1/5 12349/1/5
f 12357/1/5 12350/1/5 12356/1/5
f 12358/3/5 12353/3/5 12352/3/5
f 12361/1/5 12355/1/5 12354/1/5
f 12362/1/5 12347/1/5 12355/1/5
f 12362/1/5 12355/1/5 12361/1/5
f 12363/1/5 12347/1/5 12362/1/5
f 12364/3/5 12359/3/5 12358/3/5
f 12364/3/5 12358/3/5 12352/3/5
f 12365/3/5 12359/3/5 12364/3/5
f 12366/3/5 12359/3/5 12365/3/5
f 12371/1/5 12362/1/5 12361/1/5
f 12371/1/5 12361/1/5 12360/1/5
f 12372/3/5 12367/3/5 12366/3/5
f 12372/3/5 12366/3/5 12365/3/5
f 12377/2/5 12369/2/5 12368/2/5
f 12378/1/5 12371/1/5 12370/1/5
f 12378/1/5 12370/1/5 12369/1/5
f 12378/2/5 12369/2/5 12377/2/5
f 12379/1/5 12362/1/5 12371/1/5
f 12379/1/5 12371/1/5 12378/1/5
f 12380/1/5 12362/1/5 12379/1/5
f 12381/3/5 12372/3/5 12365/3/5
f 12381/3/5 12373/3/5 12372/3/5
f 12381/3/5 12374/3/5 12373/3/5
f 12382/3/5 12374/3/5 12381/3/5
f 12383/2/5 12375/2/5 12374/2/5
f 12383/3/5 12374/3/5 12382/3/5
f 12384/2/5 12375/2/5 12383/2/5
f 12387/2/5 12377/2/5 12376/2/5
f 12388/2/5 12377/2/5 12387/2/5
f 12389/1/5 12379/1/5 12378/1/5
f 12390/1/5 12379/1/5 12389/1/5
f 12391/3/5 12383/3/5 12382/3/5
f 12392/2/5 12385/2/5 12384/2/5
f 12393/2/5 12385/2/5 12392/2/5
f 12395/2/5 12387/2/5 12386/2/5
f 12396/2/5 12387/2/5 12395/2/5
f 12397/3/5 12390/3/5 12389/3/5
f 12398/1/5 12379/1/5 12390/1/5
f 12398/3/5 12390/3/5 12397/3/5
f 12399/1/5 12379/1/5 12398/1/5
f 12400/1/5 12379/1/5 12399/1/5
f 12401/3/5 12391/3/5 12382/3/5
f 12401/3/5 12392/3/5 12391/3/5
f 12402/3/5 12392/3/5 12401/3/5
f 12403/3/5 12392/3/5 12402/3/5
f 12404/3/5 12392/3/5 12403/3/5
f 12405/3/5 12392/3/5 12404/3/5
f 12406/2/5 12394/2/5 12393/2/5
f 12407/2/5 12394/2/5 12406/2/5
f 12408/3/5 12397/3/5 12396/3/5
f 12408/3/5 12399/3/5 12398/3/5
f 12408/3/5 12396/3/5 12395/3/5
f 12408/3/5 12398/3/5 12397/3/5
f 12409/3/5 12399/3/5 12408/3/5
f 12410/3/5 12399/3/5 12409/3/5
f 12411/3/5 12403/3/5 12402/3/5
f 12412/3/5 12403/3/5 12411/3/5
f 12413/1/5 12405/1/5 12404/1/5
f 12413/1/5 12407/1/5 12406/1/5
f 12413/1/5 12406/1/5 12405/1/5
f 12414/1/5 12407/1/5 12413/1/5
f 12416/3/5 12409/3/5 12408/3/5
f 12417/3/5 12409/3/5 12416/3/5
f 12418/3/5 12409/3/5 12417/3/5
f 12419/1/5 12413/1/5 12412/1/5
f 12419/1/5 12414/1/5 12413/1/5
f 12420/1/5 12414/1/5 12419/1/5
f 12421/1/5 12414/1/5 12420/1/5
f 12424/3/5 12417/3/5 12416/3/5
f 12424/3/5 12416/3/5 12415/3/5
f 12425/3/5 12417/3/5 12424/3/5
f 12426/3/5 12417/3/5 12425/3/5
f 12427/1/5 12421/1/5 12420/1/5
f 12427/1/5 12422/1/5 12421/1/5
f 12428/1/5 12422/1/5 12427/1/5
f 12429/1/5 12422/1/5 12428/1/5
f 12432/3/5 12425/3/5 12424/3/5
f 12432/3/5 12424/3/5 12423/3/5
f 12433/3/5 12425/3/5 12432/3/5
f 12434/3/5 12425/3/5 12433/3/5
f 12435/1/5 12430/1/5 12429/1/5
f 12435/1/5 12429/1/5 12428/1/5
f 12436/1/5 12430/1/5 12435/1/5
f 12437/1/5 12430/1/5 12436/1/5
f 12439/3/5 12433/3/5 12432/3/5
f 12439/3/5 12432/3/5 12431/3/5
f 12440/3/5 12433/3/5 12439/3/5
f 12441/1/5 12438/1/5 12437/1/5
f 12441/1/5 12437/1/5 12436/1/5
f 12442/1/5 12438/1/5 12441/1/5
f 12447/2/5 12444/2/5 12443/2/5
f 12448/2/5 12444/2/5 12447/2/5
f 12451/2/5 12446/2/5 12445/2/5
f 12452/2/5 12446/2/5 12451/2/5
f 12453/1/5 12449/1/5 12448/1/5
f 12453/1/5 12448/1/5 12447/1/5
f 12455/1/5 12454/1/5 12453/1/5
f 12457/1/5 12453/1/5 12447/1/5
f 12457/1/5 12456/1/5 12455/1/5
f 12457/1/5 12455/1/5 12453/1/5
f 12458/1/5 12456/1/5 12457/1/5
f 12460/1/5 12456/1/5 12458/1/5
f 12461/1/5 12456/1/5 12460/1/5
f 12461/1/5 12460/1/5 12459/1/5
f 12462/1/5 12456/1/5 12461/1/5
f 12463/1/5 12461/1/5 12459/1/5
f 12464/1/5 12461/1/5 12463/1/5
f 12465/1/5 12463/1/5 12459/1/5
f 12466/1/5 12463/1/5 12465/1/5
f 12467/1/5 12463/1/5 12466/1/5
f 12468/3/5 12452/3/5 12451/3/5
f 12468/3/5 12451/3/5 12450/3/5
f 12469/3/5 12452/3/5 12468/3/5
f 12470/3/5 12452/3/5 12469/3/5
f 12471/2/5 12466/2/5 12465/2/5
f 12472/2/5 12466/2/5 12471/2/5
f 12473/2/5 12470/2/5 12469/2/5
f 12474/2/5 12470/2/5 12473/2/5
f 12479/3/5 12476/3/5 12475/3/5
f 12480/3/5 12476/3/5 12479/3/5
f 12481/3/5 12476/3/5 12480/3/5
f 12484/1/5 12478/1/5 12477/1/5
f 12485/1/5 12478/1/5 12484/1/5
f 12486/1/5 12478/1/5 12485/1/5
f 12487/3/5 12482/3/5 12481/3/5
f 12487/3/5 12481/3/5 12480/3/5
f 12488/3/5 12482/3/5 12487/3/5
f 12489/3/5 12482/3/5 12488/3/5
f 12492/1/5 12485/1/5 12484/1/5
f 12492/1/5 12484/1/5 12483/1/5
f 12493/1/5 12485/1/5 12492/1/5
f 12494/1/5 12485/1/5 12493/1/5
f 12495/3/5 12490/3/5 12489/3/5
f 12495/3/5 12489/3/5 12488/3/5
f 12496/3/5 12490/3/5 12495/3/5
f 12497/3/5 12490/3/5 12496/3/5
f 12500/1/5 12493/1/5 12492/1/5
f 12500/1/5 12492/1/5 12491/1/5
f 12501/1/5 12493/1/5 12500/1/5
f 12502/1/5 12493/1/5 12501/1/5
f 12503/3/5 12498/3/5 12497/3/5
f 12503/3/5 12497/3/5 12496/3/5
f 12504/3/5 12498/3/5 12503/3/5
f 12505/3/5 12498/3/5 12504/3/5
f 12508/3/5 12500/3/5 12499/3/5
f 12509/1/5 12501/1/5 12500/1/5
f 12509/3/5 12500/3/5 12508/3/5
f 12510/3/5 12504/3/5 12503/3/5
f 12511/3/5 12504/3/5 12510/3/5
f 12512/3/5 12504/3/5 12511/3/5
f 12513/3/5 12504/3/5 12512/3/5
f 12514/1/5 12506/1/5 12505/1/5
f 12515/1/5 12506/1/5 12514/1/5
f 12518/3/5 12508/3/5 12507/3/5
f 12519/3/5 12508/3/5 12518/3/5
f 12520/1/5 12501/1/5 12509/1/5
f 12521/1/5 12501/1/5 12520/1/5
f 12522/1/5 12501/1/5 12521/1/5
f 12523/2/5 12511/2/5 12510/2/5
f 12524/2/5 12511/2/5 12523/2/5
f 12525/3/5 12513/3/5 12512/3/5
f 12525/3/5 12514/3/5 12513/3/5
f 12526/3/5 12514/3/5 12525/3/5
f 12528/2/5 12522/2/5 12521/2/5
f 12529/2/5 12522/2/5 12528/2/5
f 12530/2/5 12525/2/5 12524/2/5
f 12531/2/5 12525/2/5 12530/2/5
f 12532/3/5 12514/3/5 12526/3/5
f 12533/1/5 12516/1/5 12515/1/5
f 12533/1/5 12515/1/5 12514/1/5
f 12533/3/5 12514/3/5 12532/3/5
f 12534/1/5 12516/1/5 12533/1/5
f 12537/3/5 12519/3/5 12518/3/5
f 12537/3/5 12518/3/5 12517/3/5
f 12537/3/5 12520/3/5 12519/3/5
f 12538/3/5 12520/3/5 12537/3/5
f 12539/2/5 12528/2/5 12527/2/5
f 12540/2/5 12528/2/5 12539/2/5
f 12541/2/5 12532/2/5 12531/2/5
f 12542/1/5 12535/1/5 12534/1/5
f 12542/2/5 12532/2/5 12541/2/5
f 12542/1/5 12534/1/5 12533/1/5
f 12542/1/5 12533/1/5 12532/1/5
f 12543/1/5 12535/1/5 12542/1/5
f 12544/1/5 12535/1/5 12543/1/5
f 12545/3/5 12537/3/5 12536/3/5
f 12545/3/5 12538/3/5 12537/3/5
f 12546/3/5 12538/3/5 12545/3/5
f 12547/2/5 12539/2/5 12538/2/5
f 12547/3/5 12538/3/5 12546/3/5
f 12548/2/5 12539/2/5 12547/2/5
f 12549/1/5 12535/1/5 12544/1/5
f 12550/1/5 12535/1/5 12549/1/5
f 12551/1/5 12535/1/5 12550/1/5
f 12554/3/5 12545/3/5 12536/3/5
f 12555/3/5 12545/3/5 12554/3/5
f 12556/3/5 12545/3/5 12555/3/5
f 12557/1/5 12552/1/5 12551/1/5
f 12557/1/5 12551/1/5 12550/1/5
f 12558/1/5 12552/1/5 12557/1/5
f 12559/3/5 12555/3/5 12554/3/5
f 12559/3/5 12554/3/5 12553/3/5
f 12560/3/5 12555/3/5 12559/3/5
f 12561/1/5 12552/1/5 12558/1/5
f 12562/1/5 12552/1/5 12561/1/5
f 12563/3/5 12559/3/5 12553/3/5
f 12564/3/5 12559/3/5 12563/3/5
f 12569/1/5 12566/1/5 12565/1/5
f 12570/3/5 12567/3/5 12566/3/5
f 12572/2/5 12569/2/5 12568/2/5
f 12573/1/5 12566/1/5 12569/1/5
f 12573/2/5 12569/2/5 12572/2/5
f 12574/3/5 12570/3/5 12566/3/5
f 12574/1/5 12566/1/5 12573/1/5
f 12575/2/5 12571/2/5 12570/2/5
f 12575/3/5 12570/3/5 12574/3/5
f 12576/2/5 12571/2/5 12575/2/5
f 12582/1/5 12578/1/5 12577/1/5
f 12583/1/5 12578/1/5 12582/1/5
f 12586/3/5 12580/3/5 12579/3/5
f 12587/3/5 12580/3/5 12586/3/5
f 12589/1/5 12584/1/5 12583/1/5
f 12589/1/5 12582/1/5 12581/1/5
f 12589/1/5 12583/1/5 12582/1/5
f 12590/1/5 12584/1/5 12589/1/5
f 12591/1/5 12584/1/5 12590/1/5
f 12592/1/5 12584/1/5 12591/1/5
f 12595/3/5 12588/3/5 12587/3/5
f 12595/3/5 12587/3/5 12586/3/5
f 12595/3/5 12586/3/5 12585/3/5
f 12596/3/5 12588/3/5 12595/3/5
f 12597/3/5 12588/3/5 12596/3/5
f 12598/3/5 12588/3/5 12597/3/5
f 12599/1/5 12593/1/5 12592/1/5
f 12599/1/5 12592/1/5 12591/1/5
f 12601/3/5 12596/3/5 12595/3/5
f 12601/3/5 12595/3/5 12594/3/5
f 12603/1/5 12590/1/5 12589/1/5
f 12604/1/5 12600/1/5 12599/1/5
f 12604/1/5 12599/1/5 12591/1/5
f 12605/1/5 12600/1/5 12604/1/5
f 12606/3/5 12601/3/5 12600/3/5
f 12606/1/5 12600/1/5 12605/1/5
f 12607/3/5 12601/3/5 12606/3/5
f 12608/3/5 12596/3/5 12601/3/5
f 12608/3/5 12601/3/5 12607/3/5
f 12609/3/5 12598/3/5 12597/3/5
f 12611/1/5 12603/1/5 12602/1/5
f 12612/1/5 12590/1/5 12603/1/5
f 12612/1/5 12603/1/5 12611/1/5
f 12613/1/5 12606/1/5 12605/1/5
f 12613/1/5 12607/1/5 12606/1/5
f 12614/1/5 12607/1/5 12613/1/5
f 12615/3/5 12609/3/5 12597/3/5
f 12615/3/5 12610/3/5 12609/3/5
f 12616/3/5 12610/3/5 12615/3/5
f 12626/3/5 12618/3/5 12617/3/5
f 12627/3/5 12618/3/5 12626/3/5
f 12628/1/5 12620/1/5 12619/1/5
f 12629/1/5 12620/1/5 12628/1/5
f 12630/3/5 12622/3/5 12621/3/5
f 12631/3/5 12622/3/5 12630/3/5
f 12632/3/5 12624/3/5 12623/3/5
f 12633/3/5 12624/3/5 12632/3/5
f 12635/3/5 12626/3/5 12625/3/5
f 12636/3/5 12626/3/5 12635/3/5
f 12643/3/5 12634/3/5 12633/3/5
f 12644/3/5 12634/3/5 12643/3/5
f 12645/1/5 12638/1/5 12637/1/5
f 12646/1/5 12638/1/5 12645/1/5
f 12647/3/5 12640/3/5 12639/3/5
f 12648/3/5 12640/3/5 12647/3/5
f 12649/3/5 12642/3/5 12641/3/5
f 12650/3/5 12642/3/5 12649/3/5
f 12655/3/5 12652/3/5 12651/3/5
f 12656/3/5 12652/3/5 12655/3/5
f 12657/1/5 12654/1/5 12653/1/5
f 12658/1/5 12654/1/5 12657/1/5
f 12665/3/5 12660/3/5 12659/3/5
f 12666/3/5 12660/3/5 12665/3/5
f 12667/1/5 12662/1/5 12661/1/5
f 12668/1/5 12662/1/5 12667/1/5
f 12673/3/5 12664/3/5 12663/3/5
f 12674/1/5 12670/1/5 12669/1/5
f 12678/3/5 12672/3/5 12671/3/5
f 12678/3/5 12673/3/5 12672/3/5
f 12679/3/5 12673/3/5 12678/3/5
f 12680/3/5 12664/3/5 12673/3/5
f 12680/3/5 12673/3/5 12679/3/5
f 12681/1/5 12676/1/5 12675/1/5
f 12681/1/5 12675/1/5 12674/1/5
f 12681/1/5 12674/1/5 12669/1/5
f 12682/1/5 12676/1/5 12681/1/5
f 12683/1/5 12676/1/5 12682/1/5
f 12685/1/5 12684/1/5 12683/1/5
f 12685/1/5 12683/1/5 12682/1/5
f 12686/1/5 12684/1/5 12685/1/5
f 12687/1/5 12678/1/5 12677/1/5
f 12687/1/5 12679/1/5 12678/1/5
f 12688/1/5 12679/1/5 12687/1/5
f 12689/1/5 12679/1/5 12688/1/5
f 12692/1/5 12685/1/5 12682/1/5
f 12693/3/5 12686/3/5 12685/3/5
f 12693/1/5 12685/1/5 12692/1/5
f 12694/3/5 12686/3/5 12693/3/5
f 12695/1/5 12690/1/5 12689/1/5
f 12695/1/5 12689/1/5 12688/1/5
f 12696/1/5 12690/1/5 12695/1/5
f 12697/1/5 12690/1/5 12696/1/5
f 12698/1/5 12690/1/5 12697/1/5
f 12699/1/5 12690/1/5 12698/1/5
f 12701/1/5 12699/1/5 12698/1/5
f 12701/1/5 12700/1/5 12699/1/5
f 12702/1/5 12700/1/5 12701/1/5
f 12704/1/5 12701/1/5 12698/1/5
f 12706/1/5 12704/1/5 12703/1/5
f 12708/1/5 12706/1/5 12705/1/5
f 12709/1/5 12704/1/5 12706/1/5
f 12709/1/5 12706/1/5 12708/1/5
f 12710/1/5 12701/1/5 12704/1/5
f 12710/1/5 12704/1/5 12709/1/5
f 12711/3/5 12692/3/5 12691/3/5
f 12711/3/5 12693/3/5 12692/3/5
f 12712/3/5 12693/3/5 12711/3/5
f 12713/3/5 12693/3/5 12712/3/5
f 12715/3/5 12714/3/5 12713/3/5
f 12715/1/5 12713/1/5 12712/1/5
f 12716/3/5 12714/3/5 12715/3/5
f 12717/1/5 12708/1/5 12707/1/5
f 12718/3/5 12709/3/5 12708/3/5
f 12718/1/5 12708/1/5 12717/1/5
f 12719/3/5 12709/3/5 12718/3/5
f 12722/1/5 12715/1/5 12712/1/5
f 12722/1/5 12716/1/5 12715/1/5
f 12723/1/5 12716/1/5 12722/1/5
f 12724/1/5 12716/1/5 12723/1/5
f 12725/3/5 12720/3/5 12719/3/5
f 12725/3/5 12719/3/5 12718/3/5
f 12726/3/5 12720/3/5 12725/3/5
f 12727/3/5 12720/3/5 12726/3/5
f 12728/1/5 12723/1/5 12722/1/5
f 12728/1/5 12722/1/5 12721/1/5
f 12729/1/5 12723/1/5 12728/1/5
f 12730/1/5 12723/1/5 12729/1/5
f 12731/3/5 12720/3/5 12727/3/5
f 12732/3/5 12720/3/5 12731/3/5
f 12737/1/5 12728/1/5 12721/1/5
f 12738/1/5 12728/1/5 12737/1/5
f 12739/3/5 12734/3/5 12733/3/5
f 12740/3/5 12734/3/5 12739/3/5
f 12741/1/5 12736/1/5 12735/1/5
f 12742/1/5 12736/1/5 12741/1/5
f 12747/3/5 12744/3/5 12743/3/5
f 12748/3/5 12744/3/5 12747/3/5
f 12749/1/5 12746/1/5 12745/1/5
f 12750/1/5 12746/1/5 12749/1/5
f 12759/3/5 12752/3/5 12751/3/5
f 12760/3/5 12752/3/5 12759/3/5
f 12761/1/5 12754/1/5 12753/1/5
f 12762/1/5 12754/1/5 12761/1/5
f 12763/3/5 12756/3/5 12755/3/5
f 12764/3/5 12756/3/5 12763/3/5
f 12767/3/5 12758/3/5 12757/3/5
f 12768/3/5 12758/3/5 12767/3/5
f 12775/3/5 12766/3/5 12765/3/5
f 12776/3/5 12766/3/5 12775/3/5
f 12777/3/5 12769/3/5 12768/3/5
f 12778/3/5 12769/3/5 12777/3/5
f 12779/1/5 12771/1/5 12770/1/5
f 12780/1/5 12771/1/5 12779/1/5
f 12781/3/5 12773/3/5 12772/3/5
f 12782/3/5 12773/3/5 12781/3/5
f 12783/3/5 12775/3/5 12774/3/5
f 12784/3/5 12775/3/5 12783/3/5
f 12789/1/5 12786/1/5 12785/1/5
f 12790/1/5 12786/1/5 12789/1/5
f 12794/3/5 12788/3/5 12787/3/5
f 12795/3/5 12788/3/5 12794/3/5
f 12796/1/5 12786/1/5 12790/1/5
f 12797/1/5 12786/1/5 12796/1/5
f 12798/1/5 12792/1/5 12791/1/5
f 12799/3/5 12793/3/5 12792/3/5
f 12800/3/5 12794/3/5 12787/3/5
f 12801/3/5 12794/3/5 12800/3/5
f 12802/1/5 12798/1/5 12797/1/5
f 12802/1/5 12797/1/5 12796/1/5
f 12803/1/5 12798/1/5 12802/1/5
f 12804/1/5 12792/1/5 12798/1/5
f 12804/1/5 12798/1/5 12803/1/5
f 12805/3/5 12799/3/5 12792/3/5
f 12805/1/5 12792/1/5 12804/1/5
f 12805/3/5 12801/3/5 12800/3/5
f 12805/3/5 12800/3/5 12799/3/5
f 12806/3/5 12801/3/5 12805/3/5
f 12807/3/5 12801/3/5 12806/3/5
f 12808/3/5 12801/3/5 12807/3/5
f 12809/1/5 12804/1/5 12803/1/5
f 12810/1/5 12804/1/5 12809/1/5
f 12811/3/5 12807/3/5 12806/3/5
f 12812/3/5 12807/3/5 12811/3/5
f 12817/1/5 12814/1/5 12813/1/5
f 12820/3/5 12816/3/5 12815/3/5
f 12822/1/5 12818/1/5 12817/1/5
f 12822/1/5 12817/1/5 12813/1/5
f 12823/1/5 12818/1/5 12822/1/5
f 12824/1/5 12818/1/5 12823/1/5
f 12826/3/5 12820/3/5 12819/3/5
f 12827/3/5 12816/3/5 12820/3/5
f 12827/3/5 12820/3/5 12826/3/5
f 12828/3/5 12816/3/5 12827/3/5
f 12830/1/5 12825/1/5 12824/1/5
f 12830/1/5 12824/1/5 12823/1/5
f 12831/1/5 12825/1/5 12830/1/5
f 12832/3/5 12826/3/5 12825/3/5
f 12832/1/5 12825/1/5 12831/1/5
f 12832/3/5 12827/3/5 12826/3/5
f 12833/3/5 12827/3/5 12832/3/5
f 12834/3/5 12827/3/5 12833/3/5
f 12838/1/5 12822/1/5 12821/1/5
f 12839/1/5 12822/1/5 12838/1/5
f 12840/1/5 12822/1/5 12839/1/5
f 12841/1/5 12832/1/5 12831/1/5
f 12841/1/5 12833/1/5 12832/1/5
f 12842/1/5 12833/1/5 12841/1/5
f 12843/3/5 12829/3/5 12828/3/5
f 12844/3/5 12829/3/5 12843/3/5
f 12845/3/5 12829/3/5 12844/3/5
f 12847/3/5 12836/3/5 12835/3/5
f 12848/3/5 12836/3/5 12847/3/5
f 12850/1/5 12839/1/5 12838/1/5
f 12850/1/5 12838/1/5 12837/1/5
f 12851/1/5 12839/1/5 12850/1/5
f 12852/1/5 12839/1/5 12851/1/5
f 12853/3/5 12846/3/5 12845/3/5
f 12853/3/5 12845/3/5 12844/3/5
f 12854/3/5 12846/3/5 12853/3/5
f 12855/3/5 12846/3/5 12854/3/5
f 12861/1/5 12851/1/5 12850/1/5
f 12861/1/5 12850/1/5 12849/1/5
f 12862/1/5 12851/1/5 12861/1/5
f 12863/3/5 12856/3/5 12855/3/5
f 12863/3/5 12855/3/5 12854/3/5
f 12864/3/5 12856/3/5 12863/3/5
f 12867/3/5 12858/3/5 12857/3/5
f 12868/3/5 12858/3/5 12867/3/5
f 12869/3/5 12860/3/5 12859/3/5
f 12870/3/5 12860/3/5 12869/3/5
f 12871/3/5 12866/3/5 12865/3/5
f 12872/3/5 12866/3/5 12871/3/5
f 12878/3/5 12874/3/5 12873/3/5
f 12879/1/5 12876/1/5 12875/1/5
f 12882/3/5 12878/3/5 12877/3/5
f 12883/3/5 12874/3/5 12878/3/5
f 12883/3/5 12878/3/5 12882/3/5
f 12884/3/5 12874/3/5 12883/3/5
f 12885/1/5 12880/1/5 12879/1/5
f 12885/1/5 12879/1/5 12875/1/5
f 12886/1/5 12880/1/5 12885/1/5
f 12887/1/5 12880/1/5 12886/1/5
f 12889/3/5 12882/3/5 12881/3/5
f 12889/3/5 12883/3/5 12882/3/5
f 12890/3/5 12883/3/5 12889/3/5
f 12891/1/5 12888/1/5 12887/1/5
f 12891/1/5 12887/1/5 12886/1/5
f 12892/1/5 12888/1/5 12891/1/5
f 12894/3/5 12889/3/5 12881/3/5
f 12895/3/5 12889/3/5 12894/3/5
f 12896/1/5 12888/1/5 12892/1/5
f 12897/1/5 12888/1/5 12896/1/5
f 12899/3/5 12894/3/5 12893/3/5
f 12900/3/5 12894/3/5 12899/3/5
f 12901/1/5 12900/1/5 12899/1/5
f 12901/3/5 12894/3/5 12900/3/5
f 12902/3/5 12894/3/5 12901/3/5
f 12903/1/5 12898/1/5 12897/1/5
f 12904/1/5 12898/1/5 12903/1/5
f 12905/1/5 12902/1/5 12901/1/5
f 12905/1/5 12901/1/5 12899/1/5
f 12906/1/5 12902/1/5 12905/1/5
f 12907/1/5 12902/1/5 12906/1/5
f 12910/1/5 12903/1/5 12897/1/5
f 12911/3/5 12904/3/5 12903/3/5
f 12911/1/5 12903/1/5 12910/1/5
f 12912/3/5 12904/3/5 12911/3/5
f 12913/1/5 12908/1/5 12907/1/5
f 12913/1/5 12907/1/5 12906/1/5
f 12914/1/5 12908/1/5 12913/1/5
f 12915/1/5 12908/1/5 12914/1/5
f 12917/1/5 12915/1/5 12914/1/5
f 12917/1/5 12916/1/5 12915/1/5
f 12918/1/5 12916/1/5 12917/1/5
f 12920/1/5 12917/1/5 12914/1/5
f 12922/1/5 12920/1/5 12919/1/5
f 12923/1/5 12917/1/5 12920/1/5
f 12923/1/5 12920/1/5 12922/1/5
f 12924/1/5 12917/1/5 12923/1/5
f 12925/3/5 12910/3/5 12909/3/5
f 12925/3/5 12911/3/5 12910/3/5
f 12926/3/5 12911/3/5 12925/3/5
f 12927/3/5 12911/3/5 12926/3/5
f 12929/3/5 12928/3/5 12927/3/5
f 12929/1/5 12927/1/5 12926/1/5
f 12930/3/5 12928/3/5 12929/3/5
f 12931/3/5 12923/3/5 12922/3/5
f 12931/3/5 12922/3/5 12921/3/5
f 12932/3/5 12923/3/5 12931/3/5
f 12935/1/5 12930/1/5 12929/1/5
f 12935/1/5 12929/1/5 12926/1/5
f 12936/1/5 12930/1/5 12935/1/5
f 12937/3/5 12933/3/5 12932/3/5
f 12940/1/5 12935/1/5 12934/1/5
f 12941/3/5 12938/3/5 12937/3/5
f 12941/3/5 12937/3/5 12932/3/5
f 12942/3/5 12938/3/5 12941/3/5
f 12943/3/5 12938/3/5 12942/3/5
f 12946/1/5 12940/1/5 12939/1/5
f 12947/1/5 12935/1/5 12940/1/5
f 12947/1/5 12940/1/5 12946/1/5
f 12948/1/5 12935/1/5 12947/1/5
f 12949/3/5 12944/3/5 12943/3/5
f 12949/3/5 12943/3/5 12942/3/5
f 12950/3/5 12944/3/5 12949/3/5
f 12951/1/5 12946/1/5 12945/1/5
f 12951/1/5 12947/1/5 12946/1/5
f 12952/1/5 12947/1/5 12951/1/5
f 12953/3/5 12944/3/5 12950/3/5
f 12954/3/5 12944/3/5 12953/3/5
f 12955/1/5 12951/1/5 12945/1/5
f 12956/1/5 12951/1/5 12955/1/5
f 12961/3/5 12958/3/5 12957/3/5
f 12962/3/5 12958/3/5 12961/3/5
f 12967/3/5 12960/3/5 12959/3/5
f 12968/3/5 12960/3/5 12967/3/5
f 12973/1/5 12964/1/5 12963/1/5
f 12974/1/5 12964/1/5 12973/1/5
f 12975/1/5 12964/1/5 12974/1/5
f 12978/3/5 12966/3/5 12965/3/5
f 12979/3/5 12966/3/5 12978/3/5
f 12980/3/5 12966/3/5 12979/3/5
f 12981/3/5 12969/3/5 12968/3/5
f 12981/3/5 12970/3/5 12969/3/5
f 12982/3/5 12970/3/5 12981/3/5
f 12983/3/5 12972/3/5 12971/3/5
f 12984/3/5 12972/3/5 12983/3/5
f 12985/1/5 12976/1/5 12975/1/5
f 12985/1/5 12975/1/5 12974/1/5
f 12986/1/5 12976/1/5 12985/1/5
f 12987/1/5 12976/1/5 12986/1/5
f 12990/3/5 12979/3/5 12978/3/5
f 12990/3/5 12978/3/5 12977/3/5
f 12991/3/5 12979/3/5 12990/3/5
f 12992/3/5 12979/3/5 12991/3/5
f 12993/3/5 12982/3/5 12981/3/5
f 12994/3/5 12982/3/5 12993/3/5
f 12995/3/5 12982/3/5 12994/3/5
f 12999/1/5 12988/1/5 12987/1/5
f 12999/1/5 12987/1/5 12986/1/5
f 13000/1/5 12988/1/5 12999/1/5
f 13001/1/5 12997/1/5 12996/1/5
f 13002/3/5 12998/3/5 12997/3/5
f 13003/3/5 12991/3/5 12990/3/5
f 13003/3/5 12990/3/5 12989/3/5
f 13004/3/5 12991/3/5 13003/3/5
f 13005/1/5 13001/1/5 13000/1/5
f 13005/1/5 12997/1/5 13001/1/5
f 13006/3/5 13003/3/5 13002/3/5
f 13006/1/5 12997/1/5 13005/1/5
f 13006/3/5 13002/3/5 12997/3/5
f 13007/3/5 13003/3/5 13006/3/5
f 13008/1/5 13005/1/5 13000/1/5
f 13009/1/5 13005/1/5 13008/1/5
f 13010/3/5 13003/3/5 13007/3/5
f 13011/3/5 13003/3/5 13010/3/5
f 13016/1/5 13013/1/5 13012/1/5
f 13019/3/5 13015/3/5 13014/3/5
f 13021/1/5 13017/1/5 13016/1/5
f 13021/1/5 13016/1/5 13012/1/5
f 13022/1/5 13017/1/5 13021/1/5
f 13023/1/5 13017/1/5 13022/1/5
f 13024/1/5 13017/1/5 13023/1/5
f 13025/3/5 13019/3/5 13018/3/5
f 13026/3/5 13019/3/5 13025/3/5
f 13027/3/5 13015/3/5 13019/3/5
f 13027/3/5 13019/3/5 13026/3/5
f 13028/3/5 13015/3/5 13027/3/5
f 13031/1/5 13021/1/5 13020/1/5
f 13032/1/5 13025/1/5 13024/1/5
f 13033/1/5 13025/1/5 13032/1/5
f 13034/3/5 13027/3/5 13026/3/5
f 13036/3/5 13029/3/5 13028/3/5
f 13040/1/5 13031/1/5 13030/1/5
f 13042/1/5 13023/1/5 13022/1/5
f 13043/1/5 13023/1/5 13042/1/5
f 13044/1/5 13023/1/5 13043/1/5
f 13045/3/5 13035/3/5 13034/3/5
f 13045/3/5 13034/3/5 13026/3/5
f 13046/3/5 13035/3/5 13045/3/5
f 13047/3/5 13035/3/5 13046/3/5
f 13049/3/5 13037/3/5 13036/3/5
f 13052/3/5 13039/3/5 13038/3/5
f 13053/1/5 13040/1/5 13039/1/5
f 13053/3/5 13039/3/5 13052/3/5
f 13054/1/5 13040/1/5 13053/1/5
f 13055/1/5 13021/1/5 13031/1/5
f 13055/1/5 13040/1/5 13054/1/5
f 13055/1/5 13031/1/5 13040/1/5
f 13056/1/5 13043/1/5 13042/1/5
f 13056/1/5 13042/1/5 13041/1/5
f 13057/1/5 13043/1/5 13056/1/5
f 13058/1/5 13043/1/5 13057/1/5
f 13059/3/5 13048/3/5 13047/3/5
f 13059/3/5 13047/3/5 13046/3/5
f 13060/3/5 13048/3/5 13059/3/5
f 13061/3/5 13048/3/5 13060/3/5
f 13062/3/5 13050/3/5 13049/3/5
f 13062/3/5 13036/3/5 13028/3/5
f 13062/3/5 13049/3/5 13036/3/5
f 13063/3/5 13050/3/5 13062/3/5
f 13065/3/5 13052/3/5 13051/3/5
f 13065/3/5 13054/3/5 13053/3/5
f 13065/3/5 13053/3/5 13052/3/5
f 13066/1/5 13057/1/5 13056/1/5
f 13066/3/5 13054/3/5 13065/3/5
f 13066/1/5 13055/1/5 13054/1/5
f 13066/1/5 13056/1/5 13055/1/5
f 13067/1/5 13057/1/5 13066/1/5
f 13068/1/5 13057/1/5 13067/1/5
f 13069/1/5 13057/1/5 13068/1/5
f 13070/3/5 13061/3/5 13060/3/5
f 13070/3/5 13064/3/5 13063/3/5
f 13070/3/5 13063/3/5 13062/3/5
f 13070/3/5 13062/3/5 13061/3/5
f 13071/3/5 13064/3/5 13070/3/5
f 13072/3/5 13064/3/5 13071/3/5
f 13073/3/5 13064/3/5 13072/3/5
f 13074/3/5 13064/3/5 13073/3/5
f 13075/3/5 13064/3/5 13074/3/5
f 13076/1/5 13068/1/5 13067/1/5
f 13077/1/5 13068/1/5 13076/1/5
f 13078/1/5 13068/1/5 13077/1/5
f 13079/1/5 13068/1/5 13078/1/5
f 13080/3/5 13072/3/5 13071/3/5
f 13081/3/5 13072/3/5 13080/3/5
f 13082/3/5 13074/3/5 13073/3/5
f 13083/1/5 13075/1/5 13074/1/5
f 13083/3/5 13074/3/5 13082/3/5
f 13085/3/5 13065/3/5 13051/3/5
f 13086/3/5 13065/3/5 13085/3/5
f 13087/3/5 13077/3/5 13076/3/5
f 13088/1/5 13078/1/5 13077/1/5
f 13088/3/5 13077/3/5 13087/3/5
f 13089/1/5 13078/1/5 13088/1/5
f 13090/1/5 13078/1/5 13089/1/5
f 13091/3/5 13072/3/5 13081/3/5
f 13092/3/5 13072/3/5 13091/3/5
f 13093/3/5 13072/3/5 13092/3/5
f 13094/3/5 13072/3/5 13093/3/5
f 13096/1/5 13083/1/5 13082/1/5
f 13097/1/5 13075/1/5 13083/1/5
f 13097/1/5 13083/1/5 13096/1/5
f 13100/3/5 13086/3/5 13085/3/5
f 13100/3/5 13087/3/5 13086/3/5
f 13100/3/5 13085/3/5 13084/3/5
f 13101/3/5 13087/3/5 13100/3/5
f 13102/3/5 13089/3/5 13088/3/5
f 13103/3/5 13089/3/5 13102/3/5
f 13104/3/5 13089/3/5 13103/3/5
f 13105/3/5 13093/3/5 13092/3/5
f 13106/3/5 13093/3/5 13105/3/5
f 13107/3/5 13093/3/5 13106/3/5
f 13108/3/5 13095/3/5 13094/3/5
f 13109/1/5 13097/1/5 13096/1/5
f 13109/1/5 13098/1/5 13097/1/5
f 13109/3/5 13095/3/5 13108/3/5
f 13109/1/5 13096/1/5 13095/1/5
f 13110/1/5 13098/1/5 13109/1/5
f 13112/3/5 13101/3/5 13100/3/5
f 13112/3/5 13100/3/5 13099/3/5
f 13112/3/5 13102/3/5 13101/3/5
f 13112/3/5 13103/3/5 13102/3/5
f 13113/3/5 13103/3/5 13112/3/5
f 13114/3/5 13107/3/5 13106/3/5
f 13115/1/5 13108/1/5 13107/1/5
f 13115/3/5 13107/3/5 13114/3/5
f 13115/1/5 13111/1/5 13110/1/5
f 13115/1/5 13110/1/5 13109/1/5
f 13115/1/5 13109/1/5 13108/1/5
f 13116/3/5 13112/3/5 13099/3/5
f 13117/3/5 13112/3/5 13116/3/5
f 13118/1/5 13111/1/5 13115/1/5
f 13119/1/5 13111/1/5 13118/1/5
f 13121/3/5 13116/3/5 13099/3/5
f 13122/3/5 13116/3/5 13121/3/5
f 13123/3/5 13116/3/5 13122/3/5
f 13124/3/5 13116/3/5 13123/3/5
f 13125/1/5 13111/1/5 13119/1/5
f 13126/1/5 13111/1/5 13125/1/5
f 13127/1/5 13111/1/5 13126/1/5
f 13128/1/5 13111/1/5 13127/1/5
f 13131/3/5 13123/3/5 13122/3/5
f 13132/3/5 13123/3/5 13131/3/5
f 13133/3/5 13123/3/5 13132/3/5
f 13134/1/5 13127/1/5 13126/1/5
f 13135/1/5 13127/1/5 13134/1/5
f 13136/1/5 13127/1/5 13135/1/5
f 13138/3/5 13121/3/5 13120/3/5
f 13139/3/5 13121/3/5 13138/3/5
f 13140/3/5 13131/3/5 13130/3/5
f 13140/3/5 13132/3/5 13131/3/5
f 13141/3/5 13132/3/5 13140/3/5
f 13142/3/5 13132/3/5 13141/3/5
f 13143/1/5 13137/1/5 13136/1/5
f 13143/1/5 13136/1/5 13135/1/5
f 13144/1/5 13137/1/5 13143/1/5
f 13145/1/5 13137/1/5 13144/1/5
f 13147/1/5 13139/1/5 13138/1/5
f 13148/1/5 13139/1/5 13147/1/5
f 13149/3/5 13140/3/5 13139/3/5
f 13149/1/5 13139/1/5 13148/1/5
f 13150/1/5 13141/1/5 13140/1/5
f 13150/3/5 13140/3/5 13149/3/5
f 13151/1/5 13141/1/5 13150/1/5
f 13152/1/5 13146/1/5 13145/1/5
f 13152/1/5 13145/1/5 13144/1/5
f 13153/1/5 13146/1/5 13152/1/5
f 13154/1/5 13146/1/5 13153/1/5
f 13155/1/5 13129/1/5 13128/1/5
f 13156/1/5 13129/1/5 13155/1/5
f 13157/1/5 13129/1/5 13156/1/5
f 13158/1/5 13149/1/5 13148/1/5
f 13158/1/5 13150/1/5 13149/1/5
f 13159/1/5 13150/1/5 13158/1/5
f 13160/1/5 13154/1/5 13153/1/5
f 13161/3/5 13156/3/5 13155/3/5
f 13161/1/5 13154/1/5 13160/1/5
f 13161/3/5 13155/3/5 13154/3/5
f 13162/3/5 13156/3/5 13161/3/5
f 13163/1/5 13158/1/5 13148/1/5
f 13164/1/5 13158/1/5 13163/1/5
f 13167/1/5 13165/1/5 13164/1/5
f 13168/1/5 13165/1/5 13167/1/5
f 13169/1/5 13167/1/5 13166/1/5
f 13174/3/5 13156/3/5 13162/3/5
f 13176/1/5 13170/1/5 13169/1/5
f 13176/1/5 13169/1/5 13166/1/5
f 13177/1/5 13170/1/5 13176/1/5
f 13178/3/5 13171/3/5 13170/3/5
f 13178/1/5 13170/1/5 13177/1/5
f 13179/3/5 13171/3/5 13178/3/5
f 13182/1/5 13173/1/5 13172/1/5
f 13183/3/5 13174/3/5 13173/3/5
f 13183/1/5 13173/1/5 13182/1/5
f 13184/3/5 13156/3/5 13174/3/5
f 13184/3/5 13174/3/5 13183/3/5
f 13185/3/5 13156/3/5 13184/3/5
f 13187/3/5 13180/3/5 13179/3/5
f 13187/3/5 13179/3/5 13178/3/5
f 13188/3/5 13180/3/5 13187/3/5
f 13189/3/5 13180/3/5 13188/3/5
f 13192/1/5 13182/1/5 13181/1/5
f 13192/1/5 13183/1/5 13182/1/5
f 13193/1/5 13183/1/5 13192/1/5
f 13194/1/5 13183/1/5 13193/1/5
f 13195/3/5 13186/3/5 13185/3/5
f 13195/1/5 13185/1/5 13184/1/5
f 13196/3/5 13186/3/5 13195/3/5
f 13197/3/5 13190/3/5 13189/3/5
f 13197/3/5 13189/3/5 13188/3/5
f 13198/3/5 13190/3/5 13197/3/5
f 13199/3/5 13190/3/5 13198/3/5
f 13202/1/5 13193/1/5 13192/1/5
f 13202/1/5 13192/1/5 13191/1/5
f 13203/1/5 13193/1/5 13202/1/5
f 13204/1/5 13193/1/5 13203/1/5
f 13205/3/5 13177/3/5 13176/3/5
f 13205/3/5 13176/3/5 13175/3/5
f 13206/3/5 13177/3/5 13205/3/5
f 13207/3/5 13200/3/5 13199/3/5
f 13207/3/5 13199/3/5 13198/3/5
f 13208/3/5 13200/3/5 13207/3/5
f 13211/1/5 13203/1/5 13202/1/5
f 13211/1/5 13202/1/5 13201/1/5
f 13212/1/5 13203/1/5 13211/1/5
f 13213/1/5 13196/1/5 13195/1/5
f 13213/1/5 13195/1/5 13184/1/5
f 13214/1/5 13196/1/5 13213/1/5
f 13215/3/5 13209/3/5 13208/3/5
f 13215/3/5 13208/3/5 13207/3/5
f 13215/3/5 13207/3/5 13206/3/5
f 13218/1/5 13212/1/5 13211/1/5
f 13218/1/5 13211/1/5 13210/1/5
f 13218/1/5 13213/1/5 13212/1/5
f 13219/3/5 13216/3/5 13215/3/5
f 13222/1/5 13218/1/5 13217/1/5
f 13223/1/5 13213/1/5 13218/1/5
f 13223/1/5 13218/1/5 13222/1/5
f 13224/3/5 13220/3/5 13219/3/5
f 13224/3/5 13215/3/5 13206/3/5
f 13224/3/5 13219/3/5 13215/3/5
f 13225/3/5 13220/3/5 13224/3/5
f 13226/3/5 13220/3/5 13225/3/5
f 13227/3/5 13220/3/5 13226/3/5
f 13228/3/5 13220/3/5 13227/3/5
f 13231/3/5 13223/3/5 13222/3/5
f 13231/3/5 13222/3/5 13221/3/5
f 13232/3/5 13223/3/5 13231/3/5
f 13233/1/5 13213/1/5 13223/1/5
f 13233/3/5 13223/3/5 13232/3/5
f 13234/1/5 13213/1/5 13233/1/5
f 13235/1/5 13213/1/5 13234/1/5
f 13236/1/5 13213/1/5 13235/1/5
f 13237/3/5 13226/3/5 13225/3/5
f 13238/3/5 13226/3/5 13237/3/5
f 13239/3/5 13226/3/5 13238/3/5
f 13240/3/5 13226/3/5 13239/3/5
f 13241/1/5 13229/1/5 13228/1/5
f 13241/1/5 13228/1/5 13227/1/5
f 13242/1/5 13229/1/5 13241/1/5
f 13245/3/5 13232/3/5 13231/3/5
f 13245/3/5 13231/3/5 13230/3/5
f 13246/3/5 13232/3/5 13245/3/5
f 13247/3/5 13234/3/5 13233/3/5
f 13248/1/5 13235/1/5 13234/1/5
f 13248/3/5 13234/3/5 13247/3/5
f 13249/1/5 13235/1/5 13248/1/5
f 13250/1/5 13235/1/5 13249/1/5
f 13251/1/5 13235/1/5 13250/1/5
f 13252/3/5 13241/3/5 13240/3/5
f 13253/1/5 13243/1/5 13242/1/5
f 13253/3/5 13241/3/5 13252/3/5
f 13253/1/5 13242/1/5 13241/1/5
f 13254/1/5 13243/1/5 13253/1/5
f 13257/3/5 13247/3/5 13246/3/5
f 13257/3/5 13246/3/5 13245/3/5
f 13257/3/5 13245/3/5 13244/3/5
f 13258/1/5 13250/1/5 13249/1/5
f 13259/1/5 13250/1/5 13258/1/5
f 13260/3/5 13239/3/5 13238/3/5
f 13261/1/5 13255/1/5 13254/1/5
f 13261/1/5 13254/1/5 13253/1/5
f 13261/1/5 13253/1/5 13252/1/5
f 13262/1/5 13255/1/5 13261/1/5
f 13265/3/5 13257/3/5 13256/3/5
f 13266/3/5 13247/3/5 13257/3/5
f 13266/3/5 13257/3/5 13265/3/5
f 13267/3/5 13259/3/5 13258/3/5
f 13268/1/5 13250/1/5 13259/1/5
f 13268/3/5 13259/3/5 13267/3/5
f 13269/1/5 13250/1/5 13268/1/5
f 13270/3/5 13260/3/5 13238/3/5
f 13271/3/5 13260/3/5 13270/3/5
f 13272/1/5 13263/1/5 13262/1/5
f 13272/1/5 13261/1/5 13260/1/5
f 13272/1/5 13262/1/5 13261/1/5
f 13273/1/5 13263/1/5 13272/1/5
f 13274/1/5 13263/1/5 13273/1/5
f 13277/3/5 13267/3/5 13266/3/5
f 13277/3/5 13266/3/5 13265/3/5
f 13277/3/5 13265/3/5 13264/3/5
f 13277/3/5 13268/3/5 13267/3/5
f 13277/3/5 13269/3/5 13268/3/5
f 13278/3/5 13269/3/5 13277/3/5
f 13279/3/5 13269/3/5 13278/3/5
f 13280/3/5 13269/3/5 13279/3/5
f 13281/3/5 13269/3/5 13280/3/5
f 13282/3/5 13260/3/5 13271/3/5
f 13283/1/5 13272/1/5 13260/1/5
f 13283/3/5 13260/3/5 13282/3/5
f 13284/1/5 13272/1/5 13283/1/5
f 13285/1/5 13275/1/5 13274/1/5
f 13285/1/5 13274/1/5 13273/1/5
f 13286/1/5 13275/1/5 13285/1/5
f 13287/1/5 13275/1/5 13286/1/5
f 13290/3/5 13278/3/5 13277/3/5
f 13290/3/5 13277/3/5 13276/3/5
f 13291/3/5 13278/3/5 13290/3/5
f 13292/3/5 13278/3/5 13291/3/5
f 13293/3/5 13280/3/5 13279/3/5
f 13294/3/5 13280/3/5 13293/3/5
f 13295/1/5 13272/1/5 13284/1/5
f 13296/1/5 13272/1/5 13295/1/5
f 13297/1/5 13288/1/5 13287/1/5
f 13297/1/5 13287/1/5 13286/1/5
f 13298/1/5 13288/1/5 13297/1/5
f 13299/3/5 13291/3/5 13290/3/5
f 13299/3/5 13290/3/5 13289/3/5
f 13300/3/5 13291/3/5 13299/3/5
f 13301/3/5 13293/3/5 13279/3/5
f 13302/3/5 13293/3/5 13301/3/5
f 13303/1/5 13272/1/5 13296/1/5
f 13304/1/5 13272/1/5 13303/1/5
f 13305/1/5 13288/1/5 13298/1/5
f 13306/1/5 13288/1/5 13305/1/5
f 13308/3/5 13299/3/5 13289/3/5
f 13309/3/5 13299/3/5 13308/3/5
f 13310/3/5 13301/3/5 13279/3/5
f 13311/3/5 13301/3/5 13310/3/5
f 13312/1/5 13307/1/5 13306/1/5
f 13312/1/5 13305/1/5 13304/1/5
f 13312/1/5 13306/1/5 13305/1/5
f 13313/3/5 13309/3/5 13308/3/5
f 13313/1/5 13307/1/5 13312/1/5
f 13313/3/5 13310/3/5 13309/3/5
f 13313/3/5 13308/3/5 13307/3/5
f 13314/3/5 13310/3/5 13313/3/5
f 13315/1/5 13312/1/5 13304/1/5
f 13316/1/5 13312/1/5 13315/1/5
f 13317/3/5 13310/3/5 13314/3/5
f 13318/3/5 13310/3/5 13317/3/5
f 13327/1/5 13322/1/5 13321/1/5
f 13328/1/5 13322/1/5 13327/1/5
f 13329/3/5 13324/3/5 13323/3/5
f 13330/3/5 13324/3/5 13329/3/5
f 13331/3/5 13326/3/5 13325/3/5
f 13332/3/5 13326/3/5 13331/3/5
f 13333/1/5 13320/1/5 13319/1/5
f 13334/1/5 13320/1/5 13333/1/5
f 13337/1/5 13329/1/5 13328/1/5
f 13338/1/5 13329/1/5 13337/1/5
f 13341/3/5 13326/3/5 13332/3/5
f 13342/3/5 13326/3/5 13341/3/5
f 13343/1/5 13333/1/5 13319/1/5
f 13344/1/5 13333/1/5 13343/1/5
f 13346/1/5 13336/1/5 13335/1/5
f 13347/1/5 13336/1/5 13346/1/5
f 13348/1/5 13336/1/5 13347/1/5
f 13349/3/5 13340/3/5 13339/3/5
f 13350/3/5 13340/3/5 13349/3/5
f 13351/3/5 13340/3/5 13350/3/5
f 13353/3/5 13326/3/5 13342/3/5
f 13354/3/5 13326/3/5 13353/3/5
f 13359/1/5 13346/1/5 13345/1/5
f 13359/1/5 13347/1/5 13346/1/5
f 13360/1/5 13347/1/5 13359/1/5
f 13361/3/5 13352/3/5 13351/3/5
f 13361/3/5 13351/3/5 13350/3/5
f 13362/3/5 13352/3/5 13361/3/5
f 13366/3/5 13357/3/5 13356/3/5
f 13366/3/5 13356/3/5 13355/3/5
f 13368/1/5 13359/1/5 13358/1/5
f 13369/1/5 13359/1/5 13368/1/5
f 13370/3/5 13363/3/5 13362/3/5
f 13371/3/5 13363/3/5 13370/3/5
f 13373/3/5 13365/3/5 13364/3/5
f 13374/3/5 13366/3/5 13355/3/5
f 13375/3/5 13366/3/5 13374/3/5
f 13378/1/5 13368/1/5 13367/1/5
f 13379/1/5 13368/1/5 13378/1/5
f 13380/3/5 13372/3/5 13371/3/5
f 13381/3/5 13372/3/5 13380/3/5
f 13384/3/5 13373/3/5 13364/3/5
f 13385/3/5 13373/3/5 13384/3/5
f 13386/3/5 13373/3/5 13385/3/5
f 13387/3/5 13376/3/5 13375/3/5
f 13388/3/5 13376/3/5 13387/3/5
f 13390/3/5 13378/3/5 13377/3/5
f 13391/3/5 13378/3/5 13390/3/5
f 13392/3/5 13382/3/5 13381/3/5
f 13393/3/5 13382/3/5 13392/3/5
f 13395/3/5 13384/3/5 13383/3/5
f 13396/3/5 13384/3/5 13395/3/5
f 13398/3/5 13390/3/5 13389/3/5
f 13399/3/5 13390/3/5 13398/3/5
f 13400/3/5 13394/3/5 13393/3/5
f 13401/3/5 13394/3/5 13400/3/5
f 13404/3/5 13398/3/5 13397/3/5
f 13405/3/5 13398/3/5 13404/3/5
f 13406/1/5 13402/1/5 13401/1/5
f 13407/1/5 13402/1/5 13406/1/5
f 13412/3/5 13404/3/5 13403/3/5
f 13413/3/5 13404/3/5 13412/3/5
f 13414/1/5 13408/1/5 13407/1/5
f 13415/1/5 13408/1/5 13414/1/5
f 13419/3/5 13410/3/5 13409/3/5
f 13420/3/5 13410/3/5 13419/3/5
f 13422/3/5 13412/3/5 13411/3/5
f 13423/3/5 13412/3/5 13422/3/5
f 13424/1/5 13416/1/5 13415/1/5
f 13425/1/5 13416/1/5 13424/1/5
f 13427/1/5 13418/1/5 13417/1/5
f 13428/1/5 13418/1/5 13427/1/5
f 13429/3/5 13419/3/5 13409/3/5
f 13430/3/5 13419/3/5 13429/3/5
f 13432/3/5 13422/3/5 13421/3/5
f 13433/3/5 13422/3/5 13432/3/5
f 13434/1/5 13426/1/5 13425/1/5
f 13435/1/5 13426/1/5 13434/1/5
f 13437/1/5 13418/1/5 13428/1/5
f 13438/1/5 13418/1/5 13437/1/5
f 13440/3/5 13432/3/5 13431/3/5
f 13441/3/5 13432/3/5 13440/3/5
f 13442/1/5 13436/1/5 13435/1/5
f 13444/1/5 13418/1/5 13438/1/5
f 13445/1/5 13418/1/5 13444/1/5
f 13446/1/5 13441/1/5 13440/1/5
f 13446/1/5 13440/1/5 13439/1/5
f 13447/1/5 13441/1/5 13446/1/5
f 13448/1/5 13443/1/5 13442/1/5
f 13448/1/5 13442/1/5 13435/1/5
f 13449/1/5 13443/1/5 13448/1/5
f 13452/1/5 13446/1/5 13439/1/5
f 13453/1/5 13446/1/5 13452/1/5
f 13454/1/5 13443/1/5 13449/1/5
f 13455/1/5 13443/1/5 13454/1/5
f 13458/1/5 13451/1/5 13450/1/5
f 13459/1/5 13451/1/5 13458/1/5
f 13462/1/5 13460/1/5 13459/1/5
f 13463/1/5 13460/1/5 13462/1/5
f 13464/1/5 13462/1/5 13461/1/5
f 13465/1/5 13462/1/5 13464/1/5
f 13470/3/5 13457/3/5 13456/3/5
f 13471/3/5 13457/3/5 13470/3/5
f 13472/3/5 13467/3/5 13466/3/5
f 13475/1/5 13469/1/5 13468/1/5
f 13478/3/5 13473/3/5 13472/3/5
f 13478/3/5 13472/3/5 13466/3/5
f 13479/3/5 13473/3/5 13478/3/5
f 13480/1/5 13475/1/5 13474/1/5
f 13480/1/5 13469/1/5 13475/1/5
f 13481/1/5 13469/1/5 13480/1/5
f 13484/3/5 13477/3/5 13476/3/5
f 13486/3/5 13473/3/5 13479/3/5
f 13487/3/5 13473/3/5 13486/3/5
f 13490/1/5 13480/1/5 13474/1/5
f 13491/1/5 13480/1/5 13490/1/5
f 13493/1/5 13483/1/5 13482/1/5
f 13494/3/5 13485/3/5 13484/3/5
f 13496/3/5 13488/3/5 13487/3/5
f 13497/3/5 13488/3/5 13496/3/5
f 13500/1/5 13490/1/5 13489/1/5
f 13501/1/5 13490/1/5 13500/1/5
f 13503/1/5 13493/1/5 13492/1/5
f 13504/3/5 13495/3/5 13494/3/5
f 13504/3/5 13484/3/5 13476/3/5
f 13504/3/5 13494/3/5 13484/3/5
f 13505/3/5 13495/3/5 13504/3/5
f 13506/3/5 13498/3/5 13497/3/5
f 13507/3/5 13498/3/5 13506/3/5
f 13510/1/5 13500/1/5 13499/1/5
f 13511/1/5 13500/1/5 13510/1/5
f 13512/1/5 13503/1/5 13502/1/5
f 13513/1/5 13483/1/5 13493/1/5
f 13513/1/5 13503/1/5 13512/1/5
f 13513/1/5 13493/1/5 13503/1/5
f 13514/3/5 13508/3/5 13507/3/5
f 13515/3/5 13508/3/5 13514/3/5
f 13518/1/5 13510/1/5 13509/1/5
f 13519/1/5 13510/1/5 13518/1/5
f 13520/3/5 13516/3/5 13515/3/5
f 13521/3/5 13516/3/5 13520/3/5
f 13524/3/5 13518/3/5 13517/3/5
f 13525/3/5 13518/3/5 13524/3/5
f 13528/1/5 13522/1/5 13521/1/5
f 13529/1/5 13522/1/5 13528/1/5
f 13532/3/5 13524/3/5 13523/3/5
f 13533/3/5 13524/3/5 13532/3/5
f 13537/3/5 13527/3/5 13526/3/5
f 13538/3/5 13527/3/5 13537/3/5
f 13539/1/5 13530/1/5 13529/1/5
f 13540/1/5 13530/1/5 13539/1/5
f 13543/3/5 13532/3/5 13531/3/5
f 13544/3/5 13532/3/5 13543/3/5
f 13545/3/5 13535/3/5 13534/3/5
f 13546/3/5 13535/3/5 13545/3/5
f 13549/3/5 13537/3/5 13536/3/5
f 13550/1/5 13541/1/5 13540/1/5
f 13551/1/5 13541/1/5 13550/1/5
f 13554/3/5 13543/3/5 13542/3/5
f 13555/3/5 13543/3/5 13554/3/5
f 13556/3/5 13548/3/5 13547/3/5
f 13556/3/5 13547/3/5 13546/3/5
f 13557/3/5 13549/3/5 13536/3/5
f 13558/3/5 13549/3/5 13557/3/5
f 13559/1/5 13552/1/5 13551/1/5
f 13560/1/5 13552/1/5 13559/1/5
f 13563/3/5 13554/3/5 13553/3/5
f 13564/3/5 13554/3/5 13563/3/5
f 13565/3/5 13556/3/5 13546/3/5
f 13566/3/5 13556/3/5 13565/3/5
f 13569/1/5 13561/1/5 13560/1/5
f 13570/1/5 13561/1/5 13569/1/5
f 13571/1/5 13561/1/5 13570/1/5
f 13574/3/5 13563/3/5 13562/3/5
f 13575/3/5 13563/3/5 13574/3/5
f 13576/3/5 13563/3/5 13575/3/5
f 13579/1/5 13568/1/5 13567/1/5
f 13581/1/5 13572/1/5 13571/1/5
f 13581/1/5 13571/1/5 13570/1/5
f 13582/1/5 13572/1/5 13581/1/5
f 13583/3/5 13575/3/5 13574/3/5
f 13583/3/5 13574/3/5 13573/3/5
f 13584/3/5 13575/3/5 13583/3/5
f 13586/3/5 13578/3/5 13577/3/5
f 13587/1/5 13580/1/5 13579/1/5
f 13593/3/5 13586/3/5 13585/3/5
f 13594/1/5 13579/1/5 13567/1/5
f 13594/1/5 13587/1/5 13579/1/5
f 13594/1/5 13588/1/5 13587/1/5
f 13595/1/5 13588/1/5 13594/1/5
f 13596/1/5 13590/1/5 13589/1/5
f 13597/3/5 13591/3/5 13590/3/5
f 13597/1/5 13590/1/5 13596/1/5
f 13598/3/5 13591/3/5 13597/3/5
f 13599/3/5 13593/3/5 13592/3/5
f 13600/3/5 13578/3/5 13586/3/5
f 13600/3/5 13593/3/5 13599/3/5
f 13600/3/5 13586/3/5 13593/3/5
f 13605/1/5 13602/1/5 13601/1/5
f 13606/1/5 13602/1/5 13605/1/5
f 13607/3/5 13604/3/5 13603/3/5
f 13608/3/5 13604/3/5 13607/3/5
f 13611/1/5 13607/1/5 13606/1/5
f 13612/1/5 13607/1/5 13611/1/5
f 13617/1/5 13610/1/5 13609/1/5
f 13618/1/5 13610/1/5 13617/1/5
f 13619/3/5 13614/3/5 13613/3/5
f 13620/3/5 13614/3/5 13619/3/5
f 13624/1/5 13616/1/5 13615/1/5
f 13625/1/5 13616/1/5 13624/1/5
f 13626/3/5 13622/3/5 13621/3/5
f 13627/3/5 13622/3/5 13626/3/5
f 13630/1/5 13624/1/5 13623/1/5
f 13631/1/5 13624/1/5 13630/1/5
f 13632/3/5 13628/3/5 13627/3/5
f 13633/3/5 13628/3/5 13632/3/5
f 13636/1/5 13630/1/5 13629/1/5
f 13637/1/5 13630/1/5 13636/1/5
f 13638/3/5 13634/3/5 13633/3/5
f 13639/3/5 13634/3/5 13638/3/5
f 13642/3/5 13636/3/5 13635/3/5
f 13643/3/5 13636/3/5 13642/3/5
f 13644/3/5 13640/3/5 13639/3/5
f 13645/3/5 13640/3/5 13644/3/5
f 13648/3/5 13642/3/5 13641/3/5
f 13649/3/5 13642/3/5 13648/3/5
f 13650/3/5 13646/3/5 13645/3/5
f 13651/3/5 13646/3/5 13650/3/5
f 13654/3/5 13648/3/5 13647/3/5
f 13655/3/5 13648/3/5 13654/3/5
f 13656/1/5 13652/1/5 13651/1/5
f 13657/1/5 13652/1/5 13656/1/5
f 13660/3/5 13654/3/5 13653/3/5
f 13661/3/5 13654/3/5 13660/3/5
f 13662/1/5 13658/1/5 13657/1/5
f 13663/1/5 13658/1/5 13662/1/5
f 13666/3/5 13660/3/5 13659/3/5
f 13667/3/5 13660/3/5 13666/3/5
f 13668/1/5 13664/1/5 13663/1/5
f 13669/1/5 13664/1/5 13668/1/5
f 13671/3/5 13666/3/5 13665/3/5
f 13672/3/5 13666/3/5 13671/3/5
f 13673/1/5 13670/1/5 13669/1/5
f 13674/1/5 13670/1/5 13673/1/5
f 13681/1/5 13676/1/5 13675/1/5
f 13682/1/5 13676/1/5 13681/1/5
f 13683/1/5 13678/1/5 13677/1/5
f 13684/1/5 13678/1/5 13683/1/5
f 13687/1/5 13680/1/5 13679/1/5
f 13688/1/5 13680/1/5 13687/1/5
f 13691/1/5 13689/1/5 13688/1/5
f 13692/1/5 13689/1/5 13691/1/5
f 13693/1/5 13691/1/5 13690/1/5
f 13694/1/5 13691/1/5 13693/1/5
f 13699/3/5 13686/3/5 13685/3/5
f 13700/3/5 13686/3/5 13699/3/5
f 13701/3/5 13696/3/5 13695/3/5
f 13702/3/5 13696/3/5 13701/3/5
f 13703/1/5 13698/1/5 13697/1/5
f 13704/1/5 13698/1/5 13703/1/5
f 13709/3/5 13706/3/5 13705/3/5
f 13710/3/5 13706/3/5 13709/3/5
f 13713/1/5 13708/1/5 13707/1/5
f 13714/1/5 13708/1/5 13713/1/5
f 13715/3/5 13711/3/5 13710/3/5
f 13716/3/5 13711/3/5 13715/3/5
f 13719/1/5 13713/1/5 13712/1/5
f 13720/1/5 13713/1/5 13719/1/5
f 13721/3/5 13717/3/5 13716/3/5
f 13722/3/5 13717/3/5 13721/3/5
f 13725/1/5 13719/1/5 13718/1/5
f 13726/1/5 13719/1/5 13725/1/5
f 13727/3/5 13723/3/5 13722/3/5
f 13728/3/5 13723/3/5 13727/3/5
f 13731/1/5 13725/1/5 13724/1/5
f 13732/1/5 13725/1/5 13731/1/5
f 13733/3/5 13729/3/5 13728/3/5
f 13734/3/5 13729/3/5 13733/3/5
f 13737/3/5 13731/3/5 13730/3/5
f 13738/3/5 13731/3/5 13737/3/5
f 13739/1/5 13735/1/5 13734/1/5
f 13740/1/5 13735/1/5 13739/1/5
f 13743/3/5 13737/3/5 13736/3/5
f 13744/3/5 13737/3/5 13743/3/5
f 13745/1/5 13741/1/5 13740/1/5
f 13746/1/5 13741/1/5 13745/1/5
f 13749/3/5 13743/3/5 13742/3/5
f 13750/3/5 13743/3/5 13749/3/5
f 13751/1/5 13747/1/5 13746/1/5
f 13752/1/5 13747/1/5 13751/1/5
f 13755/3/5 13749/3/5 13748/3/5
f 13756/3/5 13749/3/5 13755/3/5
f 13757/1/5 13753/1/5 13752/1/5
f 13758/1/5 13753/1/5 13757/1/5
f 13763/3/5 13755/3/5 13754/3/5
f 13764/3/5 13755/3/5 13763/3/5
f 13765/1/5 13760/1/5 13759/1/5
f 13766/1/5 13760/1/5 13765/1/5
f 13767/3/5 13762/3/5 13761/3/5
f 13768/3/5 13762/3/5 13767/3/5
f 13772/1/5 13770/1/5 13769/1/5
f 13773/3/5 13771/3/5 13770/3/5
f 13773/1/5 13770/1/5 13772/1/5
f 13774/3/5 13771/3/5 13773/3/5
f 13779/1/5 13776/1/5 13775/1/5
f 13780/1/5 13776/1/5 13779/1/5
f 13781/3/5 13778/3/5 13777/3/5
f 13782/3/5 13778/3/5 13781/3/5
f 13785/1/5 13781/1/5 13780/1/5
f 13786/1/5 13781/1/5 13785/1/5
f 13790/1/5 13784/1/5 13783/1/5
f 13791/1/5 13784/1/5 13790/1/5
f 13792/3/5 13788/3/5 13787/3/5
f 13793/3/5 13788/3/5 13792/3/5
f 13796/1/5 13790/1/5 13789/1/5
f 13797/1/5 13790/1/5 13796/1/5
f 13798/3/5 13794/3/5 13793/3/5
f 13799/3/5 13794/3/5 13798/3/5
f 13802/1/5 13796/1/5 13795/1/5
f 13803/1/5 13796/1/5 13802/1/5
f 13804/3/5 13800/3/5 13799/3/5
f 13805/3/5 13800/3/5 13804/3/5
f 13808/1/5 13802/1/5 13801/1/5
f 13809/1/5 13802/1/5 13808/1/5
f 13810/3/5 13806/3/5 13805/3/5
f 13811/3/5 13806/3/5 13810/3/5
f 13814/3/5 13808/3/5 13807/3/5
f 13815/3/5 13808/3/5 13814/3/5
f 13816/3/5 13812/3/5 13811/3/5
f 13817/3/5 13812/3/5 13816/3/5
f 13820/3/5 13814/3/5 13813/3/5
f 13821/3/5 13814/3/5 13820/3/5
f 13822/1/5 13818/1/5 13817/1/5
f 13823/1/5 13818/1/5 13822/1/5
f 13826/3/5 13820/3/5 13819/3/5
f 13827/3/5 13820/3/5 13826/3/5
f 13828/1/5 13824/1/5 13823/1/5
f 13829/1/5 13824/1/5 13828/1/5
f 13832/3/5 13826/3/5 13825/3/5
f 13833/3/5 13826/3/5 13832/3/5
f 13834/1/5 13830/1/5 13829/1/5
f 13835/1/5 13830/1/5 13834/1/5
f 13838/3/5 13832/3/5 13831/3/5
f 13839/3/5 13832/3/5 13838/3/5
f 13840/1/5 13836/1/5 13835/1/5
f 13841/1/5 13836/1/5 13840/1/5
f 13843/3/5 13838/3/5 13837/3/5
f 13844/3/5 13838/3/5 13843/3/5
f 13847/1/5 13844/1/5 13843/1/5
f 13848/1/5 13844/1/5 13847/1/5
f 13849/1/5 13842/1/5 13841/1/5
f 13850/1/5 13842/1/5 13849/1/5
f 13853/1/5 13846/1/5 13845/1/5
f 13854/1/5 13846/1/5 13853/1/5
f 13857/1/5 13855/1/5 13854/1/5
f 13858/1/5 13855/1/5 13857/1/5
f 13859/1/5 13857/1/5 13856/1/5
f 13860/1/5 13857/1/5 13859/1/5
f 13865/3/5 13852/3/5 13851/3/5
f 13866/3/5 13852/3/5 13865/3/5
f 13867/3/5 13862/3/5 13861/3/5
f 13868/3/5 13862/3/5 13867/3/5
f 13871/1/5 13864/1/5 13863/1/5
f 13872/1/5 13864/1/5 13871/1/5
f 13873/3/5 13869/3/5 13868/3/5
f 13874/3/5 13869/3/5 13873/3/5
f 13877/1/5 13871/1/5 13870/1/5
f 13878/1/5 13871/1/5 13877/1/5
f 13879/3/5 13875/3/5 13874/3/5
f 13880/3/5 13875/3/5 13879/3/5
f 13883/1/5 13877/1/5 13876/1/5
f 13884/1/5 13877/1/5 13883/1/5
f 13885/3/5 13881/3/5 13880/3/5
f 13886/3/5 13881/3/5 13885/3/5
f 13889/1/5 13883/1/5 13882/1/5
f 13890/1/5 13883/1/5 13889/1/5
f 13891/3/5 13887/3/5 13886/3/5
f 13892/3/5 13887/3/5 13891/3/5
f 13895/3/5 13889/3/5 13888/3/5
f 13896/3/5 13889/3/5 13895/3/5
f 13897/1/5 13893/1/5 13892/1/5
f 13898/1/5 13893/1/5 13897/1/5
f 13901/3/5 13895/3/5 13894/3/5
f 13902/3/5 13895/3/5 13901/3/5
f 13903/1/5 13899/1/5 13898/1/5
f 13904/1/5 13899/1/5 13903/1/5
f 13907/3/5 13901/3/5 13900/3/5
f 13908/3/5 13901/3/5 13907/3/5
f 13909/1/5 13905/1/5 13904/1/5
f 13910/1/5 13905/1/5 13909/1/5
f 13913/3/5 13907/3/5 13906/3/5
f 13914/3/5 13907/3/5 13913/3/5
f 13915/1/5 13911/1/5 13910/1/5
f 13916/1/5 13911/1/5 13915/1/5
f 13919/3/5 13913/3/5 13912/3/5
f 13920/3/5 13913/3/5 13919/3/5
f 13921/1/5 13917/1/5 13916/1/5
f 13922/1/5 13917/1/5 13921/1/5
f 13923/3/5 13919/3/5 13918/3/5
f 13924/3/5 13919/3/5 13923/3/5
f 13928/1/5 13926/1/5 13925/1/5
f 13929/3/5 13927/3/5 13926/3/5
f 13929/1/5 13926/1/5 13928/1/5
f 13930/3/5 13927/3/5 13929/3/5
f 13935/1/5 13932/1/5 13931/1/5
f 13936/1/5 13932/1/5 13935/1/5
f 13937/3/5 13934/3/5 13933/3/5
f 13938/3/5 13934/3/5 13937/3/5
f 13941/1/5 13937/1/5 13936/1/5
f 13942/1/5 13937/1/5 13941/1/5
f 13946/1/5 13940/1/5 13939/1/5
f 13947/1/5 13940/1/5 13946/1/5
f 13948/3/5 13944/3/5 13943/3/5
f 13949/3/5 13944/3/5 13948/3/5
f 13952/1/5 13946/1/5 13945/1/5
f 13953/1/5 13946/1/5 13952/1/5
f 13954/3/5 13950/3/5 13949/3/5
f 13955/3/5 13950/3/5 13954/3/5
f 13958/1/5 13952/1/5 13951/1/5
f 13959/1/5 13952/1/5 13958/1/5
f 13960/3/5 13956/3/5 13955/3/5
f 13961/3/5 13956/3/5 13960/3/5
f 13964/3/5 13958/3/5 13957/3/5
f 13965/3/5 13958/3/5 13964/3/5
f 13966/3/5 13962/3/5 13961/3/5
f 13967/3/5 13962/3/5 13966/3/5
f 13970/3/5 13964/3/5 13963/3/5
f 13971/3/5 13964/3/5 13970/3/5
f 13972/3/5 13968/3/5 13967/3/5
f 13973/3/5 13968/3/5 13972/3/5
f 13976/3/5 13970/3/5 13969/3/5
f 13977/3/5 13970/3/5 13976/3/5
f 13978/1/5 13974/1/5 13973/1/5
f 13979/1/5 13974/1/5 13978/1/5
f 13982/3/5 13976/3/5 13975/3/5
f 13983/3/5 13976/3/5 13982/3/5
f 13984/1/5 13980/1/5 13979/1/5
f 13985/1/5 13980/1/5 13984/1/5
f 13988/3/5 13982/3/5 13981/3/5
f 13989/3/5 13982/3/5 13988/3/5
f 13990/1/5 13986/1/5 13985/1/5
f 13991/1/5 13986/1/5 13990/1/5
f 13993/3/5 13988/3/5 13987/3/5
f 13994/3/5 13988/3/5 13993/3/5
f 13997/1/5 13994/1/5 13993/1/5
f 13998/1/5 13994/1/5 13997/1/5
f 13999/1/5 13992/1/5 13991/1/5
f 14000/1/5 13992/1/5 13999/1/5
f 14003/1/5 13996/1/5 13995/1/5
f 14004/1/5 13996/1/5 14003/1/5
f 14007/1/5 14005/1/5 14004/1/5
f 14008/1/5 14005/1/5 14007/1/5
f 14009/1/5 14007/1/5 14006/1/5
f 14010/1/5 14007/1/5 14009/1/5
f 14015/3/5 14002/3/5 14001/3/5
f 14016/3/5 14002/3/5 14015/3/5
f 14017/3/5 14012/3/5 14011/3/5
f 14018/3/5 14012/3/5 14017/3/5
f 14021/1/5 14014/1/5 14013/1/5
f 14022/1/5 14014/1/5 14021/1/5
f 14023/3/5 14019/3/5 14018/3/5
f 14024/3/5 14019/3/5 14023/3/5
f 14027/1/5 14021/1/5 14020/1/5
f 14028/1/5 14021/1/5 14027/1/5
f 14029/3/5 14025/3/5 14024/3/5
f 14030/3/5 14025/3/5 14029/3/5
f 14033/1/5 14027/1/5 14026/1/5
f 14034/1/5 14027/1/5 14033/1/5
f 14035/3/5 14031/3/5 14030/3/5
f 14036/3/5 14031/3/5 14035/3/5
f 14039/3/5 14033/3/5 14032/3/5
f 14040/3/5 14033/3/5 14039/3/5
f 14041/3/5 14037/3/5 14036/3/5
f 14042/3/5 14037/3/5 14041/3/5
f 14045/3/5 14039/3/5 14038/3/5
f 14046/3/5 14039/3/5 14045/3/5
f 14047/1/5 14043/1/5 14042/1/5
f 14048/1/5 14043/1/5 14047/1/5
f 14051/3/5 14045/3/5 14044/3/5
f 14052/3/5 14045/3/5 14051/3/5
f 14053/1/5 14049/1/5 14048/1/5
f 14054/1/5 14049/1/5 14053/1/5
f 14057/3/5 14051/3/5 14050/3/5
f 14058/3/5 14051/3/5 14057/3/5
f 14059/1/5 14055/1/5 14054/1/5
f 14060/1/5 14055/1/5 14059/1/5
f 14063/3/5 14057/3/5 14056/3/5
f 14064/3/5 14057/3/5 14063/3/5
f 14065/1/5 14061/1/5 14060/1/5
f 14066/1/5 14061/1/5 14065/1/5
f 14067/3/5 14063/3/5 14062/3/5
f 14068/3/5 14063/3/5 14067/3/5
f 14072/1/5 14070/1/5 14069/1/5
f 14073/3/5 14071/3/5 14070/3/5
f 14073/1/5 14070/1/5 14072/1/5
f 14074/3/5 14071/3/5 14073/3/5
f 14079/1/5 14076/1/5 14075/1/5
f 14080/1/5 14076/1/5 14079/1/5
f 14081/3/5 14078/3/5 14077/3/5
f 14082/3/5 14078/3/5 14081/3/5
f 14085/1/5 14081/1/5 14080/1/5
f 14086/1/5 14081/1/5 14085/1/5
f 14090/1/5 14084/1/5 14083/1/5
f 14091/1/5 14084/1/5 14090/1/5
f 14092/3/5 14088/3/5 14087/3/5
f 14093/3/5 14088/3/5 14092/3/5
f 14096/1/5 14090/1/5 14089/1/5
f 14097/1/5 14090/1/5 14096/1/5
f 14098/3/5 14094/3/5 14093/3/5
f 14099/3/5 14094/3/5 14098/3/5
f 14102/3/5 14096/3/5 14095/3/5
f 14103/3/5 14096/3/5 14102/3/5
f 14104/3/5 14100/3/5 14099/3/5
f 14105/3/5 14100/3/5 14104/3/5
f 14108/3/5 14102/3/5 14101/3/5
f 14109/3/5 14102/3/5 14108/3/5
f 14110/3/5 14106/3/5 14105/3/5
f 14111/3/5 14106/3/5 14110/3/5
f 14114/3/5 14108/3/5 14107/3/5
f 14115/3/5 14108/3/5 14114/3/5
f 14116/1/5 14112/1/5 14111/1/5
f 14117/1/5 14112/1/5 14116/1/5
f 14120/3/5 14114/3/5 14113/3/5
f 14121/3/5 14114/3/5 14120/3/5
f 14122/1/5 14118/1/5 14117/1/5
f 14123/1/5 14118/1/5 14122/1/5
f 14126/3/5 14120/3/5 14119/3/5
f 14127/3/5 14120/3/5 14126/3/5
f 14128/1/5 14124/1/5 14123/1/5
f 14129/1/5 14124/1/5 14128/1/5
f 14131/3/5 14126/3/5 14125/3/5
f 14132/3/5 14126/3/5 14131/3/5
f 14135/1/5 14132/1/5 14131/1/5
f 14136/1/5 14132/1/5 14135/1/5
f 14137/1/5 14130/1/5 14129/1/5
f 14138/1/5 14130/1/5 14137/1/5
f 14141/1/5 14134/1/5 14133/1/5
f 14142/1/5 14134/1/5 14141/1/5
f 14145/1/5 14143/1/5 14142/1/5
f 14146/1/5 14143/1/5 14145/1/5
f 14147/1/5 14145/1/5 14144/1/5
f 14148/1/5 14145/1/5 14147/1/5
f 14153/3/5 14140/3/5 14139/3/5
f 14154/3/5 14140/3/5 14153/3/5
f 14155/3/5 14150/3/5 14149/3/5
f 14156/3/5 14150/3/5 14155/3/5
f 14159/1/5 14152/1/5 14151/1/5
f 14160/1/5 14152/1/5 14159/1/5
f 14161/3/5 14157/3/5 14156/3/5
f 14162/3/5 14157/3/5 14161/3/5
f 14165/1/5 14159/1/5 14158/1/5
f 14166/1/5 14159/1/5 14165/1/5
f 14167/3/5 14163/3/5 14162/3/5
f 14168/3/5 14163/3/5 14167/3/5
f 14171/1/5 14165/1/5 14164/1/5
f 14172/1/5 14165/1/5 14171/1/5
f 14173/3/5 14169/3/5 14168/3/5
f 14174/3/5 14169/3/5 14173/3/5
f 14177/3/5 14171/3/5 14170/3/5
f 14178/3/5 14171/3/5 14177/3/5
f 14179/1/5 14175/1/5 14174/1/5
f 14180/1/5 14175/1/5 14179/1/5
f 14183/3/5 14177/3/5 14176/3/5
f 14184/3/5 14177/3/5 14183/3/5
f 14185/1/5 14181/1/5 14180/1/5
f 14186/1/5 14181/1/5 14185/1/5
f 14189/3/5 14183/3/5 14182/3/5
f 14190/3/5 14183/3/5 14189/3/5
f 14191/1/5 14187/1/5 14186/1/5
f 14192/1/5 14187/1/5 14191/1/5
f 14195/3/5 14189/3/5 14188/3/5
f 14196/3/5 14189/3/5 14195/3/5
f 14197/1/5 14193/1/5 14192/1/5
f 14198/1/5 14193/1/5 14197/1/5
f 14199/3/5 14195/3/5 14194/3/5
f 14200/3/5 14195/3/5 14199/3/5
f 14204/1/5 14202/1/5 14201/1/5
f 14205/3/5 14203/3/5 14202/3/5
f 14205/1/5 14202/1/5 14204/1/5
f 14206/3/5 14203/3/5 14205/3/5
f 14211/1/5 14208/1/5 14207/1/5
f 14212/1/5 14208/1/5 14211/1/5
f 14213/3/5 14210/3/5 14209/3/5
f 14214/3/5 14210/3/5 14213/3/5
f 14216/1/5 14211/1/5 14207/1/5
f 14217/1/5 14211/1/5 14216/1/5
f 14218/3/5 14210/3/5 14214/3/5
f 14219/3/5 14210/3/5 14218/3/5
f 14222/1/5 14216/1/5 14215/1/5
f 14223/1/5 14216/1/5 14222/1/5
f 14224/3/5 14220/3/5 14219/3/5
f 14225/3/5 14220/3/5 14224/3/5
f 14228/1/5 14222/1/5 14221/1/5
f 14229/1/5 14222/1/5 14228/1/5
f 14230/3/5 14226/3/5 14225/3/5
f 14231/3/5 14226/3/5 14230/3/5
f 14234/3/5 14228/3/5 14227/3/5
f 14235/3/5 14228/3/5 14234/3/5
f 14236/3/5 14232/3/5 14231/3/5
f 14237/3/5 14232/3/5 14236/3/5
f 14240/3/5 14234/3/5 14233/3/5
f 14241/3/5 14234/3/5 14240/3/5
f 14242/3/5 14238/3/5 14237/3/5
f 14243/3/5 14238/3/5 14242/3/5
f 14246/3/5 14240/3/5 14239/3/5
f 14247/3/5 14240/3/5 14246/3/5
f 14248/1/5 14244/1/5 14243/1/5
f 14249/1/5 14244/1/5 14248/1/5
f 14252/3/5 14246/3/5 14245/3/5
f 14253/3/5 14246/3/5 14252/3/5
f 14254/1/5 14250/1/5 14249/1/5
f 14255/1/5 14250/1/5 14254/1/5
f 14257/3/5 14252/3/5 14251/3/5
f 14258/3/5 14252/3/5 14257/3/5
f 14260/1/5 14258/1/5 14257/1/5
f 14261/1/5 14258/1/5 14260/1/5
f 14262/1/5 14256/1/5 14255/1/5
f 14263/1/5 14256/1/5 14262/1/5
f 14266/1/5 14260/1/5 14259/1/5
f 14267/1/5 14260/1/5 14266/1/5
f 14268/1/5 14264/1/5 14263/1/5
f 14269/3/5 14265/3/5 14264/3/5
f 14269/1/5 14264/1/5 14268/1/5
f 14270/1/5 14266/1/5 14259/1/5
f 14271/1/5 14266/1/5 14270/1/5
f 14274/1/5 14273/1/5 14272/1/5
f 14277/3/5 14265/3/5 14269/3/5
f 14278/1/5 14274/1/5 14272/1/5
f 14279/3/5 14275/3/5 14274/3/5
f 14279/1/5 14274/1/5 14278/1/5
f 14280/3/5 14275/3/5 14279/3/5
f 14283/1/5 14277/1/5 14276/1/5
f 14284/3/5 14265/3/5 14277/3/5
f 14284/1/5 14277/1/5 14283/1/5
f 14285/3/5 14265/3/5 14284/3/5
f 14286/3/5 14281/3/5 14280/3/5
f 14287/3/5 14281/3/5 14286/3/5
f 14290/1/5 14283/1/5 14282/1/5
f 14291/1/5 14283/1/5 14290/1/5
f 14292/3/5 14288/3/5 14287/3/5
f 14293/3/5 14288/3/5 14292/3/5
f 14296/1/5 14290/1/5 14289/1/5
f 14297/1/5 14290/1/5 14296/1/5
f 14298/3/5 14294/3/5 14293/3/5
f 14299/3/5 14294/3/5 14298/3/5
f 14302/1/5 14296/1/5 14295/1/5
f 14303/1/5 14296/1/5 14302/1/5
f 14304/3/5 14300/3/5 14299/3/5
f 14305/3/5 14300/3/5 14304/3/5
f 14308/3/5 14302/3/5 14301/3/5
f 14309/3/5 14302/3/5 14308/3/5
f 14310/1/5 14306/1/5 14305/1/5
f 14311/1/5 14306/1/5 14310/1/5
f 14314/3/5 14308/3/5 14307/3/5
f 14315/3/5 14308/3/5 14314/3/5
f 14316/1/5 14312/1/5 14311/1/5
f 14317/1/5 14312/1/5 14316/1/5
f 14320/3/5 14314/3/5 14313/3/5
f 14321/3/5 14314/3/5 14320/3/5
f 14322/1/5 14318/1/5 14317/1/5
f 14323/1/5 14318/1/5 14322/1/5
f 14326/3/5 14320/3/5 14319/3/5
f 14327/3/5 14320/3/5 14326/3/5
f 14328/1/5 14324/1/5 14323/1/5
f 14330/3/5 14326/3/5 14325/3/5
f 14331/1/5 14329/1/5 14328/1/5
f 14331/1/5 14328/1/5 14323/1/5
f 14332/3/5 14330/3/5 14329/3/5
f 14332/1/5 14329/1/5 14331/1/5
f 14333/3/5 14326/3/5 14330/3/5
f 14333/3/5 14330/3/5 14332/3/5
f 14338/1/5 14335/1/5 14334/1/5
f 14339/3/5 14336/3/5 14335/3/5
f 14339/1/5 14335/1/5 14338/1/5
f 14340/3/5 14336/3/5 14339/3/5
f 14344/1/5 14338/1/5 14337/1/5
f 14345/1/5 14338/1/5 14344/1/5
f 14346/3/5 14341/3/5 14340/3/5
f 14347/3/5 14341/3/5 14346/3/5
f 14351/1/5 14343/1/5 14342/1/5
f 14352/1/5 14343/1/5 14351/1/5
f 14353/3/5 14349/3/5 14348/3/5
f 14354/3/5 14349/3/5 14353/3/5
f 14357/1/5 14351/1/5 14350/1/5
f 14358/1/5 14351/1/5 14357/1/5
f 14359/3/5 14355/3/5 14354/3/5
f 14360/3/5 14355/3/5 14359/3/5
f 14363/3/5 14357/3/5 14356/3/5
f 14364/3/5 14357/3/5 14363/3/5
f 14365/3/5 14361/3/5 14360/3/5
f 14366/3/5 14361/3/5 14365/3/5
f 14369/3/5 14363/3/5 14362/3/5
f 14370/3/5 14363/3/5 14369/3/5
f 14371/1/5 14367/1/5 14366/1/5
f 14372/1/5 14367/1/5 14371/1/5
f 14375/3/5 14369/3/5 14368/3/5
f 14376/3/5 14369/3/5 14375/3/5
f 14377/1/5 14373/1/5 14372/1/5
f 14378/1/5 14373/1/5 14377/1/5
f 14380/3/5 14375/3/5 14374/3/5
f 14381/3/5 14375/3/5 14380/3/5
f 14382/1/5 14379/1/5 14378/1/5
f 14383/1/5 14379/1/5 14382/1/5
f 14389/1/5 14385/1/5 14384/1/5
f 14390/1/5 14385/1/5 14389/1/5
f 14391/1/5 14387/1/5 14386/1/5
f 14392/1/5 14387/1/5 14391/1/5
f 14394/1/5 14389/1/5 14388/1/5
f 14395/1/5 14389/1/5 14394/1/5
f 14398/3/5 14393/3/5 14392/3/5
f 14399/3/5 14393/3/5 14398/3/5
f 14400/3/5 14396/3/5 14395/3/5
f 14401/3/5 14396/3/5 14400/3/5
f 14402/1/5 14398/1/5 14397/1/5
f 14403/1/5 14398/1/5 14402/1/5
f 14408/3/5 14405/3/5 14404/3/5
f 14409/3/5 14405/3/5 14408/3/5
f 14412/1/5 14407/1/5 14406/1/5
f 14413/1/5 14407/1/5 14412/1/5
f 14414/3/5 14410/3/5 14409/3/5
f 14415/3/5 14410/3/5 14414/3/5
f 14418/1/5 14412/1/5 14411/1/5
f 14419/1/5 14412/1/5 14418/1/5
f 14420/3/5 14416/3/5 14415/3/5
f 14421/3/5 14416/3/5 14420/3/5
f 14424/3/5 14418/3/5 14417/3/5
f 14425/3/5 14418/3/5 14424/3/5
f 14426/3/5 14422/3/5 14421/3/5
f 14427/3/5 14422/3/5 14426/3/5
f 14430/3/5 14424/3/5 14423/3/5
f 14431/3/5 14424/3/5 14430/3/5
f 14432/1/5 14428/1/5 14427/1/5
f 14433/1/5 14428/1/5 14432/1/5
f 14436/3/5 14430/3/5 14429/3/5
f 14437/3/5 14430/3/5 14436/3/5
f 14438/1/5 14434/1/5 14433/1/5
f 14439/1/5 14434/1/5 14438/1/5
f 14444/3/5 14436/3/5 14435/3/5
f 14445/3/5 14436/3/5 14444/3/5
f 14446/1/5 14441/1/5 14440/1/5
f 14447/1/5 14441/1/5 14446/1/5
f 14449/3/5 14443/3/5 14442/3/5
f 14450/3/5 14443/3/5 14449/3/5
f 14451/1/5 14448/1/5 14447/1/5
f 14452/3/5 14449/3/5 14448/3/5
f 14452/1/5 14448/1/5 14451/1/5
f 14453/3/5 14449/3/5 14452/3/5
f 14459/1/5 14455/1/5 14454/1/5
f 14460/3/5 14456/3/5 14455/3/5
f 14460/1/5 14455/1/5 14459/1/5
f 14461/3/5 14456/3/5 14460/3/5
f 14464/1/5 14458/1/5 14457/1/5
f 14465/1/5 14458/1/5 14464/1/5
f 14466/3/5 14463/3/5 14462/3/5
f 14467/3/5 14463/3/5 14466/3/5
f 14472/3/5 14469/3/5 14468/3/5
f 14473/3/5 14469/3/5 14472/3/5
f 14474/1/5 14471/1/5 14470/1/5
f 14475/1/5 14471/1/5 14474/1/5
f 14480/1/5 14477/1/5 14476/1/5
f 14481/1/5 14477/1/5 14480/1/5
f 14482/3/5 14479/3/5 14478/3/5
f 14483/3/5 14479/3/5 14482/3/5
f 14488/3/5 14485/3/5 14484/3/5
f 14489/3/5 14485/3/5 14488/3/5
f 14490/1/5 14487/1/5 14486/1/5
f 14491/1/5 14487/1/5 14490/1/5
f 14496/1/5 14493/1/5 14492/1/5
f 14497/1/5 14493/1/5 14496/1/5
f 14501/3/5 14495/3/5 14494/3/5
f 14502/3/5 14495/3/5 14501/3/5
f 14503/1/5 14499/1/5 14498/1/5
f 14504/3/5 14500/3/5 14499/3/5
f 14504/1/5 14499/1/5 14503/1/5
f 14505/3/5 14500/3/5 14504/3/5
f 14512/1/5 14507/1/5 14506/1/5
f 14513/1/5 14507/1/5 14512/1/5
f 14514/3/5 14509/3/5 14508/3/5
f 14515/3/5 14509/3/5 14514/3/5
f 14519/1/5 14511/1/5 14510/1/5
f 14520/1/5 14511/1/5 14519/1/5
f 14521/3/5 14517/3/5 14516/3/5
f 14522/3/5 14517/3/5 14521/3/5
f 14525/3/5 14519/3/5 14518/3/5
f 14526/3/5 14519/3/5 14525/3/5
f 14527/3/5 14523/3/5 14522/3/5
f 14528/3/5 14523/3/5 14527/3/5
f 14531/3/5 14525/3/5 14524/3/5
f 14532/3/5 14525/3/5 14531/3/5
f 14533/3/5 14529/3/5 14528/3/5
f 14534/3/5 14529/3/5 14533/3/5
f 14537/3/5 14531/3/5 14530/3/5
f 14538/3/5 14531/3/5 14537/3/5
f 14539/1/5 14535/1/5 14534/1/5
f 14540/1/5 14535/1/5 14539/1/5
f 14542/3/5 14537/3/5 14536/3/5
f 14543/3/5 14537/3/5 14542/3/5
f 14544/1/5 14541/1/5 14540/1/5
f 14545/1/5 14541/1/5 14544/1/5
f 14550/1/5 14547/1/5 14546/1/5
f 14551/1/5 14547/1/5 14550/1/5
f 14552/1/5 14549/1/5 14548/1/5
f 14553/1/5 14549/1/5 14552/1/5
f 14556/2/5 14555/2/5 14554/2/5
f 14557/2/5 14555/2/5 14556/2/5
f 14562/3/5 14559/3/5 14558/3/5
f 14563/3/5 14559/3/5 14562/3/5
f 14564/1/5 14561/1/5 14560/1/5
f 14565/1/5 14561/1/5 14564/1/5
f 14570/3/5 14567/3/5 14566/3/5
f 14571/3/5 14567/3/5 14570/3/5
f 14574/1/5 14569/1/5 14568/1/5
f 14575/1/5 14569/1/5 14574/1/5
f 14576/3/5 14572/3/5 14571/3/5
f 14577/3/5 14572/3/5 14576/3/5
f 14580/3/5 14574/3/5 14573/3/5
f 14581/3/5 14574/3/5 14580/3/5
f 14582/3/5 14578/3/5 14577/3/5
f 14583/3/5 14578/3/5 14582/3/5
f 14586/3/5 14580/3/5 14579/3/5
f 14587/3/5 14580/3/5 14586/3/5
f 14588/1/5 14584/1/5 14583/1/5
f 14589/1/5 14584/1/5 14588/1/5
f 14592/3/5 14586/3/5 14585/3/5
f 14593/3/5 14586/3/5 14592/3/5
f 14594/1/5 14590/1/5 14589/1/5
f 14595/1/5 14590/1/5 14594/1/5
f 14600/3/5 14592/3/5 14591/3/5
f 14601/3/5 14592/3/5 14600/3/5
f 14602/1/5 14597/1/5 14596/1/5
f 14603/1/5 14597/1/5 14602/1/5
f 14604/3/5 14599/3/5 14598/3/5
f 14605/3/5 14599/3/5 14604/3/5
f 14611/1/5 14607/1/5 14606/1/5
f 14612/3/5 14608/3/5 14607/3/5
f 14612/1/5 14607/1/5 14611/1/5
f 14613/3/5 14608/3/5 14612/3/5
f 14616/1/5 14610/1/5 14609/1/5
f 14617/1/5 14610/1/5 14616/1/5
f 14618/2/5 14612/2/5 14611/2/5
f 14618/2/5 14613/2/5 14612/2/5
f 14619/2/5 14613/2/5 14618/2/5
f 14620/2/5 14613/2/5 14619/2/5
f 14621/2/5 14613/2/5 14620/2/5
f 14622/3/5 14615/3/5 14614/3/5
f 14623/3/5 14615/3/5 14622/3/5
f 14625/2/5 14617/2/5 14616/2/5
f 14625/2/5 14618/2/5 14617/2/5
f 14626/2/5 14618/2/5 14625/2/5
f 14627/2/5 14622/2/5 14621/2/5
f 14627/2/5 14623/2/5 14622/2/5
f 14628/2/5 14623/2/5 14627/2/5
f 14631/2/5 14625/2/5 14624/2/5
f 14632/2/5 14625/2/5 14631/2/5
f 14633/2/5 14629/2/5 14628/2/5
f 14634/2/5 14629/2/5 14633/2/5
f 14637/2/5 14631/2/5 14630/2/5
f 14638/2/5 14631/2/5 14637/2/5
f 14639/2/5 14635/2/5 14634/2/5
f 14640/2/5 14635/2/5 14639/2/5
f 14644/2/5 14637/2/5 14636/2/5
f 14645/2/5 14637/2/5 14644/2/5
f 14646/2/5 14641/2/5 14640/2/5
f 14647/2/5 14641/2/5 14646/2/5
f 14650/3/5 14643/3/5 14642/3/5
f 14651/2/5 14644/2/5 14643/2/5
f 14651/3/5 14643/3/5 14650/3/5
f 14652/1/5 14649/1/5 14648/1/5
f 14652/2/5 14648/2/5 14647/2/5
f 14653/1/5 14649/1/5 14652/1/5
f 14656/2/5 14644/2/5 14651/2/5
f 14657/2/5 14644/2/5 14656/2/5
f 14658/2/5 14652/2/5 14647/2/5
f 14659/2/5 14652/2/5 14658/2/5
f 14662/2/5 14656/2/5 14655/2/5
f 14663/2/5 14620/2/5 14619/2/5
f 14664/2/5 14620/2/5 14663/2/5
f 14665/2/5 14660/2/5 14659/2/5
f 14666/2/5 14662/2/5 14655/2/5
f 14666/2/5 14663/2/5 14662/2/5
f 14667/2/5 14663/2/5 14666/2/5
f 14668/2/5 14665/2/5 14664/2/5
f 14669/2/5 14660/2/5 14665/2/5
f 14669/2/5 14665/2/5 14668/2/5
f 14670/2/5 14666/2/5 14655/2/5
f 14672/1/5 14655/1/5 14654/1/5
f 14673/2/5 14671/2/5 14670/2/5
f 14673/1/5 14655/1/5 14672/1/5
f 14673/2/5 14670/2/5 14655/2/5
f 14674/2/5 14671/2/5 14673/2/5
f 14676/2/5 14660/2/5 14669/2/5
f 14677/3/5 14661/3/5 14660/3/5
f 14677/2/5 14660/2/5 14676/2/5
f 14678/3/5 14661/3/5 14677/3/5
f 14680/2/5 14671/2/5 14674/2/5
f 14681/2/5 14676/2/5 14675/2/5
f 14683/3/5 14680/3/5 14679/3/5
f 14684/2/5 14671/2/5 14680/2/5
f 14684/3/5 14680/3/5 14683/3/5
f 14685/2/5 14671/2/5 14684/2/5
f 14688/2/5 14681/2/5 14675/2/5
f 14689/1/5 14682/1/5 14681/1/5
f 14689/2/5 14681/2/5 14688/2/5
f 14690/1/5 14682/1/5 14689/1/5
f 14691/2/5 14686/2/5 14685/2/5
f 14692/2/5 14686/2/5 14691/2/5
f 14695/2/5 14688/2/5 14687/2/5
f 14696/2/5 14688/2/5 14695/2/5
f 14697/2/5 14693/2/5 14692/2/5
f 14698/2/5 14693/2/5 14697/2/5
f 14701/2/5 14695/2/5 14694/2/5
f 14702/2/5 14695/2/5 14701/2/5
f 14703/2/5 14699/2/5 14698/2/5
f 14704/2/5 14699/2/5 14703/2/5
f 14707/2/5 14701/2/5 14700/2/5
f 14708/2/5 14701/2/5 14707/2/5
f 14709/2/5 14705/2/5 14704/2/5
f 14710/2/5 14705/2/5 14709/2/5
f 14711/2/5 14705/2/5 14710/2/5
f 14712/2/5 14668/2/5 14667/2/5
f 14713/2/5 14668/2/5 14712/2/5
f 14714/2/5 14707/2/5 14706/2/5
f 14715/2/5 14707/2/5 14714/2/5
f 14716/2/5 14707/2/5 14715/2/5
f 14717/1/5 14710/1/5 14709/1/5
f 14718/1/5 14710/1/5 14717/1/5
f 14719/2/5 14713/2/5 14712/2/5
f 14719/2/5 14712/2/5 14711/2/5
f 14719/2/5 14714/2/5 14713/2/5
f 14720/2/5 14714/2/5 14719/2/5
f 14721/2/5 14714/2/5 14720/2/5
f 14722/3/5 14716/3/5 14715/3/5
f 14723/3/5 14716/3/5 14722/3/5
f 14724/1/5 14720/1/5 14719/1/5
f 14725/3/5 14721/3/5 14720/3/5
f 14725/1/5 14720/1/5 14724/1/5
f 14726/3/5 14721/3/5 14725/3/5
f 14733/1/5 14728/1/5 14727/1/5
f 14734/1/5 14728/1/5 14733/1/5
f 14735/1/5 14730/1/5 14729/1/5
f 14736/1/5 14730/1/5 14735/1/5
f 14740/3/5 14732/3/5 14731/3/5
f 14741/3/5 14732/3/5 14740/3/5
f 14742/1/5 14738/1/5 14737/1/5
f 14743/1/5 14738/1/5 14742/1/5
f 14746/3/5 14740/3/5 14739/3/5
f 14747/3/5 14740/3/5 14746/3/5
f 14748/1/5 14744/1/5 14743/1/5
f 14749/1/5 14744/1/5 14748/1/5
f 14752/3/5 14746/3/5 14745/3/5
f 14753/3/5 14746/3/5 14752/3/5
f 14754/1/5 14750/1/5 14749/1/5
f 14755/1/5 14750/1/5 14754/1/5
f 14757/3/5 14752/3/5 14751/3/5
f 14758/3/5 14752/3/5 14757/3/5
f 14759/1/5 14756/1/5 14755/1/5
f 14760/1/5 14756/1/5 14759/1/5
f 14765/3/5 14762/3/5 14761/3/5
f 14766/3/5 14762/3/5 14765/3/5
f 14767/1/5 14764/1/5 14763/1/5
f 14768/1/5 14764/1/5 14767/1/5
f 14773/1/5 14770/1/5 14769/1/5
f 14774/1/5 14770/1/5 14773/1/5
f 14775/3/5 14772/3/5 14771/3/5
f 14776/3/5 14772/3/5 14775/3/5
f 14781/1/5 14778/1/5 14777/1/5
f 14782/1/5 14778/1/5 14781/1/5
f 14785/3/5 14780/3/5 14779/3/5
f 14786/3/5 14780/3/5 14785/3/5
f 14787/1/5 14783/1/5 14782/1/5
f 14788/1/5 14783/1/5 14787/1/5
f 14791/3/5 14785/3/5 14784/3/5
f 14792/3/5 14785/3/5 14791/3/5
f 14793/1/5 14789/1/5 14788/1/5
f 14794/1/5 14789/1/5 14793/1/5
f 14797/3/5 14791/3/5 14790/3/5
f 14798/3/5 14791/3/5 14797/3/5
f 14799/1/5 14795/1/5 14794/1/5
f 14800/1/5 14795/1/5 14799/1/5
f 14805/3/5 14797/3/5 14796/3/5
f 14806/3/5 14797/3/5 14805/3/5
f 14807/1/5 14802/1/5 14801/1/5
f 14808/1/5 14802/1/5 14807/1/5
f 14809/3/5 14804/3/5 14803/3/5
f 14810/3/5 14804/3/5 14809/3/5
f 14816/3/5 14812/3/5 14811/3/5
f 14816/3/5 14813/3/5 14812/3/5
f 14817/1/5 14814/1/5 14813/1/5
f 14817/3/5 14813/3/5 14816/3/5
f 14818/1/5 14814/1/5 14817/1/5
f 14821/3/5 14816/3/5 14815/3/5
f 14822/3/5 14816/3/5 14821/3/5
f 14823/1/5 14819/1/5 14818/1/5
f 14824/1/5 14819/1/5 14823/1/5
f 14827/3/5 14821/3/5 14820/3/5
f 14828/3/5 14821/3/5 14827/3/5
f 14829/1/5 14825/1/5 14824/1/5
f 14830/1/5 14825/1/5 14829/1/5
f 14833/3/5 14827/3/5 14826/3/5
f 14834/3/5 14827/3/5 14833/3/5
f 14835/1/5 14831/1/5 14830/1/5
f 14836/1/5 14831/1/5 14835/1/5
f 14838/3/5 14833/3/5 14832/3/5
f 14839/3/5 14833/3/5 14838/3/5
f 14840/1/5 14837/1/5 14836/1/5
f 14841/1/5 14837/1/5 14840/1/5
f 14842/1/5 14839/1/5 14838/1/5
f 14843/1/5 14839/1/5 14842/1/5
f 14846/3/5 14841/3/5 14840/3/5
f 14847/3/5 14841/3/5 14846/3/5
f 14848/1/5 14844/1/5 14843/1/5
f 14849/1/5 14844/1/5 14848/1/5
f 14852/3/5 14846/3/5 14845/3/5
f 14853/3/5 14846/3/5 14852/3/5
f 14854/1/5 14850/1/5 14849/1/5
f 14855/1/5 14850/1/5 14854/1/5
f 14858/3/5 14852/3/5 14851/3/5
f 14859/3/5 14852/3/5 14858/3/5
f 14860/1/5 14856/1/5 14855/1/5
f 14861/1/5 14856/1/5 14860/1/5
f 14863/3/5 14858/3/5 14857/3/5
f 14864/3/5 14858/3/5 14863/3/5
f 14865/1/5 14862/1/5 14861/1/5
f 14866/3/5 14863/3/5 14862/3/5
f 14866/1/5 14862/1/5 14865/1/5
f 14867/3/5 14863/3/5 14866/3/5
f 14873/3/5 14869/3/5 14868/3/5
f 14874/1/5 14870/1/5 14869/1/5
f 14874/3/5 14869/3/5 14873/3/5
f 14875/1/5 14870/1/5 14874/1/5
f 14879/3/5 14872/3/5 14871/3/5
f 14880/3/5 14872/3/5 14879/3/5
f 14881/1/5 14877/1/5 14876/1/5
f 14882/1/5 14877/1/5 14881/1/5
f 14884/3/5 14879/3/5 14878/3/5
f 14885/3/5 14879/3/5 14884/3/5
f 14886/1/5 14883/1/5 14882/1/5
f 14887/1/5 14883/1/5 14886/1/5
f 14892/3/5 14889/3/5 14888/3/5
f 14893/3/5 14889/3/5 14892/3/5
f 14894/1/5 14891/1/5 14890/1/5
f 14895/1/5 14891/1/5 14894/1/5
f 14896/1/5 14893/1/5 14892/1/5
f 14897/1/5 14893/1/5 14896/1/5
f 14898/3/5 14895/3/5 14894/3/5
f 14899/3/5 14895/3/5 14898/3/5
f 14904/1/5 14901/1/5 14900/1/5
f 14905/1/5 14901/1/5 14904/1/5
f 14908/3/5 14903/3/5 14902/3/5
f 14909/3/5 14903/3/5 14908/3/5
f 14910/1/5 14906/1/5 14905/1/5
f 14911/1/5 14906/1/5 14910/1/5
f 14915/3/5 14908/3/5 14907/3/5
f 14916/3/5 14908/3/5 14915/3/5
f 14917/1/5 14913/1/5 14912/1/5
f 14918/3/5 14914/3/5 14913/3/5
f 14918/1/5 14913/1/5 14917/1/5
f 14919/3/5 14914/3/5 14918/3/5
f 14924/3/5 14921/3/5 14920/3/5
f 14925/1/5 14922/1/5 14921/1/5
f 14925/3/5 14921/3/5 14924/3/5
f 14926/1/5 14922/1/5 14925/1/5
f 14929/3/5 14924/3/5 14923/3/5
f 14930/3/5 14924/3/5 14929/3/5
f 14931/1/5 14927/1/5 14926/1/5
f 14932/1/5 14927/1/5 14931/1/5
f 14934/3/5 14929/3/5 14928/3/5
f 14935/3/5 14929/3/5 14934/3/5
f 14936/1/5 14933/1/5 14932/1/5
f 14937/1/5 14933/1/5 14936/1/5
f 14938/1/5 14935/1/5 14934/1/5
f 14939/1/5 14935/1/5 14938/1/5
f 14942/3/5 14937/3/5 14936/3/5
f 14943/3/5 14937/3/5 14942/3/5
f 14944/1/5 14940/1/5 14939/1/5
f 14945/1/5 14940/1/5 14944/1/5
f 14947/3/5 14942/3/5 14941/3/5
f 14948/3/5 14942/3/5 14947/3/5
f 14949/1/5 14946/1/5 14945/1/5
f 14950/3/5 14947/3/5 14946/3/5
f 14950/1/5 14946/1/5 14949/1/5
f 14951/3/5 14947/3/5 14950/3/5
f 14956/3/5 14953/3/5 14952/3/5
f 14957/3/5 14953/3/5 14956/3/5
f 14958/1/5 14954/1/5 14953/1/5
f 14958/3/5 14953/3/5 14957/3/5
f 14959/1/5 14954/1/5 14958/1/5
f 14960/1/5 14954/1/5 14959/1/5
f 14962/3/5 14957/3/5 14956/3/5
f 14962/3/5 14956/3/5 14955/3/5
f 14963/3/5 14957/3/5 14962/3/5
f 14964/1/5 14961/1/5 14960/1/5
f 14964/1/5 14960/1/5 14959/1/5
f 14965/1/5 14961/1/5 14964/1/5
f 14966/3/5 14962/3/5 14955/3/5
f 14967/3/5 14962/3/5 14966/3/5
f 14968/1/5 14961/1/5 14965/1/5
f 14969/1/5 14961/1/5 14968/1/5
f 14970/1/5 14967/1/5 14966/1/5
f 14973/3/5 14969/3/5 14968/3/5
f 14974/1/5 14971/1/5 14970/1/5
f 14974/1/5 14970/1/5 14966/1/5
f 14975/1/5 14971/1/5 14974/1/5
f 14976/1/5 14971/1/5 14975/1/5
f 14978/3/5 14973/3/5 14972/3/5
f 14979/3/5 14969/3/5 14973/3/5
f 14979/3/5 14973/3/5 14978/3/5
f 14980/3/5 14969/3/5 14979/3/5
f 14981/1/5 14977/1/5 14976/1/5
f 14981/1/5 14976/1/5 14975/1/5
f 14982/3/5 14978/3/5 14977/3/5
f 14982/1/5 14977/1/5 14981/1/5
f 14982/3/5 14979/3/5 14978/3/5
f 14983/3/5 14979/3/5 14982/3/5
f 14988/3/5 14985/3/5 14984/3/5
f 14989/1/5 14986/1/5 14985/1/5
f 14989/3/5 14985/3/5 14988/3/5
f 14990/1/5 14986/1/5 14989/1/5
f 14992/3/5 14988/3/5 14987/3/5
f 14993/3/5 14988/3/5 14992/3/5
f 14994/1/5 14991/1/5 14990/1/5
f 14995/1/5 14991/1/5 14994/1/5
f 14996/1/5 14993/1/5 14992/1/5
f 14997/1/5 14993/1/5 14996/1/5
f 14999/3/5 14995/3/5 14994/3/5
f 15000/3/5 14995/3/5 14999/3/5
f 15001/1/5 14998/1/5 14997/1/5
f 15002/3/5 14999/3/5 14998/3/5
f 15002/1/5 14998/1/5 15001/1/5
f 15003/3/5 14999/3/5 15002/3/5
f 15007/3/5 15005/3/5 15004/3/5
f 15008/1/5 15006/1/5 15005/1/5
f 15008/3/5 15005/3/5 15007/3/5
f 15009/1/5 15006/1/5 15008/1/5
f 15010/3/5 15007/3/5 15004/3/5
f 15011/3/5 15007/3/5 15010/3/5
f 15012/1/5 15006/1/5 15009/1/5
f 15013/1/5 15006/1/5 15012/1/5
f 15014/1/5 15011/1/5 15010/1/5
f 15016/3/5 15013/3/5 15012/3/5
f 15017/1/5 15015/1/5 15014/1/5
f 15017/1/5 15014/1/5 15010/1/5
f 15018/3/5 15016/3/5 15015/3/5
f 15018/1/5 15015/1/5 15017/1/5
f 15019/3/5 15013/3/5 15016/3/5
f 15019/3/5 15016/3/5 15018/3/5
f 15023/3/5 15021/3/5 15020/3/5
f 15024/1/5 15022/1/5 15021/1/5
f 15024/3/5 15021/3/5 15023/3/5
f 15025/1/5 15022/1/5 15024/1/5
f 15026/3/5 15023/3/5 15020/3/5
f 15027/3/5 15023/3/5 15026/3/5
f 15028/1/5 15022/1/5 15025/1/5
f 15029/1/5 15022/1/5 15028/1/5
f 15030/1/5 15027/1/5 15026/1/5
f 15032/3/5 15029/3/5 15028/3/5
f 15033/1/5 15031/1/5 15030/1/5
f 15033/1/5 15030/1/5 15026/1/5
f 15034/3/5 15032/3/5 15031/3/5
f 15034/1/5 15031/1/5 15033/1/5
f 15035/3/5 15029/3/5 15032/3/5
f 15035/3/5 15032/3/5 15034/3/5
f 15040/3/5 15037/3/5 15036/3/5
f 15041/3/5 15037/3/5 15040/3/5
f 15042/1/5 15039/1/5 15038/1/5
f 15043/1/5 15039/1/5 15042/1/5
f 15048/1/5 15045/1/5 15044/1/5
f 15049/1/5 15045/1/5 15048/1/5
f 15050/3/5 15047/3/5 15046/3/5
f 15051/3/5 15047/3/5 15050/3/5
f 15055/3/5 15053/3/5 15052/3/5
f 15056/3/5 15053/3/5 15055/3/5
f 15058/1/5 15055/1/5 15054/1/5
f 15059/1/5 15055/1/5 15058/1/5
f 15060/1/5 15057/1/5 15056/1/5
f 15061/1/5 15057/1/5 15060/1/5
f 15062/3/5 15060/3/5 15059/3/5
f 15063/3/5 15060/3/5 15062/3/5
f 15064/1/6 15065/1/6 15069/1/6
f 15069/1/6 15065/1/6 15070/1/6
f 15066/3/6 15067/3/6 15071/3/6
f 15071/3/6 15067/3/6 15072/3/6
f 15068/1/6 15069/1/6 15075/1/6
f 15075/1/6 15069/1/6 15076/1/6
f 15072/3/6 15073/3/6 15077/3/6
f 15077/3/6 15073/3/6 15078/3/6
f 15074/1/6 15075/1/6 15080/1/6
f 15080/1/6 15075/1/6 15081/1/6
f 15078/3/6 15079/3/6 15082/3/6
f 15082/3/6 15079/3/6 15083/3/6
f 15084/3/6 15085/3/6 15089/3/6
f 15089/3/6 15085/3/6 15090/3/6
f 15086/1/6 15087/1/6 15091/1/6
f 15091/1/6 15087/1/6 15092/1/6
f 15088/3/6 15089/3/6 15095/3/6
f 15095/3/6 15089/3/6 15096/3/6
f 15092/1/6 15093/1/6 15097/1/6
f 15097/1/6 15093/1/6 15098/1/6
f 15094/3/6 15095/3/6 15100/3/6
f 15100/3/6 15095/3/6 15101/3/6
f 15098/1/6 15099/1/6 15102/1/6
f 15102/1/6 15099/1/6 15103/1/6
f 15104/3/6 15105/3/6 15108/3/6
f 15108/3/6 15105/3/6 15109/3/6
f 15106/1/6 15107/1/6 15112/1/6
f 15112/1/6 15107/1/6 15113/1/6
f 15109/3/6 15110/3/6 15114/3/6
f 15114/3/6 15110/3/6 15115/3/6
f 15111/1/6 15112/1/6 15118/1/6
f 15118/1/6 15112/1/6 15119/1/6
f 15115/3/6 15116/3/6 15120/3/6
f 15120/3/6 15116/3/6 15121/3/6
f 15117/2/6 15118/2/6 15122/2/6
f 15122/2/6 15118/2/6 15123/2/6
f 15124/1/6 15125/1/6 15128/1/6
f 15128/1/6 15125/1/6 15129/1/6
f 15126/3/6 15127/3/6 15132/3/6
f 15132/3/6 15127/3/6 15133/3/6
f 15129/1/6 15130/1/6 15134/1/6
f 15134/1/6 15130/1/6 15135/1/6
f 15131/3/6 15132/3/6 15138/3/6
f 15138/3/6 15132/3/6 15139/3/6
f 15135/1/6 15136/1/6 15140/1/6
f 15140/1/6 15136/1/6 15141/1/6
f 15137/3/6 15138/3/6 15142/3/6
f 15142/3/6 15138/3/6 15143/3/6
f 15144/2/6 15145/2/6 15147/2/6
f 15147/2/6 15145/2/6 15148/2/6
f 15148/2/6 15145/2/6 15149/2/6
f 15146/1/6 15147/1/6 15152/1/6
f 15147/1/6 15148/1/6 15152/1/6
f 15152/1/6 15148/1/6 15153/1/6
f 15149/3/6 15150/3/6 15154/3/6
f 15153/1/6 15148/1/6 15154/1/6
f 15148/3/6 15149/3/6 15154/3/6
f 15154/3/6 15150/3/6 15155/3/6
f 15152/1/6 15153/1/6 15158/1/6
f 15151/1/6 15152/1/6 15158/1/6
f 15158/1/6 15153/1/6 15159/1/6
f 15154/3/6 15155/3/6 15160/3/6
f 15160/3/6 15155/3/6 15161/3/6
f 15156/2/6 15157/2/6 15165/2/6
f 15165/2/6 15157/2/6 15166/2/6
f 15162/2/6 15163/2/6 15167/2/6
f 15167/2/6 15163/2/6 15168/2/6
f 15164/2/6 15165/2/6 15171/2/6
f 15171/2/6 15165/2/6 15172/2/6
f 15168/2/6 15169/2/6 15175/2/6
f 15175/2/6 15169/2/6 15176/2/6
f 15170/2/6 15171/2/6 15178/2/6
f 15178/2/6 15171/2/6 15179/2/6
f 15172/1/6 15173/1/6 15180/1/6
f 15174/3/6 15175/3/6 15181/3/6
f 15176/2/6 15177/2/6 15182/2/6
f 15182/2/6 15177/2/6 15183/2/6
f 15179/1/6 15180/1/6 15186/1/6
f 15180/1/6 15173/1/6 15187/1/6
f 15186/1/6 15180/1/6 15187/1/6
f 15187/1/6 15173/1/6 15188/1/6
f 15174/3/6 15181/3/6 15189/3/6
f 15181/3/6 15182/3/6 15189/3/6
f 15189/3/6 15182/3/6 15190/3/6
f 15190/3/6 15182/3/6 15191/3/6
f 15184/1/6 15185/1/6 15194/1/6
f 15185/1/6 15186/1/6 15194/1/6
f 15186/1/6 15187/1/6 15194/1/6
f 15194/1/6 15187/1/6 15195/1/6
f 15195/1/6 15187/1/6 15196/1/6
f 15191/3/6 15192/3/6 15197/3/6
f 15192/3/6 15193/3/6 15197/3/6
f 15190/3/6 15191/3/6 15197/3/6
f 15197/3/6 15193/3/6 15198/3/6
f 15198/3/6 15193/3/6 15199/3/6
f 15194/1/6 15195/1/6 15200/1/6
f 15200/1/6 15195/1/6 15201/1/6
f 15198/3/6 15199/3/6 15202/3/6
f 15202/3/6 15199/3/6 15203/3/6
f 15201/1/6 15195/1/6 15207/1/6
f 15207/1/6 15195/1/6 15208/1/6
f 15198/3/6 15202/3/6 15209/3/6
f 15209/3/6 15202/3/6 15210/3/6
f 15205/3/6 15206/3/6 15216/3/6
f 15204/3/6 15205/3/6 15216/3/6
f 15216/3/6 15206/3/6 15217/3/6
f 15212/1/6 15213/1/6 15219/1/6
f 15211/1/6 15212/1/6 15219/1/6
f 15219/1/6 15213/1/6 15220/1/6
f 15214/2/6 15215/2/6 15224/2/6
f 15224/2/6 15215/2/6 15225/2/6
f 15217/3/6 15218/3/6 15226/3/6
f 15216/3/6 15217/3/6 15226/3/6
f 15226/3/6 15218/3/6 15227/3/6
f 15227/3/6 15218/3/6 15228/3/6
f 15219/1/6 15220/1/6 15229/1/6
f 15229/1/6 15220/1/6 15230/1/6
f 15230/1/6 15220/1/6 15231/1/6
f 15221/2/6 15222/2/6 15232/2/6
f 15232/2/6 15222/2/6 15233/2/6
f 15223/2/6 15224/2/6 15236/2/6
f 15236/2/6 15224/2/6 15237/2/6
f 15225/3/6 15226/3/6 15238/3/6
f 15226/3/6 15227/3/6 15238/3/6
f 15238/3/6 15227/3/6 15239/3/6
f 15239/3/6 15227/3/6 15240/3/6
f 15230/1/6 15231/1/6 15241/1/6
f 15231/1/6 15232/1/6 15241/1/6
f 15241/1/6 15232/1/6 15242/1/6
f 15242/1/6 15232/1/6 15243/1/6
f 15233/2/6 15234/2/6 15244/2/6
f 15244/2/6 15234/2/6 15245/2/6
f 15235/2/6 15236/2/6 15247/2/6
f 15247/2/6 15236/2/6 15248/2/6
f 15238/3/6 15239/3/6 15249/3/6
f 15237/3/6 15238/3/6 15249/3/6
f 15249/3/6 15239/3/6 15250/3/6
f 15242/1/6 15243/1/6 15251/1/6
f 15243/1/6 15244/1/6 15251/1/6
f 15251/1/6 15244/1/6 15252/1/6
f 15245/2/6 15246/2/6 15253/2/6
f 15253/2/6 15246/2/6 15254/2/6
f 15257/3/6 15258/3/6 15260/3/6
f 15255/1/6 15256/1/6 15262/1/6
f 15261/1/6 15262/1/6 15264/1/6
f 15259/3/6 15260/3/6 15265/3/6
f 15260/3/6 15258/3/6 15265/3/6
f 15264/1/6 15262/1/6 15267/1/6
f 15262/1/6 15256/1/6 15267/1/6
f 15267/1/6 15256/1/6 15268/1/6
f 15264/1/6 15267/1/6 15269/1/6
f 15263/2/6 15264/2/6 15271/2/6
f 15269/1/6 15270/1/6 15272/1/6
f 15271/2/6 15264/2/6 15272/2/6
f 15264/1/6 15269/1/6 15272/1/6
f 15265/2/6 15266/2/6 15273/2/6
f 15259/3/6 15265/3/6 15273/3/6
f 15273/2/6 15266/2/6 15274/2/6
f 15272/1/6 15270/1/6 15275/1/6
f 15275/1/6 15270/1/6 15276/1/6
f 15276/1/6 15270/1/6 15277/1/6
f 15259/3/6 15273/3/6 15278/3/6
f 15278/3/6 15273/3/6 15279/3/6
f 15279/3/6 15273/3/6 15280/3/6
f 15280/3/6 15273/3/6 15281/3/6
f 15282/2/6 15283/2/6 15290/2/6
f 15290/2/6 15283/2/6 15291/2/6
f 15284/3/6 15285/3/6 15292/3/6
f 15292/3/6 15285/3/6 15293/3/6
f 15293/3/6 15285/3/6 15294/3/6
f 15286/1/6 15287/1/6 15297/1/6
f 15297/1/6 15287/1/6 15298/1/6
f 15298/1/6 15287/1/6 15299/1/6
f 15288/2/6 15289/2/6 15300/2/6
f 15300/2/6 15289/2/6 15301/2/6
f 15291/2/6 15292/2/6 15302/2/6
f 15302/2/6 15292/2/6 15303/2/6
f 15294/3/6 15295/3/6 15304/3/6
f 15293/3/6 15294/3/6 15304/3/6
f 15304/3/6 15295/3/6 15305/3/6
f 15305/3/6 15295/3/6 15306/3/6
f 15297/1/6 15298/1/6 15309/1/6
f 15296/1/6 15297/1/6 15309/1/6
f 15309/1/6 15298/1/6 15310/1/6
f 15310/1/6 15298/1/6 15311/1/6
f 15299/2/6 15300/2/6 15312/2/6
f 15312/2/6 15300/2/6 15313/2/6
f 15303/2/6 15304/2/6 15314/2/6
f 15314/2/6 15304/2/6 15315/2/6
f 15306/3/6 15307/3/6 15316/3/6
f 15305/3/6 15306/3/6 15316/3/6
f 15316/3/6 15307/3/6 15317/3/6
f 15317/3/6 15307/3/6 15318/3/6
f 15309/1/6 15310/1/6 15319/1/6
f 15308/1/6 15309/1/6 15319/1/6
f 15319/1/6 15310/1/6 15320/1/6
f 15311/2/6 15312/2/6 15321/2/6
f 15321/2/6 15312/2/6 15322/2/6
f 15316/3/6 15317/3/6 15323/3/6
f 15323/3/6 15317/3/6 15324/3/6
f 15324/3/6 15317/3/6 15325/3/6
f 15319/1/6 15320/1/6 15331/1/6
f 15331/1/6 15320/1/6 15332/1/6
f 15332/1/6 15320/1/6 15333/1/6
f 15333/1/6 15320/1/6 15334/1/6
f 15329/3/6 15330/3/6 15335/3/6
f 15330/3/6 15331/3/6 15335/3/6
f 15326/3/6 15327/3/6 15336/3/6
f 15327/1/6 15328/1/6 15337/1/6
f 15336/3/6 15327/3/6 15337/3/6
f 15337/1/6 15328/1/6 15338/1/6
f 15329/3/6 15335/3/6 15341/3/6
f 15341/3/6 15335/3/6 15342/3/6
f 15338/1/6 15339/1/6 15343/1/6
f 15336/1/6 15337/1/6 15343/1/6
f 15337/1/6 15338/1/6 15343/1/6
f 15343/1/6 15339/1/6 15344/1/6
f 15344/1/6 15339/1/6 15345/1/6
f 15345/1/6 15339/1/6 15346/1/6
f 15341/3/6 15342/3/6 15349/3/6
f 15340/3/6 15341/3/6 15349/3/6
f 15349/3/6 15342/3/6 15350/3/6
f 15350/3/6 15342/3/6 15351/3/6
f 15351/3/6 15342/3/6 15352/3/6
f 15346/1/6 15347/1/6 15354/1/6
f 15345/1/6 15346/1/6 15354/1/6
f 15354/1/6 15347/1/6 15355/1/6
f 15348/3/6 15349/3/6 15356/3/6
f 15349/3/6 15350/3/6 15356/3/6
f 15356/3/6 15350/3/6 15357/3/6
f 15353/2/6 15354/2/6 15359/2/6
f 15359/2/6 15354/2/6 15360/2/6
f 15355/1/6 15347/1/6 15361/1/6
f 15361/1/6 15347/1/6 15362/1/6
f 15348/3/6 15356/3/6 15363/3/6
f 15363/3/6 15356/3/6 15364/3/6
f 15357/2/6 15358/2/6 15365/2/6
f 15365/2/6 15358/2/6 15366/2/6
f 15360/2/6 15361/2/6 15367/2/6
f 15367/2/6 15361/2/6 15368/2/6
f 15364/2/6 15365/2/6 15371/2/6
f 15371/2/6 15365/2/6 15372/2/6
f 15368/2/6 15369/2/6 15373/2/6
f 15373/2/6 15369/2/6 15374/2/6
f 15370/2/6 15371/2/6 15378/2/6
f 15378/2/6 15371/2/6 15379/2/6
f 15375/1/6 15376/1/6 15381/1/6
f 15376/3/6 15377/3/6 15382/3/6
f 15380/1/6 15381/1/6 15384/1/6
f 15381/1/6 15376/1/6 15385/1/6
f 15384/1/6 15381/1/6 15385/1/6
f 15382/3/6 15383/3/6 15386/3/6
f 15385/1/6 15376/1/6 15386/1/6
f 15376/3/6 15382/3/6 15386/3/6
f 15386/3/6 15383/3/6 15387/3/6
f 15387/3/6 15383/3/6 15388/3/6
f 15385/2/6 15386/2/6 15389/2/6
f 15386/2/6 15387/2/6 15389/2/6
f 15389/2/6 15387/2/6 15390/2/6
f 15391/2/6 15392/2/6 15395/2/6
f 15395/2/6 15392/2/6 15396/2/6
f 15396/2/6 15392/2/6 15397/2/6
f 15397/2/6 15392/2/6 15398/2/6
f 15393/2/6 15394/2/6 15399/2/6
f 15399/2/6 15394/2/6 15400/2/6
f 15400/2/6 15394/2/6 15401/2/6
f 15396/2/6 15397/2/6 15403/2/6
f 15403/2/6 15397/2/6 15404/2/6
f 15402/1/6 15403/1/6 15411/1/6
f 15411/1/6 15403/1/6 15412/1/6
f 15412/1/6 15403/1/6 15413/1/6
f 15405/1/6 15406/1/6 15414/1/6
f 15414/1/6 15406/1/6 15415/1/6
f 15407/3/6 15408/3/6 15416/3/6
f 15416/3/6 15408/3/6 15417/3/6
f 15408/2/6 15409/2/6 15418/2/6
f 15417/3/6 15408/3/6 15418/3/6
f 15418/2/6 15409/2/6 15419/2/6
f 15410/1/6 15411/1/6 15422/1/6
f 15412/1/6 15413/1/6 15423/1/6
f 15414/1/6 15415/1/6 15423/1/6
f 15413/1/6 15414/1/6 15423/1/6
f 15423/1/6 15415/1/6 15424/1/6
f 15416/3/6 15417/3/6 15425/3/6
f 15415/3/6 15416/3/6 15425/3/6
f 15425/3/6 15417/3/6 15426/3/6
f 15418/3/6 15419/3/6 15427/3/6
f 15419/2/6 15420/2/6 15427/2/6
f 15427/2/6 15420/2/6 15428/2/6
f 15424/1/6 15415/1/6 15429/1/6
f 15429/1/6 15415/1/6 15430/1/6
f 15430/1/6 15415/1/6 15431/1/6
f 15415/3/6 15425/3/6 15432/3/6
f 15431/1/6 15415/1/6 15432/1/6
f 15432/3/6 15425/3/6 15433/3/6
f 15433/3/6 15425/3/6 15434/3/6
f 15421/1/6 15422/1/6 15437/1/6
f 15422/1/6 15411/1/6 15437/1/6
f 15437/1/6 15411/1/6 15438/1/6
f 15430/1/6 15431/1/6 15439/1/6
f 15439/1/6 15431/1/6 15440/1/6
f 15432/3/6 15433/3/6 15441/3/6
f 15441/3/6 15433/3/6 15442/3/6
f 15427/3/6 15428/3/6 15443/3/6
f 15418/3/6 15427/3/6 15443/3/6
f 15443/3/6 15428/3/6 15444/3/6
f 15435/2/6 15436/2/6 15447/2/6
f 15447/2/6 15436/2/6 15448/2/6
f 15421/1/6 15437/1/6 15450/1/6
f 15450/1/6 15437/1/6 15451/1/6
f 15444/3/6 15428/3/6 15452/3/6
f 15452/3/6 15428/3/6 15453/3/6
f 15445/2/6 15446/2/6 15455/2/6
f 15455/2/6 15446/2/6 15456/2/6
f 15449/1/6 15450/1/6 15460/1/6
f 15453/3/6 15454/3/6 15461/3/6
f 15457/3/6 15458/3/6 15466/3/6
f 15466/3/6 15458/3/6 15467/3/6
f 15459/1/6 15460/1/6 15468/1/6
f 15460/1/6 15450/1/6 15469/1/6
f 15468/1/6 15460/1/6 15469/1/6
f 15461/3/6 15462/3/6 15470/3/6
f 15453/3/6 15461/3/6 15470/3/6
f 15470/3/6 15462/3/6 15471/3/6
f 15463/3/6 15464/3/6 15472/3/6
f 15472/3/6 15464/3/6 15473/3/6
f 15465/3/6 15466/3/6 15477/3/6
f 15477/3/6 15466/3/6 15478/3/6
f 15459/1/6 15468/1/6 15479/1/6
f 15479/1/6 15468/1/6 15480/1/6
f 15471/3/6 15462/3/6 15481/3/6
f 15481/3/6 15462/3/6 15482/3/6
f 15473/3/6 15474/3/6 15483/3/6
f 15483/3/6 15474/3/6 15484/3/6
f 15475/2/6 15476/2/6 15487/2/6
f 15487/2/6 15476/2/6 15488/2/6
f 15485/2/6 15486/2/6 15489/2/6
f 15489/2/6 15486/2/6 15490/2/6
f 15491/3/6 15492/3/6 15495/3/6
f 15495/3/6 15492/3/6 15496/3/6
f 15493/1/6 15494/1/6 15497/1/6
f 15497/1/6 15494/1/6 15498/1/6
f 15491/3/6 15495/3/6 15500/3/6
f 15498/1/6 15494/1/6 15501/1/6
f 15499/3/6 15500/3/6 15504/3/6
f 15500/3/6 15495/3/6 15505/3/6
f 15504/3/6 15500/3/6 15505/3/6
f 15501/1/6 15502/1/6 15506/1/6
f 15498/1/6 15501/1/6 15506/1/6
f 15506/1/6 15502/1/6 15507/1/6
f 15503/3/6 15504/3/6 15511/3/6
f 15511/3/6 15504/3/6 15512/3/6
f 15512/3/6 15504/3/6 15513/3/6
f 15507/1/6 15508/1/6 15514/1/6
f 15514/1/6 15508/1/6 15515/1/6
f 15508/2/6 15509/2/6 15516/2/6
f 15515/1/6 15508/1/6 15516/1/6
f 15516/2/6 15509/2/6 15517/2/6
f 15510/3/6 15511/3/6 15520/3/6
f 15511/3/6 15512/3/6 15520/3/6
f 15520/3/6 15512/3/6 15521/3/6
f 15521/3/6 15512/3/6 15522/3/6
f 15516/1/6 15517/1/6 15523/1/6
f 15515/1/6 15516/1/6 15523/1/6
f 15517/2/6 15518/2/6 15524/2/6
f 15523/1/6 15517/1/6 15524/1/6
f 15524/2/6 15518/2/6 15525/2/6
f 15524/1/6 15525/1/6 15526/1/6
f 15526/1/6 15525/1/6 15527/1/6
f 15519/1/6 15520/1/6 15530/1/6
f 15526/3/6 15527/3/6 15532/3/6
f 15528/2/6 15529/2/6 15535/2/6
f 15530/1/6 15531/1/6 15536/1/6
f 15519/1/6 15530/1/6 15536/1/6
f 15536/1/6 15531/1/6 15537/1/6
f 15537/1/6 15531/1/6 15538/1/6
f 15526/3/6 15532/3/6 15541/3/6
f 15533/2/6 15534/2/6 15542/2/6
f 15532/2/6 15533/2/6 15542/2/6
f 15541/3/6 15532/3/6 15542/3/6
f 15542/2/6 15534/2/6 15543/2/6
f 15538/1/6 15539/1/6 15544/1/6
f 15537/1/6 15538/1/6 15544/1/6
f 15540/3/6 15541/3/6 15547/3/6
f 15541/3/6 15542/3/6 15547/3/6
f 15547/3/6 15542/3/6 15548/3/6
f 15548/3/6 15542/3/6 15549/3/6
f 15528/2/6 15535/2/6 15550/2/6
f 15535/2/6 15536/2/6 15550/2/6
f 15550/2/6 15536/2/6 15551/2/6
f 15547/3/6 15548/3/6 15553/3/6
f 15546/3/6 15547/3/6 15553/3/6
f 15528/2/6 15550/2/6 15554/2/6
f 15554/2/6 15550/2/6 15555/2/6
f 15543/2/6 15534/2/6 15556/2/6
f 15556/2/6 15534/2/6 15557/2/6
f 15544/1/6 15545/1/6 15559/1/6
f 15537/1/6 15544/1/6 15559/1/6
f 15559/1/6 15545/1/6 15560/1/6
f 15560/1/6 15545/1/6 15561/1/6
f 15558/1/6 15559/1/6 15562/1/6
f 15559/1/6 15560/1/6 15562/1/6
f 15562/1/6 15560/1/6 15563/1/6
f 15563/1/6 15560/1/6 15564/1/6
f 15552/3/6 15553/3/6 15570/3/6
f 15553/3/6 15548/3/6 15571/3/6
f 15570/3/6 15553/3/6 15571/3/6
f 15566/2/6 15567/2/6 15572/2/6
f 15564/1/6 15565/1/6 15574/1/6
f 15563/1/6 15564/1/6 15574/1/6
f 15574/1/6 15565/1/6 15575/1/6
f 15575/1/6 15565/1/6 15576/1/6
f 15571/3/6 15548/3/6 15577/3/6
f 15577/3/6 15548/3/6 15578/3/6
f 15578/3/6 15548/3/6 15579/3/6
f 15573/1/6 15574/1/6 15581/1/6
f 15574/1/6 15575/1/6 15581/1/6
f 15581/1/6 15575/1/6 15582/1/6
f 15579/3/6 15580/3/6 15583/3/6
f 15578/3/6 15579/3/6 15583/3/6
f 15583/3/6 15580/3/6 15584/3/6
f 15584/3/6 15580/3/6 15585/3/6
f 15568/2/6 15569/2/6 15586/2/6
f 15566/2/6 15572/2/6 15587/2/6
f 15587/2/6 15572/2/6 15588/2/6
f 15573/1/6 15581/1/6 15589/1/6
f 15589/1/6 15581/1/6 15590/1/6
f 15584/3/6 15585/3/6 15591/3/6
f 15585/2/6 15586/2/6 15591/2/6
f 15586/2/6 15569/2/6 15592/2/6
f 15591/2/6 15586/2/6 15592/2/6
f 15592/2/6 15569/2/6 15593/2/6
f 15584/3/6 15591/3/6 15594/3/6
f 15594/3/6 15591/3/6 15595/3/6
f 15573/1/6 15589/1/6 15596/1/6
f 15596/1/6 15589/1/6 15597/1/6
f 15594/1/6 15595/1/6 15601/1/6
f 15601/1/6 15595/1/6 15602/1/6
f 15596/2/6 15597/2/6 15603/2/6
f 15598/3/6 15599/3/6 15604/3/6
f 15603/2/6 15597/2/6 15604/2/6
f 15597/3/6 15598/3/6 15604/3/6
f 15604/3/6 15599/3/6 15605/3/6
f 15605/3/6 15599/3/6 15606/3/6
f 15600/1/6 15601/1/6 15609/1/6
f 15609/1/6 15601/1/6 15610/1/6
f 15601/2/6 15602/2/6 15611/2/6
f 15610/1/6 15601/1/6 15611/1/6
f 15611/2/6 15602/2/6 15612/2/6
f 15604/2/6 15605/2/6 15613/2/6
f 15606/3/6 15607/3/6 15614/3/6
f 15613/2/6 15605/2/6 15614/2/6
f 15605/3/6 15606/3/6 15614/3/6
f 15614/3/6 15607/3/6 15615/3/6
f 15609/1/6 15610/1/6 15618/1/6
f 15608/1/6 15609/1/6 15618/1/6
f 15610/2/6 15611/2/6 15619/2/6
f 15618/1/6 15610/1/6 15619/1/6
f 15619/2/6 15611/2/6 15620/2/6
f 15615/3/6 15616/3/6 15621/3/6
f 15621/3/6 15616/3/6 15622/3/6
f 15617/1/6 15618/1/6 15623/1/6
f 15623/1/6 15618/1/6 15624/1/6
f 15622/3/6 15616/3/6 15625/3/6
f 15617/1/6 15623/1/6 15628/1/6
f 15625/3/6 15626/3/6 15629/3/6
f 15622/3/6 15625/3/6 15629/3/6
f 15629/3/6 15626/3/6 15630/3/6
f 15627/1/6 15628/1/6 15631/1/6
f 15628/1/6 15623/1/6 15632/1/6
f 15631/1/6 15628/1/6 15632/1/6
f 15633/2/6 15634/2/6 15637/2/6
f 15637/2/6 15634/2/6 15638/2/6
f 15635/2/6 15636/2/6 15647/2/6
f 15647/2/6 15636/2/6 15648/2/6
f 15639/3/6 15640/3/6 15649/3/6
f 15649/3/6 15640/3/6 15650/3/6
f 15641/1/6 15642/1/6 15652/1/6
f 15643/3/6 15644/3/6 15655/3/6
f 15645/3/6 15646/3/6 15657/3/6
f 15657/3/6 15646/3/6 15658/3/6
f 15650/3/6 15651/3/6 15659/3/6
f 15659/3/6 15651/3/6 15660/3/6
f 15652/1/6 15653/1/6 15661/1/6
f 15641/1/6 15652/1/6 15661/1/6
f 15661/1/6 15653/1/6 15662/1/6
f 15654/3/6 15655/3/6 15663/3/6
f 15655/3/6 15644/3/6 15664/3/6
f 15663/3/6 15655/3/6 15664/3/6
f 15656/3/6 15657/3/6 15665/3/6
f 15665/3/6 15657/3/6 15666/3/6
f 15662/1/6 15653/1/6 15669/1/6
f 15669/1/6 15653/1/6 15670/1/6
f 15654/3/6 15663/3/6 15673/3/6
f 15673/3/6 15663/3/6 15674/3/6
f 15667/2/6 15668/2/6 15677/2/6
f 15677/2/6 15668/2/6 15678/2/6
f 15670/1/6 15671/1/6 15679/1/6
f 15672/3/6 15673/3/6 15685/3/6
f 15675/2/6 15676/2/6 15686/2/6
f 15686/2/6 15676/2/6 15687/2/6
f 15681/1/6 15682/1/6 15689/1/6
f 15682/3/6 15683/3/6 15690/3/6
f 15670/1/6 15679/1/6 15692/1/6
f 15679/1/6 15680/1/6 15692/1/6
f 15692/1/6 15680/1/6 15693/1/6
f 15688/1/6 15689/1/6 15695/1/6
f 15690/3/6 15691/3/6 15696/3/6
f 15684/3/6 15685/3/6 15698/3/6
f 15685/3/6 15673/3/6 15698/3/6
f 15698/3/6 15673/3/6 15699/3/6
f 15692/2/6 15693/2/6 15700/2/6
f 15693/1/6 15680/1/6 15701/1/6
f 15700/2/6 15693/2/6 15701/2/6
f 15701/1/6 15680/1/6 15702/1/6
f 15694/1/6 15695/1/6 15703/1/6
f 15695/1/6 15689/1/6 15704/1/6
f 15703/1/6 15695/1/6 15704/1/6
f 15696/3/6 15697/3/6 15705/3/6
f 15704/1/6 15689/1/6 15705/1/6
f 15682/3/6 15690/3/6 15705/3/6
f 15690/3/6 15696/3/6 15705/3/6
f 15689/1/6 15682/1/6 15705/1/6
f 15705/3/6 15697/3/6 15706/3/6
f 15706/3/6 15697/3/6 15707/3/6
f 15684/3/6 15698/3/6 15708/3/6
f 15698/2/6 15699/2/6 15709/2/6
f 15708/3/6 15698/3/6 15709/3/6
f 15709/2/6 15699/2/6 15710/2/6
f 15701/2/6 15702/2/6 15711/2/6
f 15703/1/6 15704/1/6 15712/1/6
f 15711/2/6 15702/2/6 15712/2/6
f 15702/1/6 15703/1/6 15712/1/6
f 15712/1/6 15704/1/6 15713/1/6
f 15713/1/6 15704/1/6 15714/1/6
f 15714/1/6 15704/1/6 15715/1/6
f 15707/3/6 15708/3/6 15716/3/6
f 15706/3/6 15707/3/6 15716/3/6
f 15716/3/6 15708/3/6 15717/3/6
f 15717/3/6 15708/3/6 15718/3/6
f 15708/2/6 15709/2/6 15719/2/6
f 15718/3/6 15708/3/6 15719/3/6
f 15719/2/6 15709/2/6 15720/2/6
f 15713/2/6 15714/2/6 15721/2/6
f 15721/2/6 15714/2/6 15722/2/6
f 15717/2/6 15718/2/6 15725/2/6
f 15725/2/6 15718/2/6 15726/2/6
f 15722/2/6 15723/2/6 15727/2/6
f 15721/2/6 15722/2/6 15727/2/6
f 15727/2/6 15723/2/6 15728/2/6
f 15725/2/6 15726/2/6 15729/2/6
f 15724/2/6 15725/2/6 15729/2/6
f 15729/2/6 15726/2/6 15730/2/6
f 15731/2/6 15732/2/6 15736/2/6
f 15736/2/6 15732/2/6 15737/2/6
f 15733/2/6 15734/2/6 15738/2/6
f 15738/2/6 15734/2/6 15739/2/6
f 15735/2/6 15736/2/6 15741/2/6
f 15741/2/6 15736/2/6 15742/2/6
f 15740/2/6 15741/2/6 15746/2/6
f 15746/2/6 15741/2/6 15747/2/6
f 15742/1/6 15743/1/6 15748/1/6
f 15744/3/6 15745/3/6 15751/3/6
f 15748/1/6 15749/1/6 15752/1/6
f 15750/3/6 15751/3/6 15757/3/6
f 15742/1/6 15748/1/6 15759/1/6
f 15748/1/6 15752/1/6 15759/1/6
f 15752/1/6 15753/1/6 15759/1/6
f 15759/1/6 15753/1/6 15760/1/6
f 15760/1/6 15753/1/6 15761/1/6
f 15754/1/6 15755/1/6 15762/1/6
f 15762/1/6 15755/1/6 15763/1/6
f 15756/3/6 15757/3/6 15764/3/6
f 15757/3/6 15751/3/6 15765/3/6
f 15764/3/6 15757/3/6 15765/3/6
f 15751/3/6 15745/3/6 15766/3/6
f 15765/3/6 15751/3/6 15766/3/6
f 15758/1/6 15759/1/6 15771/1/6
f 15760/1/6 15761/1/6 15772/1/6
f 15762/1/6 15763/1/6 15772/1/6
f 15761/1/6 15762/1/6 15772/1/6
f 15772/1/6 15763/1/6 15773/1/6
f 15773/1/6 15763/1/6 15774/1/6
f 15764/3/6 15765/3/6 15775/3/6
f 15774/1/6 15763/1/6 15775/1/6
f 15763/3/6 15764/3/6 15775/3/6
f 15775/3/6 15765/3/6 15776/3/6
f 15776/3/6 15765/3/6 15777/3/6
f 15766/3/6 15767/3/6 15778/3/6
f 15768/2/6 15769/2/6 15783/2/6
f 15783/2/6 15769/2/6 15784/2/6
f 15770/1/6 15771/1/6 15785/1/6
f 15771/1/6 15759/1/6 15785/1/6
f 15785/1/6 15759/1/6 15786/1/6
f 15773/1/6 15774/1/6 15787/1/6
f 15787/1/6 15774/1/6 15788/1/6
f 15775/3/6 15776/3/6 15789/3/6
f 15789/3/6 15776/3/6 15790/3/6
f 15778/3/6 15779/3/6 15791/3/6
f 15766/3/6 15778/3/6 15791/3/6
f 15791/3/6 15779/3/6 15792/3/6
f 15780/2/6 15781/2/6 15793/2/6
f 15793/2/6 15781/2/6 15794/2/6
f 15782/2/6 15783/2/6 15797/2/6
f 15797/2/6 15783/2/6 15798/2/6
f 15770/1/6 15785/1/6 15801/1/6
f 15801/1/6 15785/1/6 15802/1/6
f 15792/3/6 15779/3/6 15803/3/6
f 15803/3/6 15779/3/6 15804/3/6
f 15794/2/6 15795/2/6 15807/2/6
f 15807/2/6 15795/2/6 15808/2/6
f 15796/2/6 15797/2/6 15810/2/6
f 15810/2/6 15797/2/6 15811/2/6
f 15798/3/6 15799/3/6 15812/3/6
f 15800/1/6 15801/1/6 15814/1/6
f 15814/1/6 15801/1/6 15815/1/6
f 15815/1/6 15801/1/6 15816/1/6
f 15804/3/6 15805/3/6 15817/3/6
f 15817/3/6 15805/3/6 15818/3/6
f 15818/3/6 15805/3/6 15819/3/6
f 15806/3/6 15807/3/6 15820/3/6
f 15808/2/6 15809/2/6 15821/2/6
f 15821/2/6 15809/2/6 15822/2/6
f 15812/3/6 15813/3/6 15823/3/6
f 15798/3/6 15812/3/6 15823/3/6
f 15823/3/6 15813/3/6 15824/3/6
f 15824/3/6 15813/3/6 15825/3/6
f 15813/1/6 15814/1/6 15826/1/6
f 15825/3/6 15813/3/6 15826/3/6
f 15814/1/6 15815/1/6 15826/1/6
f 15826/1/6 15815/1/6 15827/1/6
f 15827/1/6 15815/1/6 15828/1/6
f 15819/3/6 15820/3/6 15829/3/6
f 15818/3/6 15819/3/6 15829/3/6
f 15820/3/6 15807/3/6 15830/3/6
f 15829/3/6 15820/3/6 15830/3/6
f 15830/3/6 15807/3/6 15831/3/6
f 15831/3/6 15807/3/6 15832/3/6
f 15830/3/6 15831/3/6 15833/3/6
f 15833/3/6 15831/3/6 15834/3/6
f 15824/3/6 15825/3/6 15836/3/6
f 15833/1/6 15834/1/6 15837/1/6
f 15837/1/6 15834/1/6 15838/1/6
f 15835/3/6 15836/3/6 15840/3/6
f 15836/3/6 15825/3/6 15840/3/6
f 15840/3/6 15825/3/6 15841/3/6
f 15837/1/6 15838/1/6 15842/1/6
f 15838/1/6 15839/1/6 15842/1/6
f 15842/1/6 15839/1/6 15843/1/6
f 15835/3/6 15840/3/6 15847/3/6
f 15847/3/6 15840/3/6 15848/3/6
f 15843/1/6 15839/1/6 15849/1/6
f 15849/1/6 15839/1/6 15850/1/6
f 15844/2/6 15845/2/6 15853/2/6
f 15853/2/6 15845/2/6 15854/2/6
f 15846/3/6 15847/3/6 15856/3/6
f 15856/3/6 15847/3/6 15857/3/6
f 15857/3/6 15847/3/6 15858/3/6
f 15850/1/6 15851/1/6 15859/1/6
f 15859/1/6 15851/1/6 15860/1/6
f 15860/1/6 15851/1/6 15861/1/6
f 15852/2/6 15853/2/6 15864/2/6
f 15864/2/6 15853/2/6 15865/2/6
f 15856/3/6 15857/3/6 15867/3/6
f 15855/3/6 15856/3/6 15867/3/6
f 15867/3/6 15857/3/6 15868/3/6
f 15861/1/6 15862/1/6 15869/1/6
f 15860/1/6 15861/1/6 15869/1/6
f 15869/1/6 15862/1/6 15870/1/6
f 15866/3/6 15867/3/6 15874/3/6
f 15865/1/6 15866/1/6 15874/1/6
f 15874/3/6 15867/3/6 15875/3/6
f 15874/1/6 15875/1/6 15876/1/6
f 15875/3/6 15867/3/6 15876/3/6
f 15876/3/6 15867/3/6 15877/3/6
f 15870/1/6 15871/1/6 15878/1/6
f 15878/1/6 15871/1/6 15879/1/6
f 15876/1/6 15877/1/6 15880/1/6
f 15865/1/6 15874/1/6 15880/1/6
f 15874/1/6 15876/1/6 15880/1/6
f 15880/1/6 15877/1/6 15881/1/6
f 15878/3/6 15879/3/6 15882/3/6
f 15872/2/6 15873/2/6 15883/2/6
f 15883/2/6 15873/2/6 15884/2/6
f 15863/2/6 15864/2/6 15885/2/6
f 15885/2/6 15864/2/6 15886/2/6
f 15881/1/6 15877/1/6 15887/1/6
f 15887/1/6 15877/1/6 15888/1/6
f 15888/1/6 15877/1/6 15889/1/6
f 15882/3/6 15879/3/6 15892/3/6
f 15892/3/6 15879/3/6 15893/3/6
f 15893/3/6 15879/3/6 15894/3/6
f 15889/1/6 15890/1/6 15895/1/6
f 15888/1/6 15889/1/6 15895/1/6
f 15895/1/6 15890/1/6 15896/1/6
f 15896/1/6 15890/1/6 15897/1/6
f 15892/3/6 15893/3/6 15900/3/6
f 15891/3/6 15892/3/6 15900/3/6
f 15900/3/6 15893/3/6 15901/3/6
f 15901/3/6 15893/3/6 15902/3/6
f 15899/3/6 15900/3/6 15903/3/6
f 15900/3/6 15901/3/6 15903/3/6
f 15903/3/6 15901/3/6 15904/3/6
f 15897/1/6 15898/1/6 15906/1/6
f 15896/1/6 15897/1/6 15906/1/6
f 15906/1/6 15898/1/6 15907/1/6
f 15907/1/6 15898/1/6 15908/1/6
f 15905/1/6 15906/1/6 15909/1/6
f 15906/1/6 15907/1/6 15909/1/6
f 15909/1/6 15907/1/6 15910/1/6
f 15910/1/6 15907/1/6 15911/1/6
f 15899/3/6 15903/3/6 15913/3/6
f 15911/1/6 15912/1/6 15918/1/6
f 15910/1/6 15911/1/6 15918/1/6
f 15918/1/6 15912/1/6 15919/1/6
f 15919/1/6 15912/1/6 15920/1/6
f 15913/3/6 15914/3/6 15921/3/6
f 15899/3/6 15913/3/6 15921/3/6
f 15921/3/6 15914/3/6 15922/3/6
f 15922/3/6 15914/3/6 15923/3/6
f 15918/1/6 15919/1/6 15926/1/6
f 15917/1/6 15918/1/6 15926/1/6
f 15926/1/6 15919/1/6 15927/1/6
f 15927/1/6 15919/1/6 15928/1/6
f 15922/3/6 15923/3/6 15929/3/6
f 15923/3/6 15924/3/6 15929/3/6
f 15929/3/6 15924/3/6 15930/3/6
f 15930/3/6 15924/3/6 15931/3/6
f 15926/1/6 15927/1/6 15934/1/6
f 15925/1/6 15926/1/6 15934/1/6
f 15934/1/6 15927/1/6 15935/1/6
f 15931/3/6 15932/3/6 15936/3/6
f 15930/3/6 15931/3/6 15936/3/6
f 15934/3/6 15935/3/6 15939/3/6
f 15936/3/6 15932/3/6 15940/3/6
f 15940/3/6 15932/3/6 15941/3/6
f 15915/2/6 15916/2/6 15942/2/6
f 15942/2/6 15916/2/6 15943/2/6
f 15933/1/6 15934/1/6 15944/1/6
f 15934/3/6 15939/3/6 15945/3/6
f 15944/1/6 15934/1/6 15945/1/6
f 15945/3/6 15939/3/6 15946/3/6
f 15940/1/6 15941/1/6 15949/1/6
f 15949/1/6 15941/1/6 15950/1/6
f 15937/2/6 15938/2/6 15951/2/6
f 15951/2/6 15938/2/6 15952/2/6
f 15946/3/6 15947/3/6 15953/3/6
f 15953/3/6 15947/3/6 15954/3/6
f 15954/3/6 15947/3/6 15955/3/6
f 15948/1/6 15949/1/6 15958/1/6
f 15958/1/6 15949/1/6 15959/1/6
f 15959/1/6 15949/1/6 15960/1/6
f 15955/3/6 15956/3/6 15961/3/6
f 15954/3/6 15955/3/6 15961/3/6
f 15961/3/6 15956/3/6 15962/3/6
f 15958/1/6 15959/1/6 15965/1/6
f 15957/1/6 15958/1/6 15965/1/6
f 15965/1/6 15959/1/6 15966/1/6
f 15962/3/6 15963/3/6 15967/3/6
f 15964/1/6 15965/1/6 15970/1/6
f 15967/3/6 15968/3/6 15971/3/6
f 15962/3/6 15967/3/6 15971/3/6
f 15971/3/6 15968/3/6 15972/3/6
f 15969/1/6 15970/1/6 15973/1/6
f 15970/1/6 15965/1/6 15974/1/6
f 15973/1/6 15970/1/6 15974/1/6
f 15974/1/6 15965/1/6 15975/1/6
f 15973/1/6 15974/1/6 15976/1/6
f 15976/1/6 15974/1/6 15977/1/6
f 15972/3/6 15968/3/6 15979/3/6
f 15979/3/6 15968/3/6 15980/3/6
f 15976/3/6 15977/3/6 15985/3/6
f 15985/3/6 15977/3/6 15986/3/6
f 15978/3/6 15979/3/6 15990/3/6
f 15979/3/6 15980/3/6 15990/3/6
f 15980/3/6 15981/3/6 15990/3/6
f 15982/1/6 15983/1/6 15991/1/6
f 15990/3/6 15981/3/6 15991/3/6
f 15981/1/6 15982/1/6 15991/1/6
f 15991/1/6 15983/1/6 15992/1/6
f 15992/1/6 15983/1/6 15993/1/6
f 15985/3/6 15986/3/6 15996/3/6
f 15986/3/6 15987/3/6 15996/3/6
f 15984/3/6 15985/3/6 15996/3/6
f 15996/3/6 15987/3/6 15997/3/6
f 15997/3/6 15987/3/6 15998/3/6
f 15988/2/6 15989/2/6 16001/2/6
f 16001/2/6 15989/2/6 16002/2/6
f 15978/3/6 15990/3/6 16003/3/6
f 16003/3/6 15990/3/6 16004/3/6
f 15993/1/6 15994/1/6 16005/1/6
f 15992/1/6 15993/1/6 16005/1/6
f 16005/1/6 15994/1/6 16006/1/6
f 15996/3/6 15997/3/6 16009/3/6
f 15995/3/6 15996/3/6 16009/3/6
f 16009/3/6 15997/3/6 16010/3/6
f 15998/3/6 15987/3/6 16011/3/6
f 16011/3/6 15987/3/6 16012/3/6
f 15999/2/6 16000/2/6 16013/2/6
f 16013/2/6 16000/2/6 16014/2/6
f 16002/2/6 16003/2/6 16015/2/6
f 16015/2/6 16003/2/6 16016/2/6
f 16006/1/6 16007/1/6 16018/1/6
f 16008/3/6 16009/3/6 16024/3/6
f 16012/2/6 16013/2/6 16026/2/6
f 16026/2/6 16013/2/6 16027/2/6
f 16016/2/6 16017/2/6 16028/2/6
f 16028/2/6 16017/2/6 16029/2/6
f 16006/1/6 16018/1/6 16030/1/6
f 16018/1/6 16019/1/6 16030/1/6
f 16030/1/6 16019/1/6 16031/1/6
f 16020/1/6 16021/1/6 16033/1/6
f 16021/3/6 16022/3/6 16034/3/6
f 16023/3/6 16024/3/6 16036/3/6
f 16024/3/6 16009/3/6 16036/3/6
f 16036/3/6 16009/3/6 16037/3/6
f 16025/2/6 16026/2/6 16038/2/6
f 16038/2/6 16026/2/6 16039/2/6
f 16031/1/6 16019/1/6 16040/1/6
f 16040/1/6 16019/1/6 16041/1/6
f 16032/1/6 16033/1/6 16042/1/6
f 16033/1/6 16021/1/6 16043/1/6
f 16042/1/6 16033/1/6 16043/1/6
f 16034/3/6 16035/3/6 16044/3/6
f 16043/1/6 16021/1/6 16044/1/6
f 16021/3/6 16034/3/6 16044/3/6
f 16044/3/6 16035/3/6 16045/3/6
f 16045/3/6 16035/3/6 16046/3/6
f 16023/3/6 16036/3/6 16047/3/6
f 16047/3/6 16036/3/6 16048/3/6
f 16042/1/6 16043/1/6 16049/1/6
f 16041/1/6 16042/1/6 16049/1/6
f 16049/1/6 16043/1/6 16050/1/6
f 16046/3/6 16047/3/6 16051/3/6
f 16045/3/6 16046/3/6 16051/3/6
f 16051/3/6 16047/3/6 16052/3/6
f 16041/1/6 16049/1/6 16053/1/6
f 16053/1/6 16049/1/6 16054/1/6
f 16052/3/6 16047/3/6 16055/3/6
f 16055/3/6 16047/3/6 16056/3/6
f 16041/1/6 16053/1/6 16057/1/6
f 16057/1/6 16053/1/6 16058/1/6
f 16056/3/6 16047/3/6 16059/3/6
f 16059/3/6 16047/3/6 16060/3/6
f 16061/2/6 16062/2/6 16065/2/6
f 16065/2/6 16062/2/6 16066/2/6
f 16063/2/6 16064/2/6 16067/2/6
f 16067/2/6 16064/2/6 16068/2/6
f 16069/1/6 16070/1/6 16073/1/6
f 16073/1/6 16070/1/6 16074/1/6
f 16074/1/6 16070/1/6 16075/1/6
f 16071/3/6 16072/3/6 16080/3/6
f 16080/3/6 16072/3/6 16081/3/6
f 16081/3/6 16072/3/6 16082/3/6
f 16074/1/6 16075/1/6 16085/1/6
f 16075/1/6 16076/1/6 16085/1/6
f 16077/1/6 16078/1/6 16086/1/6
f 16086/1/6 16078/1/6 16087/1/6
f 16080/3/6 16081/3/6 16088/3/6
f 16079/3/6 16080/3/6 16088/3/6
f 16083/1/6 16084/1/6 16092/1/6
f 16074/1/6 16085/1/6 16093/1/6
f 16085/1/6 16086/1/6 16093/1/6
f 16093/1/6 16086/1/6 16094/1/6
f 16094/1/6 16086/1/6 16095/1/6
f 16095/1/6 16086/1/6 16096/1/6
f 16087/3/6 16088/3/6 16097/3/6
f 16088/3/6 16081/3/6 16098/3/6
f 16097/3/6 16088/3/6 16098/3/6
f 16098/3/6 16081/3/6 16099/3/6
f 16099/3/6 16081/3/6 16100/3/6
f 16089/3/6 16090/3/6 16101/3/6
f 16091/1/6 16092/1/6 16104/1/6
f 16094/1/6 16095/1/6 16105/1/6
f 16105/1/6 16095/1/6 16106/1/6
f 16098/3/6 16099/3/6 16107/3/6
f 16107/3/6 16099/3/6 16108/3/6
f 16101/3/6 16102/3/6 16109/3/6
f 16103/1/6 16104/1/6 16113/1/6
f 16109/3/6 16110/3/6 16114/3/6
f 16111/3/6 16112/3/6 16116/3/6
f 16112/1/6 16113/1/6 16117/1/6
f 16116/3/6 16112/3/6 16117/3/6
f 16113/1/6 16104/1/6 16118/1/6
f 16117/1/6 16113/1/6 16118/1/6
f 16092/1/6 16084/1/6 16119/1/6
f 16118/1/6 16104/1/6 16119/1/6
f 16104/1/6 16092/1/6 16119/1/6
f 16114/3/6 16115/3/6 16122/3/6
f 16089/3/6 16101/3/6 16122/3/6
f 16101/3/6 16109/3/6 16122/3/6
f 16109/3/6 16114/3/6 16122/3/6
f 16122/3/6 16115/3/6 16123/3/6
f 16123/3/6 16115/3/6 16124/3/6
f 16119/1/6 16120/1/6 16125/1/6
f 16118/1/6 16119/1/6 16125/1/6
f 16125/1/6 16120/1/6 16126/1/6
f 16126/1/6 16120/1/6 16127/1/6
f 16127/1/6 16120/1/6 16128/1/6
f 16122/3/6 16123/3/6 16129/3/6
f 16121/3/6 16122/3/6 16129/3/6
f 16129/3/6 16123/3/6 16130/3/6
f 16130/3/6 16123/3/6 16131/3/6
f 16131/3/6 16123/3/6 16132/3/6
f 16124/3/6 16115/3/6 16133/3/6
f 16133/3/6 16115/3/6 16134/3/6
f 16111/3/6 16116/3/6 16136/3/6
f 16136/3/6 16116/3/6 16137/3/6
f 16126/1/6 16127/1/6 16139/1/6
f 16139/1/6 16127/1/6 16140/1/6
f 16140/1/6 16127/1/6 16141/1/6
f 16141/1/6 16127/1/6 16142/1/6
f 16130/3/6 16131/3/6 16143/3/6
f 16143/3/6 16131/3/6 16144/3/6
f 16144/3/6 16131/3/6 16145/3/6
f 16145/3/6 16131/3/6 16146/3/6
f 16133/1/6 16134/1/6 16148/1/6
f 16148/1/6 16134/1/6 16149/1/6
f 16137/3/6 16138/3/6 16152/3/6
f 16135/3/6 16136/3/6 16152/3/6
f 16136/3/6 16137/3/6 16152/3/6
f 16152/3/6 16138/3/6 16153/3/6
f 16140/1/6 16141/1/6 16155/1/6
f 16155/1/6 16141/1/6 16156/1/6
f 16156/1/6 16141/1/6 16157/1/6
f 16144/3/6 16145/3/6 16158/3/6
f 16158/3/6 16145/3/6 16159/3/6
f 16148/1/6 16149/1/6 16161/1/6
f 16149/1/6 16150/1/6 16161/1/6
f 16147/1/6 16148/1/6 16161/1/6
f 16161/1/6 16150/1/6 16162/1/6
f 16153/3/6 16154/3/6 16165/3/6
f 16151/3/6 16152/3/6 16165/3/6
f 16152/3/6 16153/3/6 16165/3/6
f 16165/3/6 16154/3/6 16166/3/6
f 16162/1/6 16163/1/6 16169/1/6
f 16161/1/6 16162/1/6 16169/1/6
f 16160/1/6 16161/1/6 16169/1/6
f 16169/1/6 16163/1/6 16170/1/6
f 16168/1/6 16169/1/6 16172/1/6
f 16170/1/6 16171/1/6 16172/1/6
f 16169/1/6 16170/1/6 16172/1/6
f 16166/3/6 16167/3/6 16173/3/6
f 16165/3/6 16166/3/6 16173/3/6
f 16164/3/6 16165/3/6 16173/3/6
f 16173/3/6 16167/3/6 16174/3/6
f 16172/1/6 16171/1/6 16175/1/6
f 16175/1/6 16171/1/6 16176/1/6
f 16164/3/6 16173/3/6 16179/3/6
f 16179/3/6 16173/3/6 16180/3/6
f 16180/3/6 16173/3/6 16181/3/6
f 16181/3/6 16173/3/6 16182/3/6
f 16176/1/6 16171/1/6 16183/1/6
f 16183/1/6 16171/1/6 16184/1/6
f 16184/1/6 16171/1/6 16185/1/6
f 16185/1/6 16171/1/6 16186/1/6
f 16180/3/6 16181/3/6 16189/3/6
f 16189/3/6 16181/3/6 16190/3/6
f 16184/1/6 16185/1/6 16191/1/6
f 16191/1/6 16185/1/6 16192/1/6
f 16177/3/6 16178/3/6 16193/3/6
f 16193/3/6 16178/3/6 16194/3/6
f 16193/1/6 16194/1/6 16195/1/6
f 16187/1/6 16188/1/6 16198/1/6
f 16198/1/6 16188/1/6 16199/1/6
f 16193/1/6 16195/1/6 16200/1/6
f 16195/1/6 16196/1/6 16200/1/6
f 16200/1/6 16196/1/6 16201/1/6
f 16201/1/6 16196/1/6 16202/1/6
f 16198/3/6 16199/3/6 16205/3/6
f 16197/3/6 16198/3/6 16205/3/6
f 16205/3/6 16199/3/6 16206/3/6
f 16206/3/6 16199/3/6 16207/3/6
f 16202/1/6 16203/1/6 16208/1/6
f 16201/1/6 16202/1/6 16208/1/6
f 16208/1/6 16203/1/6 16209/1/6
f 16209/1/6 16203/1/6 16210/1/6
f 16210/1/6 16203/1/6 16211/1/6
f 16205/3/6 16206/3/6 16212/3/6
f 16204/3/6 16205/3/6 16212/3/6
f 16212/3/6 16206/3/6 16213/3/6
f 16209/1/6 16210/1/6 16215/1/6
f 16215/1/6 16210/1/6 16216/1/6
f 16214/1/6 16215/1/6 16217/1/6
f 16217/1/6 16215/1/6 16218/1/6
f 16218/1/6 16219/1/6 16221/1/6
f 16221/1/6 16219/1/6 16222/1/6
f 16204/3/6 16212/3/6 16224/3/6
f 16222/1/6 16223/1/6 16227/1/6
f 16221/1/6 16222/1/6 16227/1/6
f 16220/1/6 16221/1/6 16227/1/6
f 16227/1/6 16223/1/6 16228/1/6
f 16228/1/6 16223/1/6 16229/1/6
f 16224/3/6 16225/3/6 16230/3/6
f 16204/3/6 16224/3/6 16230/3/6
f 16230/3/6 16225/3/6 16231/3/6
f 16231/3/6 16225/3/6 16232/3/6
f 16227/1/6 16228/1/6 16234/1/6
f 16226/1/6 16227/1/6 16234/1/6
f 16234/1/6 16228/1/6 16235/1/6
f 16231/3/6 16232/3/6 16236/3/6
f 16232/3/6 16233/3/6 16236/3/6
f 16236/3/6 16233/3/6 16237/3/6
f 16237/3/6 16233/3/6 16238/3/6
f 16226/1/6 16234/1/6 16239/1/6
f 16239/1/6 16234/1/6 16240/1/6
f 16239/3/6 16240/3/6 16245/3/6
f 16245/3/6 16240/3/6 16246/3/6
f 16241/3/6 16242/3/6 16248/3/6
f 16248/3/6 16242/3/6 16249/3/6
f 16243/1/6 16244/1/6 16252/1/6
f 16252/1/6 16244/1/6 16253/1/6
f 16237/1/6 16238/1/6 16255/1/6
f 16255/1/6 16238/1/6 16256/1/6
f 16249/3/6 16250/3/6 16257/3/6
f 16247/3/6 16248/3/6 16257/3/6
f 16248/3/6 16249/3/6 16257/3/6
f 16253/1/6 16254/1/6 16260/1/6
f 16252/1/6 16253/1/6 16260/1/6
f 16251/1/6 16252/1/6 16260/1/6
f 16259/1/6 16260/1/6 16261/1/6
f 16257/3/6 16258/3/6 16262/3/6
f 16247/3/6 16257/3/6 16262/3/6
f 16262/3/6 16258/3/6 16263/3/6
f 16263/3/6 16258/3/6 16264/3/6
f 16264/3/6 16258/3/6 16265/3/6
f 16261/1/6 16260/1/6 16266/1/6
f 16260/1/6 16254/1/6 16267/1/6
f 16266/1/6 16260/1/6 16267/1/6
f 16267/1/6 16254/1/6 16268/1/6
f 16268/1/6 16254/1/6 16269/1/6
f 16263/3/6 16264/3/6 16270/3/6
f 16270/3/6 16264/3/6 16271/3/6
f 16271/3/6 16264/3/6 16272/3/6
f 16272/3/6 16264/3/6 16273/3/6
f 16267/1/6 16268/1/6 16279/1/6
f 16279/1/6 16268/1/6 16280/1/6
f 16280/1/6 16268/1/6 16281/1/6
f 16281/1/6 16268/1/6 16282/1/6
f 16271/3/6 16272/3/6 16283/3/6
f 16283/3/6 16272/3/6 16284/3/6
f 16284/3/6 16272/3/6 16285/3/6
f 16285/3/6 16272/3/6 16286/3/6
f 16274/1/6 16275/1/6 16288/1/6
f 16275/1/6 16276/1/6 16288/1/6
f 16288/1/6 16276/1/6 16289/1/6
f 16277/3/6 16278/3/6 16292/3/6
f 16292/3/6 16278/3/6 16293/3/6
f 16280/1/6 16281/1/6 16295/1/6
f 16295/1/6 16281/1/6 16296/1/6
f 16296/1/6 16281/1/6 16297/1/6
f 16297/1/6 16281/1/6 16298/1/6
f 16289/1/6 16290/1/6 16300/1/6
f 16287/1/6 16288/1/6 16300/1/6
f 16288/1/6 16289/1/6 16300/1/6
f 16300/1/6 16290/1/6 16301/1/6
f 16293/3/6 16294/3/6 16304/3/6
f 16292/3/6 16293/3/6 16304/3/6
f 16291/3/6 16292/3/6 16304/3/6
f 16304/3/6 16294/3/6 16305/3/6
f 16296/1/6 16297/1/6 16307/1/6
f 16307/1/6 16297/1/6 16308/1/6
f 16284/3/6 16285/3/6 16309/3/6
f 16301/1/6 16302/1/6 16311/1/6
f 16300/1/6 16301/1/6 16311/1/6
f 16299/1/6 16300/1/6 16311/1/6
f 16311/1/6 16302/1/6 16312/1/6
f 16312/1/6 16302/1/6 16313/1/6
f 16305/3/6 16306/3/6 16314/3/6
f 16303/3/6 16304/3/6 16314/3/6
f 16304/3/6 16305/3/6 16314/3/6
f 16314/3/6 16306/3/6 16315/3/6
f 16315/3/6 16306/3/6 16316/3/6
f 16307/3/6 16308/3/6 16317/3/6
f 16309/3/6 16310/3/6 16318/3/6
f 16284/3/6 16309/3/6 16318/3/6
f 16311/1/6 16312/1/6 16319/1/6
f 16318/3/6 16310/3/6 16319/3/6
f 16310/1/6 16311/1/6 16319/1/6
f 16319/1/6 16312/1/6 16320/1/6
f 16316/3/6 16317/3/6 16321/3/6
f 16315/3/6 16316/3/6 16321/3/6
f 16317/3/6 16308/3/6 16322/3/6
f 16321/3/6 16317/3/6 16322/3/6
f 16320/1/6 16312/1/6 16323/1/6
f 16323/1/6 16312/1/6 16324/1/6
f 16315/3/6 16321/3/6 16325/3/6
f 16325/3/6 16321/3/6 16326/3/6
f 16324/1/6 16312/1/6 16327/1/6
f 16327/1/6 16312/1/6 16328/1/6
f 16315/3/6 16325/3/6 16332/3/6
f 16332/3/6 16325/3/6 16333/3/6
f 16328/1/6 16312/1/6 16334/1/6
f 16334/1/6 16312/1/6 16335/1/6
f 16329/1/6 16330/1/6 16337/1/6
f 16337/1/6 16330/1/6 16338/1/6
f 16330/3/6 16331/3/6 16339/3/6
f 16338/1/6 16330/1/6 16339/1/6
f 16339/3/6 16331/3/6 16340/3/6
f 16340/3/6 16331/3/6 16341/3/6
f 16315/3/6 16332/3/6 16343/3/6
f 16343/3/6 16332/3/6 16344/3/6
f 16337/1/6 16338/1/6 16346/1/6
f 16336/1/6 16337/1/6 16346/1/6
f 16346/1/6 16338/1/6 16347/1/6
f 16347/1/6 16338/1/6 16348/1/6
f 16340/3/6 16341/3/6 16349/3/6
f 16341/3/6 16342/3/6 16349/3/6
f 16349/3/6 16342/3/6 16350/3/6
f 16350/3/6 16342/3/6 16351/3/6
f 16346/1/6 16347/1/6 16353/1/6
f 16345/1/6 16346/1/6 16353/1/6
f 16353/1/6 16347/1/6 16354/1/6
f 16351/3/6 16352/3/6 16355/3/6
f 16350/3/6 16351/3/6 16355/3/6
f 16355/3/6 16352/3/6 16356/3/6
f 16357/1/6 16358/1/6 16363/1/6
f 16361/1/6 16362/1/6 16366/1/6
f 16366/1/6 16362/1/6 16367/1/6
f 16359/3/6 16360/3/6 16370/3/6
f 16363/1/6 16364/1/6 16371/1/6
f 16365/1/6 16366/1/6 16372/1/6
f 16366/1/6 16367/1/6 16372/1/6
f 16367/3/6 16368/3/6 16373/3/6
f 16372/1/6 16367/1/6 16373/1/6
f 16373/3/6 16368/3/6 16374/3/6
f 16369/3/6 16370/3/6 16375/3/6
f 16371/1/6 16372/1/6 16376/1/6
f 16357/1/6 16363/1/6 16376/1/6
f 16363/1/6 16371/1/6 16376/1/6
f 16376/1/6 16372/1/6 16377/1/6
f 16374/3/6 16375/3/6 16378/3/6
f 16375/3/6 16370/3/6 16379/3/6
f 16378/3/6 16375/3/6 16379/3/6
f 16370/3/6 16360/3/6 16379/3/6
f 16357/1/6 16376/1/6 16382/1/6
f 16382/1/6 16376/1/6 16383/1/6
f 16383/1/6 16376/1/6 16384/1/6
f 16384/1/6 16376/1/6 16385/1/6
f 16379/3/6 16360/3/6 16386/3/6
f 16386/3/6 16360/3/6 16387/3/6
f 16387/3/6 16360/3/6 16388/3/6
f 16388/3/6 16360/3/6 16389/3/6
f 16380/3/6 16381/3/6 16392/3/6
f 16383/1/6 16384/1/6 16395/1/6
f 16395/1/6 16384/1/6 16396/1/6
f 16387/3/6 16388/3/6 16397/3/6
f 16397/3/6 16388/3/6 16398/3/6
f 16390/3/6 16391/3/6 16401/3/6
f 16392/3/6 16393/3/6 16402/3/6
f 16380/3/6 16392/3/6 16402/3/6
f 16402/3/6 16393/3/6 16403/3/6
f 16403/3/6 16393/3/6 16404/3/6
f 16394/1/6 16395/1/6 16407/1/6
f 16407/1/6 16395/1/6 16408/1/6
f 16398/3/6 16399/3/6 16409/3/6
f 16409/3/6 16399/3/6 16410/3/6
f 16400/3/6 16401/3/6 16413/3/6
f 16401/3/6 16391/3/6 16414/3/6
f 16413/3/6 16401/3/6 16414/3/6
f 16414/3/6 16391/3/6 16415/3/6
f 16404/3/6 16405/3/6 16416/3/6
f 16403/3/6 16404/3/6 16416/3/6
f 16416/3/6 16405/3/6 16417/3/6
f 16417/3/6 16405/3/6 16418/3/6
f 16406/1/6 16407/1/6 16420/1/6
f 16420/1/6 16407/1/6 16421/1/6
f 16410/3/6 16411/3/6 16422/3/6
f 16422/3/6 16411/3/6 16423/3/6
f 16412/3/6 16413/3/6 16424/3/6
f 16413/3/6 16414/3/6 16424/3/6
f 16424/3/6 16414/3/6 16425/3/6
f 16425/3/6 16414/3/6 16426/3/6
f 16418/3/6 16419/3/6 16427/3/6
f 16417/3/6 16418/3/6 16427/3/6
f 16427/3/6 16419/3/6 16428/3/6
f 16419/1/6 16420/1/6 16429/1/6
f 16428/3/6 16419/3/6 16429/3/6
f 16429/1/6 16420/1/6 16430/1/6
f 16424/3/6 16425/3/6 16431/3/6
f 16423/3/6 16424/3/6 16431/3/6
f 16431/3/6 16425/3/6 16432/3/6
f 16432/3/6 16425/3/6 16433/3/6
f 16433/3/6 16425/3/6 16434/3/6
f 16428/3/6 16429/3/6 16435/3/6
f 16435/3/6 16429/3/6 16436/3/6
f 16432/3/6 16433/3/6 16437/3/6
f 16437/3/6 16433/3/6 16438/3/6
f 16438/3/6 16433/3/6 16439/3/6
f 16428/3/6 16435/3/6 16441/3/6
f 16441/3/6 16435/3/6 16442/3/6
f 16438/1/6 16439/1/6 16443/1/6
f 16443/1/6 16439/1/6 16444/1/6
f 16440/3/6 16441/3/6 16449/3/6
f 16449/3/6 16441/3/6 16450/3/6
f 16444/1/6 16445/1/6 16451/1/6
f 16451/1/6 16445/1/6 16452/1/6
f 16446/3/6 16447/3/6 16456/3/6
f 16448/3/6 16449/3/6 16457/3/6
f 16457/3/6 16449/3/6 16458/3/6
f 16452/1/6 16453/1/6 16459/1/6
f 16459/1/6 16453/1/6 16460/1/6
f 16454/1/6 16455/1/6 16461/1/6
f 16446/3/6 16456/3/6 16462/3/6
f 16456/3/6 16457/3/6 16462/3/6
f 16462/3/6 16457/3/6 16463/3/6
f 16460/1/6 16461/1/6 16464/1/6
f 16461/1/6 16455/1/6 16465/1/6
f 16464/1/6 16461/1/6 16465/1/6
f 16446/3/6 16462/3/6 16466/3/6
f 16466/3/6 16462/3/6 16467/3/6
f 16467/3/6 16462/3/6 16468/3/6
f 16468/3/6 16462/3/6 16469/3/6
f 16465/1/6 16455/1/6 16470/1/6
f 16470/1/6 16455/1/6 16471/1/6
f 16471/1/6 16455/1/6 16472/1/6
f 16472/1/6 16455/1/6 16473/1/6
f 16473/1/6 16455/1/6 16474/1/6
f 16467/1/6 16468/1/6 16475/1/6
f 16475/1/6 16468/1/6 16476/1/6
f 16471/1/6 16472/1/6 16477/1/6
f 16472/3/6 16473/3/6 16478/3/6
f 16477/1/6 16472/1/6 16478/1/6
f 16478/3/6 16473/3/6 16479/3/6
f 16479/3/6 16473/3/6 16480/3/6
f 16476/1/6 16468/1/6 16482/1/6
f 16482/1/6 16468/1/6 16483/1/6
f 16478/3/6 16479/3/6 16484/3/6
f 16477/3/6 16478/3/6 16484/3/6
f 16484/3/6 16479/3/6 16485/3/6
f 16481/1/6 16482/1/6 16487/1/6
f 16486/1/6 16487/1/6 16488/1/6
f 16487/1/6 16482/1/6 16489/1/6
f 16488/1/6 16487/1/6 16489/1/6
f 16489/1/6 16482/1/6 16490/1/6
f 16490/1/6 16482/1/6 16491/1/6
f 16485/3/6 16479/3/6 16494/3/6
f 16491/1/6 16492/1/6 16496/1/6
f 16493/3/6 16494/3/6 16497/3/6
f 16494/3/6 16479/3/6 16498/3/6
f 16497/3/6 16494/3/6 16498/3/6
f 16498/3/6 16479/3/6 16499/3/6
f 16495/1/6 16496/1/6 16502/1/6
f 16496/1/6 16492/1/6 16503/1/6
f 16502/1/6 16496/1/6 16503/1/6
f 16497/1/6 16498/1/6 16506/1/6
f 16499/3/6 16500/3/6 16507/3/6
f 16498/3/6 16499/3/6 16507/3/6
f 16506/1/6 16498/1/6 16507/1/6
f 16507/3/6 16500/3/6 16508/3/6
f 16501/3/6 16502/3/6 16510/3/6
f 16503/3/6 16504/3/6 16510/3/6
f 16502/3/6 16503/3/6 16510/3/6
f 16507/1/6 16508/1/6 16513/1/6
f 16505/1/6 16506/1/6 16513/1/6
f 16508/1/6 16509/1/6 16513/1/6
f 16506/1/6 16507/1/6 16513/1/6
f 16510/3/6 16511/3/6 16514/3/6
f 16501/3/6 16510/3/6 16514/3/6
f 16514/3/6 16511/3/6 16515/3/6
f 16512/1/6 16513/1/6 16518/1/6
f 16513/1/6 16509/1/6 16519/1/6
f 16518/1/6 16513/1/6 16519/1/6
f 16501/3/6 16514/3/6 16520/3/6
f 16520/3/6 16514/3/6 16521/3/6
f 16515/3/6 16516/3/6 16522/3/6
f 16522/3/6 16516/3/6 16523/3/6
f 16517/1/6 16518/1/6 16526/1/6
f 16526/1/6 16518/1/6 16527/1/6
f 16519/1/6 16509/1/6 16528/1/6
f 16528/1/6 16509/1/6 16529/1/6
f 16523/3/6 16524/3/6 16530/3/6
f 16530/3/6 16524/3/6 16531/3/6
f 16525/1/6 16526/1/6 16534/1/6
f 16534/1/6 16526/1/6 16535/1/6
f 16531/3/6 16532/3/6 16536/3/6
f 16533/1/6 16534/1/6 16539/1/6
f 16539/1/6 16534/1/6 16540/1/6
f 16536/3/6 16537/3/6 16542/3/6
f 16531/3/6 16536/3/6 16542/3/6
f 16542/3/6 16537/3/6 16543/3/6
f 16539/3/6 16540/3/6 16546/3/6
f 16538/3/6 16539/3/6 16546/3/6
f 16546/3/6 16540/3/6 16547/3/6
f 16542/3/6 16543/3/6 16550/3/6
f 16541/3/6 16542/3/6 16550/3/6
f 16550/3/6 16543/3/6 16551/3/6
f 16543/1/6 16544/1/6 16552/1/6
f 16551/3/6 16543/3/6 16552/3/6
f 16552/1/6 16544/1/6 16553/1/6
f 16546/3/6 16547/3/6 16556/3/6
f 16547/3/6 16548/3/6 16556/3/6
f 16545/3/6 16546/3/6 16556/3/6
f 16556/3/6 16548/3/6 16557/3/6
f 16557/3/6 16548/3/6 16558/3/6
f 16550/3/6 16551/3/6 16561/3/6
f 16549/3/6 16550/3/6 16561/3/6
f 16561/3/6 16551/3/6 16562/3/6
f 16562/3/6 16551/3/6 16563/3/6
f 16553/1/6 16554/1/6 16564/1/6
f 16564/1/6 16554/1/6 16565/1/6
f 16555/3/6 16556/3/6 16568/3/6
f 16568/3/6 16556/3/6 16569/3/6
f 16557/3/6 16558/3/6 16570/3/6
f 16558/3/6 16559/3/6 16570/3/6
f 16570/3/6 16559/3/6 16571/3/6
f 16571/3/6 16559/3/6 16572/3/6
f 16560/3/6 16561/3/6 16574/3/6
f 16561/3/6 16562/3/6 16574/3/6
f 16574/3/6 16562/3/6 16575/3/6
f 16565/1/6 16566/1/6 16576/1/6
f 16576/1/6 16566/1/6 16577/1/6
f 16567/3/6 16568/3/6 16580/3/6
f 16580/3/6 16568/3/6 16581/3/6
f 16572/3/6 16573/3/6 16582/3/6
f 16571/3/6 16572/3/6 16582/3/6
f 16582/3/6 16573/3/6 16583/3/6
f 16560/3/6 16574/3/6 16584/3/6
f 16584/3/6 16574/3/6 16585/3/6
f 16577/1/6 16578/1/6 16587/1/6
f 16587/1/6 16578/1/6 16588/1/6
f 16579/3/6 16580/3/6 16591/3/6
f 16591/3/6 16580/3/6 16592/3/6
f 16583/3/6 16573/3/6 16594/3/6
f 16594/3/6 16573/3/6 16595/3/6
f 16588/1/6 16589/1/6 16596/1/6
f 16586/1/6 16587/1/6 16596/1/6
f 16587/1/6 16588/1/6 16596/1/6
f 16592/3/6 16593/3/6 16599/3/6
f 16591/3/6 16592/3/6 16599/3/6
f 16590/3/6 16591/3/6 16599/3/6
f 16596/1/6 16597/1/6 16600/1/6
f 16598/3/6 16599/3/6 16602/3/6
f 16600/1/6 16601/1/6 16603/1/6
f 16596/1/6 16600/1/6 16603/1/6
f 16601/3/6 16602/3/6 16604/3/6
f 16603/1/6 16601/1/6 16604/1/6
f 16602/3/6 16599/3/6 16605/3/6
f 16604/3/6 16602/3/6 16605/3/6
f 16596/1/6 16603/1/6 16606/1/6
f 16586/1/6 16596/1/6 16606/1/6
f 16606/1/6 16603/1/6 16607/1/6
f 16605/3/6 16599/3/6 16608/3/6
f 16599/3/6 16593/3/6 16609/3/6
f 16608/3/6 16599/3/6 16609/3/6
f 16586/1/6 16606/1/6 16610/1/6
f 16610/1/6 16606/1/6 16611/1/6
f 16609/3/6 16593/3/6 16612/3/6
f 16612/3/6 16593/3/6 16613/3/6
f 16614/1/6 16615/1/6 16618/1/6
f 16615/3/6 16616/3/6 16619/3/6
f 16618/1/6 16615/1/6 16619/1/6
f 16619/3/6 16616/3/6 16620/3/6
f 16617/1/6 16618/1/6 16623/1/6
f 16623/1/6 16618/1/6 16624/1/6
f 16620/3/6 16621/3/6 16625/3/6
f 16625/3/6 16621/3/6 16626/3/6
f 16622/1/6 16623/1/6 16629/1/6
f 16629/1/6 16623/1/6 16630/1/6
f 16626/3/6 16627/3/6 16631/3/6
f 16631/3/6 16627/3/6 16632/3/6
f 16628/1/6 16629/1/6 16635/1/6
f 16635/1/6 16629/1/6 16636/1/6
f 16632/3/6 16633/3/6 16637/3/6
f 16637/3/6 16633/3/6 16638/3/6
f 16634/1/6 16635/1/6 16641/1/6
f 16641/1/6 16635/1/6 16642/1/6
f 16638/3/6 16639/3/6 16643/3/6
f 16643/3/6 16639/3/6 16644/3/6
f 16640/1/6 16641/1/6 16647/1/6
f 16647/1/6 16641/1/6 16648/1/6
f 16644/3/6 16645/3/6 16649/3/6
f 16649/3/6 16645/3/6 16650/3/6
f 16646/3/6 16647/3/6 16653/3/6
f 16653/3/6 16647/3/6 16654/3/6
f 16650/3/6 16651/3/6 16655/3/6
f 16655/3/6 16651/3/6 16656/3/6
f 16652/3/6 16653/3/6 16659/3/6
f 16659/3/6 16653/3/6 16660/3/6
f 16656/3/6 16657/3/6 16661/3/6
f 16661/3/6 16657/3/6 16662/3/6
f 16658/3/6 16659/3/6 16665/3/6
f 16665/3/6 16659/3/6 16666/3/6
f 16662/1/6 16663/1/6 16667/1/6
f 16667/1/6 16663/1/6 16668/1/6
f 16664/3/6 16665/3/6 16671/3/6
f 16671/3/6 16665/3/6 16672/3/6
f 16668/1/6 16669/1/6 16673/1/6
f 16673/1/6 16669/1/6 16674/1/6
f 16670/3/6 16671/3/6 16677/3/6
f 16677/3/6 16671/3/6 16678/3/6
f 16674/1/6 16675/1/6 16679/1/6
f 16679/1/6 16675/1/6 16680/1/6
f 16676/3/6 16677/3/6 16683/3/6
f 16683/3/6 16677/3/6 16684/3/6
f 16680/1/6 16681/1/6 16685/1/6
f 16685/1/6 16681/1/6 16686/1/6
f 16682/1/6 16683/1/6 16688/1/6
f 16686/1/6 16687/1/6 16689/1/6
f 16689/1/6 16687/1/6 16690/1/6
f 16682/1/6 16688/1/6 16692/1/6
f 16692/1/6 16688/1/6 16693/1/6
f 16689/3/6 16690/3/6 16694/3/6
f 16694/3/6 16690/3/6 16695/3/6
f 16691/1/6 16692/1/6 16697/1/6
f 16697/1/6 16692/1/6 16698/1/6
f 16695/3/6 16696/3/6 16701/3/6
f 16701/3/6 16696/3/6 16702/3/6
f 16698/1/6 16699/1/6 16703/1/6
f 16700/3/6 16701/3/6 16704/3/6
f 16704/3/6 16701/3/6 16705/3/6
f 16698/1/6 16703/1/6 16706/1/6
f 16706/1/6 16703/1/6 16707/1/6
f 16704/1/6 16705/1/6 16710/1/6
f 16710/1/6 16705/1/6 16711/1/6
f 16707/3/6 16708/3/6 16712/3/6
f 16712/3/6 16708/3/6 16713/3/6
f 16709/1/6 16710/1/6 16716/1/6
f 16716/1/6 16710/1/6 16717/1/6
f 16713/3/6 16714/3/6 16718/3/6
f 16718/3/6 16714/3/6 16719/3/6
f 16715/1/6 16716/1/6 16722/1/6
f 16722/1/6 16716/1/6 16723/1/6
f 16719/3/6 16720/3/6 16724/3/6
f 16724/3/6 16720/3/6 16725/3/6
f 16721/1/6 16722/1/6 16728/1/6
f 16728/1/6 16722/1/6 16729/1/6
f 16725/3/6 16726/3/6 16730/3/6
f 16730/3/6 16726/3/6 16731/3/6
f 16727/1/6 16728/1/6 16734/1/6
f 16734/1/6 16728/1/6 16735/1/6
f 16731/3/6 16732/3/6 16736/3/6
f 16736/3/6 16732/3/6 16737/3/6
f 16733/3/6 16734/3/6 16740/3/6
f 16740/3/6 16734/3/6 16741/3/6
f 16737/3/6 16738/3/6 16742/3/6
f 16742/3/6 16738/3/6 16743/3/6
f 16739/3/6 16740/3/6 16746/3/6
f 16746/3/6 16740/3/6 16747/3/6
f 16743/1/6 16744/1/6 16748/1/6
f 16748/1/6 16744/1/6 16749/1/6
f 16745/3/6 16746/3/6 16752/3/6
f 16752/3/6 16746/3/6 16753/3/6
f 16749/1/6 16750/1/6 16754/1/6
f 16754/1/6 16750/1/6 16755/1/6
f 16751/3/6 16752/3/6 16758/3/6
f 16758/3/6 16752/3/6 16759/3/6
f 16755/1/6 16756/1/6 16760/1/6
f 16760/1/6 16756/1/6 16761/1/6
f 16757/3/6 16758/3/6 16764/3/6
f 16764/3/6 16758/3/6 16765/3/6
f 16761/1/6 16762/1/6 16766/1/6
f 16766/1/6 16762/1/6 16767/1/6
f 16763/3/6 16764/3/6 16770/3/6
f 16770/3/6 16764/3/6 16771/3/6
f 16767/1/6 16768/1/6 16772/1/6
f 16772/1/6 16768/1/6 16773/1/6
f 16769/3/6 16770/3/6 16775/3/6
f 16775/3/6 16770/3/6 16776/3/6
f 16773/1/6 16774/1/6 16777/1/6
f 16774/3/6 16775/3/6 16778/3/6
f 16777/1/6 16774/1/6 16778/1/6
f 16778/3/6 16775/3/6 16779/3/6
f 16780/1/6 16781/1/6 16784/1/6
f 16781/3/6 16782/3/6 16785/3/6
f 16784/1/6 16781/1/6 16785/1/6
f 16785/3/6 16782/3/6 16786/3/6
f 16783/1/6 16784/1/6 16789/1/6
f 16789/1/6 16784/1/6 16790/1/6
f 16786/3/6 16787/3/6 16791/3/6
f 16791/3/6 16787/3/6 16792/3/6
f 16788/1/6 16789/1/6 16795/1/6
f 16795/1/6 16789/1/6 16796/1/6
f 16792/3/6 16793/3/6 16797/3/6
f 16797/3/6 16793/3/6 16798/3/6
f 16794/1/6 16795/1/6 16801/1/6
f 16801/1/6 16795/1/6 16802/1/6
f 16798/3/6 16799/3/6 16803/3/6
f 16803/3/6 16799/3/6 16804/3/6
f 16800/1/6 16801/1/6 16807/1/6
f 16807/1/6 16801/1/6 16808/1/6
f 16804/3/6 16805/3/6 16809/3/6
f 16809/3/6 16805/3/6 16810/3/6
f 16806/1/6 16807/1/6 16813/1/6
f 16813/1/6 16807/1/6 16814/1/6
f 16810/3/6 16811/3/6 16815/3/6
f 16815/3/6 16811/3/6 16816/3/6
f 16812/3/6 16813/3/6 16819/3/6
f 16819/3/6 16813/3/6 16820/3/6
f 16816/3/6 16817/3/6 16821/3/6
f 16821/3/6 16817/3/6 16822/3/6
f 16818/3/6 16819/3/6 16825/3/6
f 16825/3/6 16819/3/6 16826/3/6
f 16822/1/6 16823/1/6 16827/1/6
f 16827/1/6 16823/1/6 16828/1/6
f 16824/3/6 16825/3/6 16831/3/6
f 16831/3/6 16825/3/6 16832/3/6
f 16828/1/6 16829/1/6 16833/1/6
f 16833/1/6 16829/1/6 16834/1/6
f 16830/3/6 16831/3/6 16837/3/6
f 16837/3/6 16831/3/6 16838/3/6
f 16834/1/6 16835/1/6 16839/1/6
f 16839/1/6 16835/1/6 16840/1/6
f 16836/3/6 16837/3/6 16843/3/6
f 16843/3/6 16837/3/6 16844/3/6
f 16840/1/6 16841/1/6 16845/1/6
f 16845/1/6 16841/1/6 16846/1/6
f 16842/3/6 16843/3/6 16848/3/6
f 16848/3/6 16843/3/6 16849/3/6
f 16848/1/6 16849/1/6 16851/1/6
f 16851/1/6 16849/1/6 16852/1/6
f 16846/1/6 16847/1/6 16853/1/6
f 16853/1/6 16847/1/6 16854/1/6
f 16850/1/6 16851/1/6 16856/1/6
f 16856/1/6 16851/1/6 16857/1/6
f 16854/3/6 16855/3/6 16860/3/6
f 16860/3/6 16855/3/6 16861/3/6
f 16857/1/6 16858/1/6 16862/1/6
f 16862/1/6 16858/1/6 16863/1/6
f 16862/3/6 16863/3/6 16864/3/6
f 16864/3/6 16863/3/6 16865/3/6
f 16859/1/6 16860/1/6 16868/1/6
f 16868/1/6 16860/1/6 16869/1/6
f 16865/3/6 16866/3/6 16870/3/6
f 16870/3/6 16866/3/6 16871/3/6
f 16867/1/6 16868/1/6 16874/1/6
f 16874/1/6 16868/1/6 16875/1/6
f 16871/3/6 16872/3/6 16876/3/6
f 16876/3/6 16872/3/6 16877/3/6
f 16873/1/6 16874/1/6 16880/1/6
f 16880/1/6 16874/1/6 16881/1/6
f 16877/3/6 16878/3/6 16882/3/6
f 16882/3/6 16878/3/6 16883/3/6
f 16879/1/6 16880/1/6 16886/1/6
f 16886/1/6 16880/1/6 16887/1/6
f 16883/3/6 16884/3/6 16888/3/6
f 16888/3/6 16884/3/6 16889/3/6
f 16885/1/6 16886/1/6 16892/1/6
f 16892/1/6 16886/1/6 16893/1/6
f 16889/3/6 16890/3/6 16894/3/6
f 16894/3/6 16890/3/6 16895/3/6
f 16891/3/6 16892/3/6 16898/3/6
f 16898/3/6 16892/3/6 16899/3/6
f 16895/1/6 16896/1/6 16900/1/6
f 16900/1/6 16896/1/6 16901/1/6
f 16897/3/6 16898/3/6 16904/3/6
f 16904/3/6 16898/3/6 16905/3/6
f 16901/1/6 16902/1/6 16906/1/6
f 16906/1/6 16902/1/6 16907/1/6
f 16903/3/6 16904/3/6 16910/3/6
f 16910/3/6 16904/3/6 16911/3/6
f 16907/1/6 16908/1/6 16912/1/6
f 16912/1/6 16908/1/6 16913/1/6
f 16909/3/6 16910/3/6 16916/3/6
f 16916/3/6 16910/3/6 16917/3/6
f 16913/1/6 16914/1/6 16918/1/6
f 16918/1/6 16914/1/6 16919/1/6
f 16915/3/6 16916/3/6 16922/3/6
f 16922/3/6 16916/3/6 16923/3/6
f 16919/1/6 16920/1/6 16924/1/6
f 16924/1/6 16920/1/6 16925/1/6
f 16921/3/6 16922/3/6 16927/3/6
f 16927/3/6 16922/3/6 16928/3/6
f 16925/1/6 16926/1/6 16929/1/6
f 16926/3/6 16927/3/6 16930/3/6
f 16929/1/6 16926/1/6 16930/1/6
f 16930/3/6 16927/3/6 16931/3/6
f 16932/1/6 16933/1/6 16936/1/6
f 16933/3/6 16934/3/6 16937/3/6
f 16936/1/6 16933/1/6 16937/1/6
f 16937/3/6 16934/3/6 16938/3/6
f 16935/1/6 16936/1/6 16941/1/6
f 16941/1/6 16936/1/6 16942/1/6
f 16938/3/6 16939/3/6 16943/3/6
f 16943/3/6 16939/3/6 16944/3/6
f 16940/1/6 16941/1/6 16947/1/6
f 16947/1/6 16941/1/6 16948/1/6
f 16944/3/6 16945/3/6 16949/3/6
f 16949/3/6 16945/3/6 16950/3/6
f 16946/1/6 16947/1/6 16953/1/6
f 16953/1/6 16947/1/6 16954/1/6
f 16950/3/6 16951/3/6 16955/3/6
f 16955/3/6 16951/3/6 16956/3/6
f 16952/1/6 16953/1/6 16959/1/6
f 16959/1/6 16953/1/6 16960/1/6
f 16956/3/6 16957/3/6 16961/3/6
f 16961/3/6 16957/3/6 16962/3/6
f 16958/3/6 16959/3/6 16965/3/6
f 16965/3/6 16959/3/6 16966/3/6
f 16962/3/6 16963/3/6 16967/3/6
f 16967/3/6 16963/3/6 16968/3/6
f 16964/3/6 16965/3/6 16971/3/6
f 16971/3/6 16965/3/6 16972/3/6
f 16968/3/6 16969/3/6 16973/3/6
f 16973/3/6 16969/3/6 16974/3/6
f 16970/3/6 16971/3/6 16977/3/6
f 16977/3/6 16971/3/6 16978/3/6
f 16974/1/6 16975/1/6 16979/1/6
f 16979/1/6 16975/1/6 16980/1/6
f 16976/3/6 16977/3/6 16983/3/6
f 16983/3/6 16977/3/6 16984/3/6
f 16980/1/6 16981/1/6 16985/1/6
f 16985/1/6 16981/1/6 16986/1/6
f 16982/3/6 16983/3/6 16989/3/6
f 16989/3/6 16983/3/6 16990/3/6
f 16986/1/6 16987/1/6 16991/1/6
f 16991/1/6 16987/1/6 16992/1/6
f 16988/3/6 16989/3/6 16994/3/6
f 16994/3/6 16989/3/6 16995/3/6
f 16994/1/6 16995/1/6 16997/1/6
f 16997/1/6 16995/1/6 16998/1/6
f 16992/1/6 16993/1/6 16999/1/6
f 16999/1/6 16993/1/6 17000/1/6
f 16996/1/6 16997/1/6 17002/1/6
f 17002/1/6 16997/1/6 17003/1/6
f 17000/3/6 17001/3/6 17006/3/6
f 17006/3/6 17001/3/6 17007/3/6
f 17003/3/6 17004/3/6 17008/3/6
f 17008/3/6 17004/3/6 17009/3/6
f 17005/1/6 17006/1/6 17012/1/6
f 17012/1/6 17006/1/6 17013/1/6
f 17009/3/6 17010/3/6 17014/3/6
f 17014/3/6 17010/3/6 17015/3/6
f 17011/1/6 17012/1/6 17018/1/6
f 17018/1/6 17012/1/6 17019/1/6
f 17015/3/6 17016/3/6 17020/3/6
f 17020/3/6 17016/3/6 17021/3/6
f 17017/1/6 17018/1/6 17024/1/6
f 17024/1/6 17018/1/6 17025/1/6
f 17021/3/6 17022/3/6 17026/3/6
f 17026/3/6 17022/3/6 17027/3/6
f 17023/1/6 17024/1/6 17030/1/6
f 17030/1/6 17024/1/6 17031/1/6
f 17027/3/6 17028/3/6 17032/3/6
f 17032/3/6 17028/3/6 17033/3/6
f 17029/3/6 17030/3/6 17036/3/6
f 17036/3/6 17030/3/6 17037/3/6
f 17033/3/6 17034/3/6 17038/3/6
f 17038/3/6 17034/3/6 17039/3/6
f 17035/3/6 17036/3/6 17042/3/6
f 17042/3/6 17036/3/6 17043/3/6
f 17039/1/6 17040/1/6 17044/1/6
f 17044/1/6 17040/1/6 17045/1/6
f 17041/3/6 17042/3/6 17048/3/6
f 17048/3/6 17042/3/6 17049/3/6
f 17045/1/6 17046/1/6 17050/1/6
f 17050/1/6 17046/1/6 17051/1/6
f 17047/3/6 17048/3/6 17054/3/6
f 17054/3/6 17048/3/6 17055/3/6
f 17051/1/6 17052/1/6 17056/1/6
f 17056/1/6 17052/1/6 17057/1/6
f 17053/3/6 17054/3/6 17060/3/6
f 17060/3/6 17054/3/6 17061/3/6
f 17057/1/6 17058/1/6 17062/1/6
f 17062/1/6 17058/1/6 17063/1/6
f 17059/3/6 17060/3/6 17065/3/6
f 17065/3/6 17060/3/6 17066/3/6
f 17063/1/6 17064/1/6 17067/1/6
f 17064/3/6 17065/3/6 17068/3/6
f 17067/1/6 17064/1/6 17068/1/6
f 17068/3/6 17065/3/6 17069/3/6
f 17070/1/6 17071/1/6 17075/1/6
f 17075/1/6 17071/1/6 17076/1/6
f 17072/3/6 17073/3/6 17077/3/6
f 17077/3/6 17073/3/6 17078/3/6
f 17074/1/6 17075/1/6 17081/1/6
f 17081/1/6 17075/1/6 17082/1/6
f 17078/3/6 17079/3/6 17083/3/6
f 17083/3/6 17079/3/6 17084/3/6
f 17080/1/6 17081/1/6 17087/1/6
f 17087/1/6 17081/1/6 17088/1/6
f 17084/3/6 17085/3/6 17089/3/6
f 17089/3/6 17085/3/6 17090/3/6
f 17086/1/6 17087/1/6 17093/1/6
f 17093/1/6 17087/1/6 17094/1/6
f 17090/3/6 17091/3/6 17095/3/6
f 17095/3/6 17091/3/6 17096/3/6
f 17092/1/6 17093/1/6 17099/1/6
f 17099/1/6 17093/1/6 17100/1/6
f 17096/3/6 17097/3/6 17101/3/6
f 17101/3/6 17097/3/6 17102/3/6
f 17098/3/6 17099/3/6 17105/3/6
f 17105/3/6 17099/3/6 17106/3/6
f 17102/3/6 17103/3/6 17107/3/6
f 17107/3/6 17103/3/6 17108/3/6
f 17104/3/6 17105/3/6 17111/3/6
f 17111/3/6 17105/3/6 17112/3/6
f 17108/1/6 17109/1/6 17113/1/6
f 17113/1/6 17109/1/6 17114/1/6
f 17110/3/6 17111/3/6 17117/3/6
f 17117/3/6 17111/3/6 17118/3/6
f 17114/1/6 17115/1/6 17119/1/6
f 17119/1/6 17115/1/6 17120/1/6
f 17116/3/6 17117/3/6 17123/3/6
f 17123/3/6 17117/3/6 17124/3/6
f 17120/1/6 17121/1/6 17125/1/6
f 17125/1/6 17121/1/6 17126/1/6
f 17122/3/6 17123/3/6 17128/3/6
f 17128/3/6 17123/3/6 17129/3/6
f 17128/1/6 17129/1/6 17131/1/6
f 17131/1/6 17129/1/6 17132/1/6
f 17126/1/6 17127/1/6 17133/1/6
f 17133/1/6 17127/1/6 17134/1/6
f 17130/1/6 17131/1/6 17136/1/6
f 17136/1/6 17131/1/6 17137/1/6
f 17138/1/6 17139/1/6 17140/1/6
f 17140/1/6 17139/1/6 17141/1/6
f 17134/3/6 17135/3/6 17144/3/6
f 17144/3/6 17135/3/6 17145/3/6
f 17141/3/6 17142/3/6 17146/3/6
f 17146/3/6 17142/3/6 17147/3/6
f 17143/1/6 17144/1/6 17150/1/6
f 17150/1/6 17144/1/6 17151/1/6
f 17147/3/6 17148/3/6 17152/3/6
f 17152/3/6 17148/3/6 17153/3/6
f 17149/1/6 17150/1/6 17156/1/6
f 17156/1/6 17150/1/6 17157/1/6
f 17153/3/6 17154/3/6 17158/3/6
f 17158/3/6 17154/3/6 17159/3/6
f 17155/1/6 17156/1/6 17162/1/6
f 17162/1/6 17156/1/6 17163/1/6
f 17159/3/6 17160/3/6 17164/3/6
f 17164/3/6 17160/3/6 17165/3/6
f 17161/1/6 17162/1/6 17168/1/6
f 17168/1/6 17162/1/6 17169/1/6
f 17165/3/6 17166/3/6 17170/3/6
f 17170/3/6 17166/3/6 17171/3/6
f 17167/3/6 17168/3/6 17174/3/6
f 17174/3/6 17168/3/6 17175/3/6
f 17171/1/6 17172/1/6 17176/1/6
f 17176/1/6 17172/1/6 17177/1/6
f 17173/3/6 17174/3/6 17180/3/6
f 17180/3/6 17174/3/6 17181/3/6
f 17177/1/6 17178/1/6 17182/1/6
f 17182/1/6 17178/1/6 17183/1/6
f 17179/3/6 17180/3/6 17186/3/6
f 17186/3/6 17180/3/6 17187/3/6
f 17183/1/6 17184/1/6 17188/1/6
f 17188/1/6 17184/1/6 17189/1/6
f 17185/3/6 17186/3/6 17192/3/6
f 17192/3/6 17186/3/6 17193/3/6
f 17189/1/6 17190/1/6 17194/1/6
f 17194/1/6 17190/1/6 17195/1/6
f 17191/3/6 17192/3/6 17197/3/6
f 17197/3/6 17192/3/6 17198/3/6
f 17195/1/6 17196/1/6 17199/1/6
f 17196/3/6 17197/3/6 17200/3/6
f 17199/1/6 17196/1/6 17200/1/6
f 17200/3/6 17197/3/6 17201/3/6
f 17202/1/6 17203/1/6 17205/1/6
f 17205/1/6 17203/1/6 17206/1/6
f 17204/1/6 17205/1/6 17209/1/6
f 17209/1/6 17205/1/6 17210/1/6
f 17206/3/6 17207/3/6 17211/3/6
f 17211/3/6 17207/3/6 17212/3/6
f 17208/1/6 17209/1/6 17215/1/6
f 17215/1/6 17209/1/6 17216/1/6
f 17212/3/6 17213/3/6 17217/3/6
f 17217/3/6 17213/3/6 17218/3/6
f 17214/1/6 17215/1/6 17221/1/6
f 17221/1/6 17215/1/6 17222/1/6
f 17218/3/6 17219/3/6 17223/3/6
f 17223/3/6 17219/3/6 17224/3/6
f 17220/1/6 17221/1/6 17227/1/6
f 17227/1/6 17221/1/6 17228/1/6
f 17224/3/6 17225/3/6 17229/3/6
f 17229/3/6 17225/3/6 17230/3/6
f 17226/3/6 17227/3/6 17233/3/6
f 17233/3/6 17227/3/6 17234/3/6
f 17230/3/6 17231/3/6 17235/3/6
f 17235/3/6 17231/3/6 17236/3/6
f 17232/3/6 17233/3/6 17239/3/6
f 17239/3/6 17233/3/6 17240/3/6
f 17236/3/6 17237/3/6 17241/3/6
f 17241/3/6 17237/3/6 17242/3/6
f 17238/3/6 17239/3/6 17245/3/6
f 17245/3/6 17239/3/6 17246/3/6
f 17242/1/6 17243/1/6 17247/1/6
f 17247/1/6 17243/1/6 17248/1/6
f 17244/3/6 17245/3/6 17251/3/6
f 17251/3/6 17245/3/6 17252/3/6
f 17248/1/6 17249/1/6 17253/1/6
f 17253/1/6 17249/1/6 17254/1/6
f 17250/3/6 17251/3/6 17257/3/6
f 17257/3/6 17251/3/6 17258/3/6
f 17254/1/6 17255/1/6 17259/1/6
f 17259/1/6 17255/1/6 17260/1/6
f 17256/1/6 17257/1/6 17263/1/6
f 17263/1/6 17257/1/6 17264/1/6
f 17262/1/6 17263/1/6 17265/1/6
f 17265/1/6 17263/1/6 17266/1/6
f 17266/1/6 17267/1/6 17268/1/6
f 17268/1/6 17267/1/6 17269/1/6
f 17260/3/6 17261/3/6 17272/3/6
f 17272/3/6 17261/3/6 17273/3/6
f 17269/3/6 17270/3/6 17274/3/6
f 17274/3/6 17270/3/6 17275/3/6
f 17271/1/6 17272/1/6 17278/1/6
f 17278/1/6 17272/1/6 17279/1/6
f 17275/3/6 17276/3/6 17280/3/6
f 17280/3/6 17276/3/6 17281/3/6
f 17277/1/6 17278/1/6 17284/1/6
f 17284/1/6 17278/1/6 17285/1/6
f 17281/3/6 17282/3/6 17286/3/6
f 17286/3/6 17282/3/6 17287/3/6
f 17283/1/6 17284/1/6 17290/1/6
f 17290/1/6 17284/1/6 17291/1/6
f 17287/3/6 17288/3/6 17292/3/6
f 17292/3/6 17288/3/6 17293/3/6
f 17289/3/6 17290/3/6 17296/3/6
f 17296/3/6 17290/3/6 17297/3/6
f 17293/3/6 17294/3/6 17298/3/6
f 17298/3/6 17294/3/6 17299/3/6
f 17295/3/6 17296/3/6 17302/3/6
f 17302/3/6 17296/3/6 17303/3/6
f 17299/1/6 17300/1/6 17304/1/6
f 17304/1/6 17300/1/6 17305/1/6
f 17301/3/6 17302/3/6 17308/3/6
f 17308/3/6 17302/3/6 17309/3/6
f 17305/1/6 17306/1/6 17310/1/6
f 17310/1/6 17306/1/6 17311/1/6
f 17307/3/6 17308/3/6 17314/3/6
f 17314/3/6 17308/3/6 17315/3/6
f 17311/1/6 17312/1/6 17316/1/6
f 17316/1/6 17312/1/6 17317/1/6
f 17313/3/6 17314/3/6 17319/3/6
f 17319/3/6 17314/3/6 17320/3/6
f 17317/1/6 17318/1/6 17321/1/6
f 17318/3/6 17319/3/6 17322/3/6
f 17321/1/6 17318/1/6 17322/1/6
f 17322/3/6 17319/3/6 17323/3/6
f 17324/1/6 17325/1/6 17327/1/6
f 17327/1/6 17325/1/6 17328/1/6
f 17326/1/6 17327/1/6 17331/1/6
f 17331/1/6 17327/1/6 17332/1/6
f 17328/3/6 17329/3/6 17333/3/6
f 17333/3/6 17329/3/6 17334/3/6
f 17330/1/6 17331/1/6 17337/1/6
f 17337/1/6 17331/1/6 17338/1/6
f 17334/3/6 17335/3/6 17339/3/6
f 17339/3/6 17335/3/6 17340/3/6
f 17336/1/6 17337/1/6 17343/1/6
f 17343/1/6 17337/1/6 17344/1/6
f 17340/3/6 17341/3/6 17345/3/6
f 17345/3/6 17341/3/6 17346/3/6
f 17342/1/6 17343/1/6 17349/1/6
f 17349/1/6 17343/1/6 17350/1/6
f 17346/3/6 17347/3/6 17351/3/6
f 17351/3/6 17347/3/6 17352/3/6
f 17348/3/6 17349/3/6 17355/3/6
f 17355/3/6 17349/3/6 17356/3/6
f 17352/3/6 17353/3/6 17357/3/6
f 17357/3/6 17353/3/6 17358/3/6
f 17354/3/6 17355/3/6 17361/3/6
f 17361/3/6 17355/3/6 17362/3/6
f 17358/3/6 17359/3/6 17363/3/6
f 17363/3/6 17359/3/6 17364/3/6
f 17360/3/6 17361/3/6 17367/3/6
f 17367/3/6 17361/3/6 17368/3/6
f 17364/1/6 17365/1/6 17369/1/6
f 17369/1/6 17365/1/6 17370/1/6
f 17366/3/6 17367/3/6 17373/3/6
f 17373/3/6 17367/3/6 17374/3/6
f 17370/1/6 17371/1/6 17375/1/6
f 17375/1/6 17371/1/6 17376/1/6
f 17376/3/6 17377/3/6 17378/3/6
f 17372/1/6 17373/1/6 17380/1/6
f 17380/1/6 17373/1/6 17381/1/6
f 17379/1/6 17380/1/6 17382/1/6
f 17382/1/6 17380/1/6 17383/1/6
f 17383/1/6 17384/1/6 17385/1/6
f 17383/1/6 17385/1/6 17386/1/6
f 17386/1/6 17385/1/6 17387/1/6
f 17378/3/6 17377/3/6 17390/3/6
f 17390/3/6 17377/3/6 17391/3/6
f 17387/3/6 17388/3/6 17392/3/6
f 17392/3/6 17388/3/6 17393/3/6
f 17389/1/6 17390/1/6 17396/1/6
f 17396/1/6 17390/1/6 17397/1/6
f 17393/3/6 17394/3/6 17398/3/6
f 17398/3/6 17394/3/6 17399/3/6
f 17395/1/6 17396/1/6 17402/1/6
f 17402/1/6 17396/1/6 17403/1/6
f 17399/3/6 17400/3/6 17404/3/6
f 17404/3/6 17400/3/6 17405/3/6
f 17401/1/6 17402/1/6 17408/1/6
f 17408/1/6 17402/1/6 17409/1/6
f 17405/3/6 17406/3/6 17410/3/6
f 17410/3/6 17406/3/6 17411/3/6
f 17407/3/6 17408/3/6 17414/3/6
f 17414/3/6 17408/3/6 17415/3/6
f 17411/1/6 17412/1/6 17416/1/6
f 17416/1/6 17412/1/6 17417/1/6
f 17413/3/6 17414/3/6 17420/3/6
f 17420/3/6 17414/3/6 17421/3/6
f 17417/1/6 17418/1/6 17422/1/6
f 17422/1/6 17418/1/6 17423/1/6
f 17419/3/6 17420/3/6 17426/3/6
f 17426/3/6 17420/3/6 17427/3/6
f 17423/1/6 17424/1/6 17428/1/6
f 17428/1/6 17424/1/6 17429/1/6
f 17425/3/6 17426/3/6 17431/3/6
f 17431/3/6 17426/3/6 17432/3/6
f 17429/1/6 17430/1/6 17433/1/6
f 17430/3/6 17431/3/6 17434/3/6
f 17433/1/6 17430/1/6 17434/1/6
f 17434/3/6 17431/3/6 17435/3/6
f 17436/1/6 17437/1/6 17439/1/6
f 17439/1/6 17437/1/6 17440/1/6
f 17438/1/6 17439/1/6 17443/1/6
f 17443/1/6 17439/1/6 17444/1/6
f 17440/3/6 17441/3/6 17445/3/6
f 17445/3/6 17441/3/6 17446/3/6
f 17442/1/6 17443/1/6 17449/1/6
f 17449/1/6 17443/1/6 17450/1/6
f 17446/3/6 17447/3/6 17451/3/6
f 17451/3/6 17447/3/6 17452/3/6
f 17448/1/6 17449/1/6 17455/1/6
f 17455/1/6 17449/1/6 17456/1/6
f 17452/3/6 17453/3/6 17457/3/6
f 17457/3/6 17453/3/6 17458/3/6
f 17454/3/6 17455/3/6 17461/3/6
f 17461/3/6 17455/3/6 17462/3/6
f 17458/3/6 17459/3/6 17463/3/6
f 17463/3/6 17459/3/6 17464/3/6
f 17460/3/6 17461/3/6 17467/3/6
f 17467/3/6 17461/3/6 17468/3/6
f 17464/3/6 17465/3/6 17469/3/6
f 17469/3/6 17465/3/6 17470/3/6
f 17466/3/6 17467/3/6 17473/3/6
f 17473/3/6 17467/3/6 17474/3/6
f 17470/1/6 17471/1/6 17475/1/6
f 17475/1/6 17471/1/6 17476/1/6
f 17472/3/6 17473/3/6 17479/3/6
f 17479/3/6 17473/3/6 17480/3/6
f 17476/1/6 17477/1/6 17481/1/6
f 17481/1/6 17477/1/6 17482/1/6
f 17482/3/6 17483/3/6 17484/3/6
f 17478/1/6 17479/1/6 17486/1/6
f 17486/1/6 17479/1/6 17487/1/6
f 17485/1/6 17486/1/6 17488/1/6
f 17488/1/6 17486/1/6 17489/1/6
f 17489/1/6 17490/1/6 17491/1/6
f 17491/1/6 17490/1/6 17492/1/6
f 17484/3/6 17483/3/6 17495/3/6
f 17495/3/6 17483/3/6 17496/3/6
f 17492/3/6 17493/3/6 17497/3/6
f 17497/3/6 17493/3/6 17498/3/6
f 17494/1/6 17495/1/6 17501/1/6
f 17501/1/6 17495/1/6 17502/1/6
f 17498/3/6 17499/3/6 17503/3/6
f 17503/3/6 17499/3/6 17504/3/6
f 17500/1/6 17501/1/6 17507/1/6
f 17507/1/6 17501/1/6 17508/1/6
f 17504/3/6 17505/3/6 17509/3/6
f 17509/3/6 17505/3/6 17510/3/6
f 17506/3/6 17507/3/6 17513/3/6
f 17513/3/6 17507/3/6 17514/3/6
f 17510/3/6 17511/3/6 17515/3/6
f 17515/3/6 17511/3/6 17516/3/6
f 17512/3/6 17513/3/6 17519/3/6
f 17519/3/6 17513/3/6 17520/3/6
f 17516/1/6 17517/1/6 17521/1/6
f 17521/1/6 17517/1/6 17522/1/6
f 17518/3/6 17519/3/6 17525/3/6
f 17525/3/6 17519/3/6 17526/3/6
f 17522/1/6 17523/1/6 17527/1/6
f 17527/1/6 17523/1/6 17528/1/6
f 17524/3/6 17525/3/6 17530/3/6
f 17530/3/6 17525/3/6 17531/3/6
f 17528/1/6 17529/1/6 17532/1/6
f 17529/3/6 17530/3/6 17533/3/6
f 17532/1/6 17529/1/6 17533/1/6
f 17533/3/6 17530/3/6 17534/3/6
f 17535/1/6 17536/1/6 17537/1/6
f 17537/1/6 17536/1/6 17538/1/6
f 17539/2/6 17540/2/6 17547/2/6
f 17547/2/6 17540/2/6 17548/2/6
f 17543/2/6 17544/2/6 17549/2/6
f 17549/2/6 17544/2/6 17550/2/6
f 17545/2/6 17546/2/6 17554/2/6
f 17554/2/6 17546/2/6 17555/2/6
f 17551/2/6 17552/2/6 17556/2/6
f 17556/2/6 17552/2/6 17557/2/6
f 17553/2/6 17554/2/6 17560/2/6
f 17560/2/6 17554/2/6 17561/2/6
f 17557/2/6 17558/2/6 17562/2/6
f 17562/2/6 17558/2/6 17563/2/6
f 17559/2/6 17560/2/6 17565/2/6
f 17565/2/6 17560/2/6 17566/2/6
f 17563/2/6 17564/2/6 17567/2/6
f 17567/2/6 17564/2/6 17568/2/6
f 17569/2/6 17570/2/6 17573/2/6
f 17573/2/6 17570/2/6 17574/2/6
f 17571/2/6 17572/2/6 17575/2/6
f 17575/2/6 17572/2/6 17576/2/6
f 17541/2/6 17542/2/6 17580/2/6
f 17580/2/6 17542/2/6 17581/2/6
f 17577/1/6 17578/1/6 17583/1/6
f 17583/1/6 17578/1/6 17584/1/6
f 17579/2/6 17580/2/6 17585/2/6
f 17585/2/6 17580/2/6 17586/2/6
f 17581/2/6 17582/2/6 17587/2/6
f 17587/2/6 17582/2/6 17588/2/6
f 17589/2/6 17590/2/6 17593/2/6
f 17593/2/6 17590/2/6 17594/2/6
f 17591/2/6 17592/2/6 17595/2/6
f 17595/2/6 17592/2/6 17596/2/6
f 17597/2/6 17598/2/6 17601/2/6
f 17601/2/6 17598/2/6 17602/2/6
f 17599/2/6 17600/2/6 17605/2/6
f 17605/2/6 17600/2/6 17606/2/6
f 17602/2/6 17603/2/6 17607/2/6
f 17607/2/6 17603/2/6 17608/2/6
f 17604/2/6 17605/2/6 17611/2/6
f 17611/2/6 17605/2/6 17612/2/6
f 17608/2/6 17609/2/6 17613/2/6
f 17613/2/6 17609/2/6 17614/2/6
f 17610/2/6 17611/2/6 17619/2/6
f 17619/2/6 17611/2/6 17620/2/6
f 17615/2/6 17616/2/6 17621/2/6
f 17621/2/6 17616/2/6 17622/2/6
f 17586/2/6 17587/2/6 17623/2/6
f 17623/2/6 17587/2/6 17624/2/6
f 17617/2/6 17618/2/6 17625/2/6
f 17625/2/6 17618/2/6 17626/2/6
f 17627/1/6 17628/1/6 17632/1/6
f 17632/1/6 17628/1/6 17633/1/6
f 17633/1/6 17628/1/6 17634/1/6
f 17629/3/6 17630/3/6 17635/3/6
f 17635/3/6 17630/3/6 17636/3/6
f 17631/1/6 17632/1/6 17639/1/6
f 17632/1/6 17633/1/6 17639/1/6
f 17639/1/6 17633/1/6 17640/1/6
f 17633/3/6 17634/3/6 17641/3/6
f 17640/1/6 17633/1/6 17641/1/6
f 17634/3/6 17635/3/6 17641/3/6
f 17635/1/6 17636/1/6 17642/1/6
f 17641/3/6 17635/3/6 17642/3/6
f 17636/3/6 17637/3/6 17643/3/6
f 17642/1/6 17636/1/6 17643/1/6
f 17643/3/6 17637/3/6 17644/3/6
f 17639/3/6 17640/3/6 17646/3/6
f 17638/3/6 17639/3/6 17646/3/6
f 17646/3/6 17640/3/6 17647/3/6
f 17647/3/6 17640/3/6 17648/3/6
f 17643/1/6 17644/1/6 17649/1/6
f 17644/3/6 17645/3/6 17650/3/6
f 17649/1/6 17644/1/6 17650/1/6
f 17650/3/6 17645/3/6 17651/3/6
f 17646/3/6 17647/3/6 17654/3/6
f 17654/3/6 17647/3/6 17655/3/6
f 17650/1/6 17651/1/6 17656/1/6
f 17656/1/6 17651/1/6 17657/1/6
f 17652/3/6 17653/3/6 17661/3/6
f 17653/3/6 17654/3/6 17661/3/6
f 17661/3/6 17654/3/6 17662/3/6
f 17662/3/6 17654/3/6 17663/3/6
f 17658/1/6 17659/1/6 17664/1/6
f 17657/1/6 17658/1/6 17664/1/6
f 17664/1/6 17659/1/6 17665/1/6
f 17665/1/6 17659/1/6 17666/1/6
f 17661/3/6 17662/3/6 17669/3/6
f 17660/3/6 17661/3/6 17669/3/6
f 17669/3/6 17662/3/6 17670/3/6
f 17670/3/6 17662/3/6 17671/3/6
f 17666/1/6 17667/1/6 17672/1/6
f 17665/1/6 17666/1/6 17672/1/6
f 17672/1/6 17667/1/6 17673/1/6
f 17673/1/6 17667/1/6 17674/1/6
f 17668/1/6 17669/1/6 17676/1/6
f 17669/3/6 17670/3/6 17677/3/6
f 17676/1/6 17669/1/6 17677/1/6
f 17674/3/6 17675/3/6 17678/3/6
f 17673/1/6 17674/1/6 17678/1/6
f 17678/3/6 17675/3/6 17679/3/6
f 17677/3/6 17670/3/6 17681/3/6
f 17681/3/6 17670/3/6 17682/3/6
f 17673/1/6 17678/1/6 17683/1/6
f 17683/1/6 17678/1/6 17684/1/6
f 17681/1/6 17682/1/6 17686/1/6
f 17680/1/6 17681/1/6 17686/1/6
f 17686/1/6 17682/1/6 17687/1/6
f 17687/1/6 17682/1/6 17688/1/6
f 17684/3/6 17685/3/6 17691/3/6
f 17683/3/6 17684/3/6 17691/3/6
f 17691/3/6 17685/3/6 17692/3/6
f 17692/3/6 17685/3/6 17693/3/6
f 17687/3/6 17688/3/6 17694/3/6
f 17688/1/6 17689/1/6 17695/1/6
f 17694/3/6 17688/3/6 17695/3/6
f 17695/1/6 17689/1/6 17696/1/6
f 17690/3/6 17691/3/6 17699/3/6
f 17691/1/6 17692/1/6 17700/1/6
f 17699/3/6 17691/3/6 17700/3/6
f 17700/1/6 17692/1/6 17701/1/6
f 17695/3/6 17696/3/6 17702/3/6
f 17696/1/6 17697/1/6 17703/1/6
f 17702/3/6 17696/3/6 17703/3/6
f 17703/1/6 17697/1/6 17704/1/6
f 17698/3/6 17699/3/6 17707/3/6
f 17699/3/6 17700/3/6 17707/3/6
f 17707/3/6 17700/3/6 17708/3/6
f 17708/3/6 17700/3/6 17709/3/6
f 17704/1/6 17705/1/6 17710/1/6
f 17710/1/6 17705/1/6 17711/1/6
f 17706/3/6 17707/3/6 17714/3/6
f 17714/3/6 17707/3/6 17715/3/6
f 17711/1/6 17712/1/6 17716/1/6
f 17710/1/6 17711/1/6 17716/1/6
f 17716/1/6 17712/1/6 17717/1/6
f 17717/1/6 17712/1/6 17718/1/6
f 17714/3/6 17715/3/6 17720/3/6
f 17713/3/6 17714/3/6 17720/3/6
f 17720/3/6 17715/3/6 17721/3/6
f 17721/3/6 17715/3/6 17722/3/6
f 17718/1/6 17719/1/6 17723/1/6
f 17717/1/6 17718/1/6 17723/1/6
f 17723/1/6 17719/1/6 17724/1/6
f 17720/3/6 17721/3/6 17725/3/6
f 17724/1/6 17719/1/6 17725/1/6
f 17719/3/6 17720/3/6 17725/3/6
f 17725/3/6 17721/3/6 17726/3/6
f 17726/3/6 17721/3/6 17727/3/6
f 17727/3/6 17721/3/6 17728/3/6
f 17724/1/6 17725/1/6 17729/1/6
f 17729/1/6 17725/1/6 17730/1/6
f 17726/3/6 17727/3/6 17731/3/6
f 17731/3/6 17727/3/6 17732/3/6
f 17733/1/6 17734/1/6 17735/1/6
f 17735/1/6 17734/1/6 17736/1/6
f 17737/3/6 17738/3/6 17744/3/6
f 17738/1/6 17739/1/6 17745/1/6
f 17744/3/6 17738/3/6 17745/3/6
f 17745/1/6 17739/1/6 17746/1/6
f 17740/3/6 17741/3/6 17751/3/6
f 17751/3/6 17741/3/6 17752/3/6
f 17742/3/6 17743/3/6 17753/3/6
f 17753/3/6 17743/3/6 17754/3/6
f 17747/1/6 17748/1/6 17755/1/6
f 17755/1/6 17748/1/6 17756/1/6
f 17749/3/6 17750/3/6 17757/3/6
f 17757/3/6 17750/3/6 17758/3/6
f 17752/3/6 17753/3/6 17760/3/6
f 17760/3/6 17753/3/6 17761/3/6
f 17756/1/6 17757/1/6 17762/1/6
f 17762/1/6 17757/1/6 17763/1/6
f 17759/3/6 17760/3/6 17765/3/6
f 17765/3/6 17760/3/6 17766/3/6
f 17763/1/6 17764/1/6 17767/1/6
f 17767/1/6 17764/1/6 17768/1/6
f 17773/1/6 17774/1/6 17777/1/6
f 17777/1/6 17774/1/6 17778/1/6
f 17769/3/6 17770/3/6 17779/3/6
f 17779/3/6 17770/3/6 17780/3/6
f 17771/1/6 17772/1/6 17781/1/6
f 17781/1/6 17772/1/6 17782/1/6
f 17775/3/6 17776/3/6 17783/3/6
f 17783/3/6 17776/3/6 17784/3/6
f 17779/1/6 17780/1/6 17785/1/6
f 17785/1/6 17780/1/6 17786/1/6
f 17781/3/6 17782/3/6 17787/3/6
f 17787/3/6 17782/3/6 17788/3/6
f 17789/1/6 17790/1/6 17793/1/6
f 17793/1/6 17790/1/6 17794/1/6
f 17791/3/6 17792/3/6 17797/3/6
f 17797/3/6 17792/3/6 17798/3/6
f 17794/1/6 17795/1/6 17800/1/6
f 17800/1/6 17795/1/6 17801/1/6
f 17796/3/6 17797/3/6 17804/3/6
f 17804/3/6 17797/3/6 17805/3/6
f 17799/3/6 17800/3/6 17807/3/6
f 17807/3/6 17800/3/6 17808/3/6
f 17801/1/6 17802/1/6 17809/1/6
f 17809/1/6 17802/1/6 17810/1/6
f 17803/3/6 17804/3/6 17814/3/6
f 17814/3/6 17804/3/6 17815/3/6
f 17805/3/6 17806/3/6 17816/3/6
f 17816/3/6 17806/3/6 17817/3/6
f 17811/1/6 17812/1/6 17818/1/6
f 17812/3/6 17813/3/6 17819/3/6
f 17818/1/6 17812/1/6 17819/1/6
f 17819/3/6 17813/3/6 17820/3/6
f 17821/1/6 17822/1/6 17823/1/6
f 17823/1/6 17822/1/6 17824/1/6
f 17825/3/6 17826/3/6 17829/3/6
f 17826/1/6 17827/1/6 17830/1/6
f 17829/3/6 17826/3/6 17830/3/6
f 17830/1/6 17827/1/6 17831/1/6
f 17828/3/6 17829/3/6 17834/3/6
f 17834/3/6 17829/3/6 17835/3/6
f 17831/1/6 17832/1/6 17836/1/6
f 17836/1/6 17832/1/6 17837/1/6
f 17833/3/6 17834/3/6 17840/3/6
f 17840/3/6 17834/3/6 17841/3/6
f 17837/1/6 17838/1/6 17842/1/6
f 17842/1/6 17838/1/6 17843/1/6
f 17839/3/6 17840/3/6 17845/3/6
f 17845/3/6 17840/3/6 17846/3/6
f 17843/1/6 17844/1/6 17847/1/6
f 17847/1/6 17844/1/6 17848/1/6
f 17845/1/6 17846/1/6 17849/1/6
f 17849/1/6 17846/1/6 17850/1/6
f 17847/3/6 17848/3/6 17853/3/6
f 17853/3/6 17848/3/6 17854/3/6
f 17850/1/6 17851/1/6 17855/1/6
f 17855/1/6 17851/1/6 17856/1/6
f 17852/3/6 17853/3/6 17859/3/6
f 17859/3/6 17853/3/6 17860/3/6
f 17856/1/6 17857/1/6 17861/1/6
f 17861/1/6 17857/1/6 17862/1/6
f 17858/3/6 17859/3/6 17864/3/6
f 17864/3/6 17859/3/6 17865/3/6
f 17862/1/6 17863/1/6 17866/1/6
f 17863/3/6 17864/3/6 17867/3/6
f 17866/1/6 17863/1/6 17867/1/6
f 17867/3/6 17864/3/6 17868/3/6
f 17869/3/6 17870/3/6 17873/3/6
f 17870/1/6 17871/1/6 17874/1/6
f 17873/3/6 17870/3/6 17874/3/6
f 17874/1/6 17871/1/6 17875/1/6
f 17872/3/6 17873/3/6 17878/3/6
f 17878/3/6 17873/3/6 17879/3/6
f 17875/1/6 17876/1/6 17880/1/6
f 17880/1/6 17876/1/6 17881/1/6
f 17877/3/6 17878/3/6 17883/3/6
f 17883/3/6 17878/3/6 17884/3/6
f 17881/1/6 17882/1/6 17885/1/6
f 17885/1/6 17882/1/6 17886/1/6
f 17883/1/6 17884/1/6 17887/1/6
f 17887/1/6 17884/1/6 17888/1/6
f 17885/3/6 17886/3/6 17891/3/6
f 17891/3/6 17886/3/6 17892/3/6
f 17888/1/6 17889/1/6 17893/1/6
f 17893/1/6 17889/1/6 17894/1/6
f 17890/3/6 17891/3/6 17896/3/6
f 17896/3/6 17891/3/6 17897/3/6
f 17894/1/6 17895/1/6 17898/1/6
f 17895/3/6 17896/3/6 17899/3/6
f 17898/1/6 17895/1/6 17899/1/6
f 17899/3/6 17896/3/6 17900/3/6
f 17901/3/6 17902/3/6 17905/3/6
f 17905/3/6 17902/3/6 17906/3/6
f 17902/1/6 17903/1/6 17907/1/6
f 17906/3/6 17902/3/6 17907/3/6
f 17907/1/6 17903/1/6 17908/1/6
f 17908/1/6 17903/1/6 17909/1/6
f 17905/3/6 17906/3/6 17911/3/6
f 17904/3/6 17905/3/6 17911/3/6
f 17911/3/6 17906/3/6 17912/3/6
f 17909/1/6 17910/1/6 17913/1/6
f 17908/1/6 17909/1/6 17913/1/6
f 17913/1/6 17910/1/6 17914/1/6
f 17904/3/6 17911/3/6 17915/3/6
f 17915/3/6 17911/3/6 17916/3/6
f 17914/1/6 17910/1/6 17917/1/6
f 17917/1/6 17910/1/6 17918/1/6
f 17915/1/6 17916/1/6 17919/1/6
f 17917/3/6 17918/3/6 17922/3/6
f 17919/1/6 17920/1/6 17923/1/6
f 17915/1/6 17919/1/6 17923/1/6
f 17923/1/6 17920/1/6 17924/1/6
f 17924/1/6 17920/1/6 17925/1/6
f 17921/3/6 17922/3/6 17927/3/6
f 17922/3/6 17918/3/6 17928/3/6
f 17927/3/6 17922/3/6 17928/3/6
f 17928/3/6 17918/3/6 17929/3/6
f 17925/1/6 17926/1/6 17930/1/6
f 17924/1/6 17925/1/6 17930/1/6
f 17926/3/6 17927/3/6 17931/3/6
f 17930/1/6 17926/1/6 17931/1/6
f 17927/3/6 17928/3/6 17931/3/6
f 17931/3/6 17928/3/6 17932/3/6
f 17933/3/6 17934/3/6 17937/3/6
f 17934/1/6 17935/1/6 17938/1/6
f 17937/3/6 17934/3/6 17938/3/6
f 17938/1/6 17935/1/6 17939/1/6
f 17936/3/6 17937/3/6 17941/3/6
f 17941/3/6 17937/3/6 17942/3/6
f 17939/1/6 17940/1/6 17943/1/6
f 17943/1/6 17940/1/6 17944/1/6
f 17941/1/6 17942/1/6 17945/1/6
f 17945/1/6 17942/1/6 17946/1/6
f 17943/3/6 17944/3/6 17948/3/6
f 17948/3/6 17944/3/6 17949/3/6
f 17946/1/6 17947/1/6 17950/1/6
f 17947/3/6 17948/3/6 17951/3/6
f 17950/1/6 17947/1/6 17951/1/6
f 17951/3/6 17948/3/6 17952/3/6
f 17953/3/6 17954/3/6 17957/3/6
f 17957/3/6 17954/3/6 17958/3/6
f 17955/1/6 17956/1/6 17959/1/6
f 17959/1/6 17956/1/6 17960/1/6
f 17961/1/6 17962/1/6 17965/1/6
f 17965/1/6 17962/1/6 17966/1/6
f 17963/3/6 17964/3/6 17967/3/6
f 17967/3/6 17964/3/6 17968/3/6
f 17969/3/6 17970/3/6 17973/3/6
f 17970/1/6 17971/1/6 17974/1/6
f 17973/3/6 17970/3/6 17974/3/6
f 17974/1/6 17971/1/6 17975/1/6
f 17972/3/6 17973/3/6 17977/3/6
f 17977/3/6 17973/3/6 17978/3/6
f 17975/1/6 17976/1/6 17979/1/6
f 17979/1/6 17976/1/6 17980/1/6
f 17977/1/6 17978/1/6 17981/1/6
f 17981/1/6 17978/1/6 17982/1/6
f 17979/3/6 17980/3/6 17984/3/6
f 17984/3/6 17980/3/6 17985/3/6
f 17982/1/6 17983/1/6 17986/1/6
f 17983/3/6 17984/3/6 17987/3/6
f 17986/1/6 17983/1/6 17987/1/6
f 17987/3/6 17984/3/6 17988/3/6
f 17989/3/6 17990/3/6 17992/3/6
f 17990/1/6 17991/1/6 17993/1/6
f 17992/3/6 17990/3/6 17993/3/6
f 17993/1/6 17991/1/6 17994/1/6
f 17989/3/6 17992/3/6 17995/3/6
f 17989/3/6 17995/3/6 17996/3/6
f 17996/3/6 17995/3/6 17997/3/6
f 17994/1/6 17991/1/6 17998/1/6
f 17998/1/6 17991/1/6 17999/1/6
f 17996/1/6 17997/1/6 18000/1/6
f 17998/3/6 17999/3/6 18002/3/6
f 18000/1/6 18001/1/6 18003/1/6
f 17996/1/6 18000/1/6 18003/1/6
f 18001/3/6 18002/3/6 18004/3/6
f 18003/1/6 18001/1/6 18004/1/6
f 18002/3/6 17999/3/6 18005/3/6
f 18004/3/6 18002/3/6 18005/3/6
f 18006/3/6 18007/3/6 18010/3/6
f 18010/3/6 18007/3/6 18011/3/6
f 18008/1/6 18009/1/6 18012/1/6
f 18012/1/6 18009/1/6 18013/1/6
f 18014/1/6 18015/1/6 18018/1/6
f 18018/1/6 18015/1/6 18019/1/6
f 18016/3/6 18017/3/6 18020/3/6
f 18020/3/6 18017/3/6 18021/3/6
f 18022/3/6 18023/3/6 18025/3/6
f 18025/3/6 18023/3/6 18026/3/6
f 18024/1/6 18025/1/6 18028/1/6
f 18028/1/6 18025/1/6 18029/1/6
f 18026/1/6 18027/1/6 18030/1/6
f 18030/1/6 18027/1/6 18031/1/6
f 18029/3/6 18030/3/6 18032/3/6
f 18032/3/6 18030/3/6 18033/3/6
f 18034/2/6 18035/2/6 18036/2/6
f 18036/2/6 18035/2/6 18037/2/6
